flow_rate_L_min,channel_number,channel_width_mm,channel_height_mm,required_width_mm,max_temperature_C,pressure_drop_kPa,total_thermal_resistance_K_W,pumping_power_W,Re,flow_regime,thermal_ok,pressure_ok,feasible
4.037289373746292,17,1.625964844738918,1.7977930848140344,35.6414023605616,46.25387816153385,1.0154854339234811,0.03894339120488281,0.06833014252622355,2590.131437669024,Transitional,True,True,True
4.670442449818708,7,2.1096628002016615,3.379665646447905,17.76763960141163,46.286002576518115,0.8975681062437894,0.03949084666100549,0.0698673364167397,4538.628803032117,Turbulent,True,True,True
2.49536389472299,16,1.886461967539587,0.7233603963646136,37.68339148063339,55.789031170065996,3.166706524312105,0.0558112186961122,0.13170141876586927,2231.44842209313,Transitional,True,True,True
4.22434027396662,10,2.079160997805162,3.1533070902988083,25.291609978051618,48.61632908840109,0.4544329477685552,0.04382612070999737,0.03199465671793462,3014.645171336074,Turbulent,True,True,True
2.0953668565844077,5,2.732802803305494,3.2243422397581667,15.66401401652747,86.30128539597155,0.20179971884654738,0.11573486007552132,0.007047407375651787,2626.853110970424,Transitional,False,True,False
1.3526211158792856,16,1.6892623155648343,1.2941827216780943,34.528197049037345,108.41716873858985,0.4257616206143711,0.15619545771487084,0.00959823597289973,1058.0886013422182,Laminar,False,True,False
3.5141629760712965,7,1.5928797971808268,3.414373686202431,14.150158580265789,47.62894778771239,1.0817280178010857,0.041162930853018066,0.06335614250559281,3743.761540189791,Turbulent,True,True,True
3.651192959010121,6,2.5806495034880026,3.3166752512388067,17.983897020928016,54.571164660364516,0.4784570807033051,0.05520104942198024,0.029115652070874083,3853.1186945899876,Turbulent,True,True,True
2.2436527056357853,12,1.2208202598256102,2.888734263912414,20.149843117907324,79.91075499394358,0.4511167132844228,0.10340769497112773,0.01686915390530197,1698.8832619023658,Laminar,True,True,True
1.128886176241894,26,0.5184056743775138,3.254235321257484,25.97854753381536,52.36115607106106,0.7599171242547116,0.041974903485116614,0.014297665611010627,429.74934574020534,Laminar,True,True,True
3.4918288546641447,9,2.262913446565838,3.2325516085768875,24.366221019092542,58.36662224764166,0.2792203933379754,0.0626120879281228,0.016249830437803578,2636.269992867277,Transitional,True,True,True
2.56512098992253,17,0.8494924953191436,0.900855257375907,22.44137242042544,41.63385094320887,12.308286997521758,0.02765768447502289,0.5262040887888936,3218.98155915404,Turbulent,True,True,True
1.8677754412817549,21,0.5770445864198486,2.028510862313268,22.11793631481682,61.431209636023866,2.2425302556444913,0.06515786705568256,0.0698090489637346,1274.644108946089,Laminar,True,True,True
1.4656310276878814,11,2.633507683170415,1.3187882005286926,33.968584514874564,132.22643611243157,0.29569229283493526,0.20463432093607023,0.007222929983784202,1258.8280519923644,Laminar,False,True,False
0.7623623376007971,15,1.2034597300549914,1.5275781521833927,25.05189595082487,115.86344435730621,0.3598813324033414,0.16285085994712742,0.0045726662304983465,694.9064562567354,Laminar,False,True,False
3.478624316271028,7,2.459745522766034,2.8250973911458566,20.218218659362236,53.97327128658136,0.5391979418628613,0.05380974247420124,0.03126111786412403,3511.2463637642404,Turbulent,True,True,True
0.6022043291023722,6,2.305898376491126,2.116570305879856,16.335390258946756,246.7991206957666,0.0996072902904803,0.419702077381471,0.0009997323570513986,847.4454526813637,Laminar,False,True,False
1.225723005651208,6,1.7526119377584088,1.0330923594960895,13.015671626550454,77.79937695269726,2.619641211436174,0.09385843953628108,0.05351590832348865,2738.356390707368,Transitional,True,True,True
3.633441687849812,17,1.4525530652412062,1.555292312017568,32.693402109100504,45.630898793584436,1.577781463234337,0.03730126246590326,0.0955462823805386,2653.3690762241176,Transitional,True,True,True
3.336271669034998,16,1.4045315263834761,0.8067747176063536,29.972504422135618,40.71724376994851,9.159918128432235,0.027121177700844826,0.5093329223761425,3521.0843547862255,Turbulent,True,True,True
4.561710784447287,16,1.6394407245840277,1.208271776783306,33.731051593344446,39.54628910782412,4.107288857331998,0.02593797808955907,0.3122710645888592,3738.4839437460673,Turbulent,True,True,True
1.8768048086779363,25,0.9419319573480793,3.498149994323314,35.548298933701986,59.37922571772938,0.24405578602283065,0.06109096606390504,0.007634084546555369,631.3526529444503,Laminar,True,True,True
3.3228897831609943,7,2.12461650388705,0.7955551239896118,17.87231552720935,44.130179338426856,16.908603856973485,0.03392967834892827,0.9364237833975629,6070.066042907418,Turbulent,True,True,True
2.3711333097677434,19,0.6040354346547312,2.2289678673558164,20.476673258439895,55.50161643046623,2.54473946880709,0.054934247470478245,0.10056527531948607,1644.898811591549,Laminar,True,True,True
1.984375455497534,21,0.7585074193063791,2.556756002621992,25.928655805433962,64.47824728698998,0.841974899551655,0.07170465451723439,0.0278465720802551,1064.3155487905897,Laminar,True,True,True
1.2676683584159876,7,2.812800295941993,2.5337139889513822,22.68960207159395,192.00098004401838,0.08513904102974416,0.32265011611381217,0.0017988011396547867,1264.796851119708,Laminar,False,True,False
2.0609141204067667,20,0.5570096775742437,3.8549572463450588,20.640193551484874,52.471364546807024,1.1953122271804282,0.04796020940814577,0.04105726412151676,872.130647333942,Laminar,True,True,True
2.630702304756292,17,1.167439157729734,1.6604914906989325,27.84646568140548,59.496635483393135,1.1826375673485097,0.06352310682476911,0.05185278956858499,2043.3272467492473,Transitional,True,True,True
2.84302581112192,26,0.5540301997008261,3.3920217346802524,26.90478519222148,47.64209797737884,1.5160871740361548,0.0402225558671072,0.07183791612826132,1034.7336071668524,Laminar,True,True,True
4.53272347327895,15,0.8506227224965269,2.4391265023866726,19.759340837447905,36.93063095946249,4.666052763831197,0.02068648774603906,0.35249878150292974,3429.9601124677497,Turbulent,True,True,True
0.988590835109496,21,1.2030844595975208,2.807979221421656,35.26477365154794,79.4096216190911,0.11598014181776972,0.09426279288002577,0.0019109484209291125,438.2496976205986,Laminar,True,True,True
4.622053303119236,30,0.5935313904404494,2.4419836428701918,32.305941713213485,40.257539380162584,3.076233073964296,0.027401663039634906,0.2369752206780219,1895.2443201889569,Laminar,True,True,True
2.1691502773809743,10,2.5744743578310327,3.3288801522250564,30.244743578310327,128.60296932041115,0.0719870242895091,0.2005718323892376,0.00260251122842366,1372.0649595795883,Laminar,False,True,False
1.927125017702219,9,1.2272945953502965,2.3026999523110008,15.045651358152668,69.29710508192092,0.9103826794556757,0.08112693467127523,0.029240353954363547,2265.047126298737,Transitional,True,True,True
2.1814597799316955,12,0.7361666701537881,3.113763639721591,14.334000041845457,62.882978905088,1.4222694916965637,0.06916928637566973,0.051710394872665835,1763.1813886604884,Laminar,True,True,True
1.681072321652891,4,1.1024264375142119,0.9296527634402011,5.9097057500568475,54.69190164919036,38.95638001528091,0.050823568720459275,1.0914748699246761,7722.709037898248,Turbulent,True,True,True
4.240007024562077,29,0.883210791561235,1.127439078552087,39.61311295527582,37.750421638263575,5.806802769684238,0.02210689290511566,0.41034807556179487,2715.288779724006,Transitional,True,True,True
3.197222561843796,23,0.9910866642864331,1.5861328551503318,33.79499327858796,51.2072712816534,1.6355663360116088,0.04791364431883143,0.08715449318147511,2014.0837150177804,Transitional,True,True,True
3.5494640312578585,4,0.8045812615713278,2.2721547606722154,4.718325046285312,40.90376853370033,42.63461822264193,0.027753298655890376,2.5221673977946395,10769.522524923314,Turbulent,True,True,True
3.624180960392989,24,0.9994391291501441,3.3144358416379194,35.48653909960346,56.37572547528346,0.46134904133724924,0.058780795629250045,0.02786687352850028,1307.1185437879617,Laminar,True,True,True
1.0568921164265508,19,1.4939454845623517,1.5533204212332892,37.384964206684685,99.60532082850996,0.24381434298228288,0.1355948967837826,0.004294757616161565,681.6329905465795,Laminar,False,True,False
1.7890080209692476,29,0.5621487284656408,2.4431931481438864,30.302313125503584,52.919776097648466,1.268508300718378,0.047795779754297274,0.037822858744187476,766.4861360403468,Laminar,True,True,True
3.352888002564883,28,0.7647435093768833,0.9911885897236943,34.91281826255273,39.89840065402535,7.551955983989295,0.025504867487180026,0.42201437691026306,2546.4619690174704,Transitional,True,True,True
2.386014436923367,4,1.990106383085932,3.765581275600739,9.460425532343727,63.11114903114152,0.6680998608126525,0.07019116380210842,0.02656826522009135,3869.9001041455604,Turbulent,True,True,True
1.5468833388489516,6,1.8269239764976337,2.621055372450038,13.461543858985802,103.71688313159537,0.3408578600776436,0.14813094874981073,0.008787789077830236,2164.3497689877295,Transitional,False,True,False
2.5425359693433487,18,1.091655907493953,3.111049980852062,28.149806334891153,70.7338480044534,0.37899226204338377,0.08580784553311736,0.01606002430580172,1255.0166830481176,Laminar,True,True,True
4.1745594354075966,10,0.7631951996353123,0.7329559993431236,12.131951996353123,36.21976032309472,161.48811306728652,0.018992360858801068,11.235695435186829,10418.832611065582,Turbulent,True,False,False
3.174951486904033,13,2.5616604761408532,1.5861713587342605,39.30158618983109,65.24063078646068,0.46702610061002253,0.07594879124222281,0.02471308687591306,2198.6520132328315,Transitional,True,True,True
1.147423698370142,7,2.8024261812186255,1.0793610295734735,22.61698326853038,154.69668800721638,0.5472080034559599,0.24685191165715956,0.010464657185052982,1576.804851301836,Laminar,False,True,False
1.78124037052071,19,0.7887251591633875,0.5740180571775402,23.985778024104363,47.7786645307892,16.90716180781713,0.03747847925895854,0.5019286527168297,2568.8503016086493,Transitional,True,True,True
0.7492793412391705,8,0.9366036773396318,0.6868367641951139,10.992829418717054,98.27292897751286,6.771997991142093,0.12734023913734857,0.08456863656126556,2154.2758260311793,Transitional,False,True,False
3.1601471724993706,17,1.4840761420800705,1.612968839332173,33.229294415361196,54.497214346094445,0.9894028659725805,0.05444072513653506,0.05211097782276707,2241.273061635406,Transitional,True,True,True
0.6956377790575637,17,1.09186217776099,1.3728565154127415,26.56165702193683,108.0477096430655,0.435418376726788,0.14540882944149153,0.005048224542451208,619.9415952593029,Laminar,False,True,False
3.0705469328424773,8,1.5406560642579807,0.672389419746579,15.825248514063846,42.33711261753024,35.80653705168341,0.0299876421179354,1.83242754199595,6476.185947132861,Turbulent,True,True,True
2.181263623068072,28,0.7541797572592899,3.4171049382599588,34.61703320326012,52.459187153194854,0.4671186745899629,0.04832110964584452,0.016981816208980975,697.3714928086097,Laminar,True,True,True
2.5825971451708214,18,1.4627237402508837,2.7384714493298854,34.829027324515906,80.10709872818441,0.2347063012167406,0.10464214242536708,0.010102530391265952,1275.249608631387,Laminar,True,True,True
1.6990849287538072,5,1.6946931850593645,1.9591127900820975,10.473465925296823,66.35213829831584,1.5989391689718666,0.0742347921275096,0.04527889073323726,3472.8297926264772,Turbulent,True,True,True
1.5465647323799316,7,1.4187795252878201,1.7823735743918658,12.93145667701474,72.80264392422723,1.2671747452829882,0.08630055386964768,0.032662796180286544,2577.1963874894996,Transitional,True,True,True
1.7967002638210778,8,1.0060114828142959,2.9317934508647436,11.548091862514367,71.51513044532365,0.9803252802582441,0.08502092638696361,0.02935584482784099,2129.68485641762,Transitional,True,True,True
4.373235807466523,23,0.8302570932538598,2.6503290918967193,30.095913144838775,43.73168731513805,1.5029512719960334,0.03417281952432212,0.10954600532617352,2039.889132353238,Transitional,True,True,True
0.9279308670347057,20,0.7112330470588006,3.775789379452191,23.724660941176012,62.720956522714516,0.28483128097255356,0.05993388984345751,0.004405062291857792,386.1102070449202,Laminar,True,True,True
3.2727456501085457,8,1.9123765286811047,2.503506799118474,18.799012229448838,50.67451041004785,0.9340932231643053,0.04695198696709143,0.05095082554844752,3459.302764241746,Turbulent,True,True,True
2.596933188415523,8,1.806579438782807,3.1737318650230577,17.952635510262454,66.75558489383712,0.3588057966775017,0.07796987458609078,0.015529911359794608,2433.874589738702,Transitional,True,True,True
1.0388011482550525,17,0.7927589147502763,0.8069815416876894,21.476901550754697,93.18200241394749,3.596638810266039,0.12251113853103701,0.06226987543271746,1426.3229447354927,Laminar,False,True,False
2.2249392024983443,7,1.8824826631322498,3.7764899539346177,16.17737864192575,88.8896502634415,0.2017188105101456,0.12131154023948228,0.007480201489755966,2097.3282791388274,Transitional,False,True,False
4.939841952159449,4,2.877986650009603,0.9146750202596448,13.011946600038412,42.692279267188184,33.07496383473482,0.0324714342775347,2.723084898616327,12158.859978294426,Turbulent,True,True,True
3.147160999861493,4,0.5307567147215071,2.090112866446113,3.6230268588860284,38.66383229638256,126.50492181799997,0.022755171029063395,6.635522603935613,11209.789466979122,Turbulent,True,False,False
4.214297800383445,22,1.2383975633602247,2.1049182862949287,37.74474639392494,47.99491339391211,0.8769372456990214,0.042575171702345815,0.061594578427061716,2139.4839380200915,Transitional,True,True,True
2.4904135718055196,4,2.7961047387888858,3.2345291240103053,12.684418955155543,69.1442282628749,0.43408785730566035,0.0825101498305422,0.018017638186499905,3855.0713288626766,Turbulent,True,True,True
1.7775879703881754,25,0.7660488296784571,3.9968665566598354,31.151220741961428,53.62995525532051,0.3316045563593689,0.049164461140190276,0.009824271171838699,557.4451285354538,Laminar,True,True,True
3.9954557331149836,4,0.9955105680322447,3.6872337949580984,5.482042272128979,41.521497120577635,10.95254207052424,0.029441309132613086,0.7293399501309855,7965.073344034221,Turbulent,True,True,True
3.453210676973706,28,0.5135745853217512,0.6808027095503962,27.880088389009032,34.78777337013929,58.38101722412195,0.015408302178064062,3.3600325335153953,3855.736989294255,Turbulent,True,False,False
3.2266632994147746,4,2.503704527148538,1.3349348721958596,11.514818108594152,52.08271447368757,7.785722987840685,0.04970559782139128,0.41869844373792464,7846.938311957956,Turbulent,True,True,True
4.322339793153828,10,2.5024096341041906,3.7472840056029812,29.524096341041904,55.9222389038232,0.1858210536708963,0.0585151760626534,0.01338636224479147,2582.522258841596,Transitional,True,True,True
3.9744877959697127,5,2.245301959946593,3.4329307652938406,13.226509799732964,51.23002851099356,1.0087687293359695,0.04883937074628835,0.06682231672836142,5227.353521480858,Turbulent,True,True,True
0.680680847961799,16,0.8123091982641077,2.2658584656754526,20.496947172225724,91.00265549483535,0.3815319955447909,0.1108641646523091,0.00432835870419976,516.0777956736496,Laminar,False,True,False
3.8533465774798,9,2.0750296114409967,3.4789588491667724,22.67526650296897,51.94631263475836,0.36726450886394213,0.05015811213231235,0.023586623971011186,2878.554699239089,Transitional,True,True,True
1.198458465984909,25,0.9826037271722603,1.4476556296123009,36.56509317930651,78.48132762034187,0.5801981079923244,0.09495525254444297,0.011589055574530459,736.5703827257933,Laminar,True,True,True
0.7452514174608302,5,0.6058763789504178,3.59450998978386,5.029381894752089,122.00734935936984,1.520971932789916,0.17470527765808652,0.018891774813830396,1325.0353443657802,Laminar,False,True,False
3.6931022829527933,20,0.9328196160562581,0.8210235203846932,28.15639232112516,37.29467375555918,18.232586465856247,0.020692793255844916,1.1222467783531316,3931.465687716213,Turbulent,True,True,True
1.3258995299614353,14,1.6464016061462245,3.2442833191949276,29.549622486047145,104.55302955290772,0.08767615956620314,0.14825276812062418,0.0019374963126275425,723.0973882864497,Laminar,False,True,False
3.42154919860389,12,2.8514860242387963,1.019536464720203,39.71783229086556,49.37439408660323,1.7154677914905285,0.0445429818029016,0.09782595745342006,2750.4246120652424,Transitional,True,True,True
1.103425744427444,14,1.1951888644531434,1.5664661131629096,23.232644102344008,112.86535872969321,0.541625604169016,0.16268917525459875,0.009960727258019341,1065.686719961984,Laminar,False,True,False
2.339523992429137,20,1.044071316742405,2.559071869431529,30.3814263348481,70.89356106280944,0.4728705345971249,0.08563613865104541,0.0184381993500461,1212.2714677312094,Laminar,True,True,True
1.5151679069189494,4,1.9311448328052891,2.4802016515117233,9.224579331221157,78.9853231843521,0.7971040897597872,0.09847310266408457,0.020129108921297854,3206.368979315747,Turbulent,True,True,True
2.841238016332561,11,1.2861267293605032,3.43083826820774,19.147394022965535,63.995159697154556,0.46594948643841133,0.07292549436624803,0.022064556575990785,2044.7309711675684,Transitional,True,True,True
2.7236374093284055,25,0.789641810838171,0.7522070147553029,31.741045270954274,41.44425459276754,11.54087624288529,0.027604996275001174,0.5238860378591972,2638.4652858763716,Transitional,True,True,True
1.2784750033621721,5,1.284733424504973,3.0994239835378,8.423667122524865,100.45445419866614,0.5747277516784274,0.13965301885865883,0.012246251070990184,2177.810037708124,Transitional,False,True,False
2.245287628236424,28,0.5268191124391906,1.231701805107845,28.250935148297337,51.756010998868035,5.691959189573071,0.047102877247269165,0.21300142581291734,1702.7477314983926,Laminar,True,True,True
2.8628973633526753,21,0.9093782606457397,1.0806740375678676,29.096943473560533,43.9054371440896,5.097986961043119,0.03278436736550437,0.2432502238196111,2558.0315170898307,Transitional,True,True,True
2.2665772212886397,12,2.3883254319868614,2.0182265956290752,34.15990518384234,105.55582940480495,0.2015398639629374,0.15476271411862857,0.007613427747333419,1600.5685114692346,Laminar,False,True,False
2.6119712038568057,6,0.8766824345331005,1.1332432828080385,7.760094607198603,43.78555279765443,44.864374503471254,0.032061713533654,1.95307423803524,8087.625336642376,Turbulent,True,True,True
2.7058889408071387,5,1.9661129325369897,2.226514915477333,11.83056466268495,55.747485930630106,1.9218773476538622,0.05617680332936648,0.08667311101007238,4819.894647649409,Turbulent,True,True,True
0.8785190055059691,11,2.608970961906353,2.7315604516746066,33.698680580969885,149.38293552886716,0.037136209346756384,0.23238560685672038,0.0005437477617262315,558.4160587381499,Laminar,False,True,False
3.4211707256042345,10,2.1755081383783876,3.170160566638352,26.255081383783875,62.41930717256675,0.24462722751381116,0.07063234270013741,0.013948525157599624,2389.772746604075,Transitional,True,True,True
4.300154929792339,13,1.7064312714682348,3.190196563107827,28.18360652908705,49.08845360198302,0.4325156619756838,0.04483042930939057,0.03099807260095223,2522.4789495936916,Transitional,True,True,True
4.326234344751748,17,1.3514769889788107,2.2458593548601984,30.97510881263978,43.45784913378184,1.101486604749263,0.03358939361805781,0.07942148632917093,2641.5812354699324,Transitional,True,True,True
2.8913496845205997,17,1.4963812667538516,3.710681853930866,33.43848153481548,77.00893384269696,0.16003068647134977,0.09904082409469944,0.007711744580709203,1219.6711534854135,Laminar,True,True,True
3.3387450816413407,6,0.9437664560924187,1.6859947246336173,8.162598736554513,41.93074325681363,23.48183643965509,0.029551372065259308,1.306664432013414,7901.319030294211,Turbulent,True,True,True
1.3622135434821492,10,2.8186511462600667,2.06872564889905,32.68651146260066,154.52478616056206,0.09700116226856055,0.24848560936197273,0.00220227161626238,1040.766412508857,Laminar,False,True,False
1.8839078258935378,4,1.9961929788943416,0.5256005970255547,9.484771915577365,51.23020992222218,58.049927662529086,0.044821843679512086,1.8226785502665388,6973.872799720097,Turbulent,True,False,False
1.7510994797036623,8,2.084424432673157,3.936320816398874,20.175395461385257,138.88823899489893,0.086009234054298,0.2195585705650095,0.0025101787500365295,1357.5457588850134,Laminar,False,True,False
4.400606472178669,23,0.785260177959093,3.0634472604782568,29.060984093059137,45.04699329955163,1.3272047375140918,0.03682389791774129,0.09734176263017841,1856.3236378138788,Laminar,True,True,True
4.9306013664423105,18,1.2205706137197632,3.068137241032707,30.470271046955737,43.22919395810352,0.7854809322867271,0.033539804087114565,0.06454822263412195,2384.980432933464,Transitional,True,True,True
3.8749259207087086,21,0.8096744371605525,0.6433143610000192,27.003163180371605,35.73182007173017,46.13941174281663,0.01774992439501376,2.979780042141532,4742.045758019769,Turbulent,True,True,True
3.9980440738813035,13,1.7242493545422648,3.9493905932322417,28.415241609049442,61.304861610193285,0.21657422343874116,0.0690103698491193,0.014431221509578407,2024.073832420436,Transitional,True,True,True
2.5923805528714388,12,1.5289400054851496,3.277887526959904,23.847280065821796,83.08145870453644,0.24743554290704764,0.11061189080541306,0.010690784825356946,1678.1967114264482,Laminar,True,True,True
4.661157502489499,16,0.5924268180029355,1.8044581945735696,16.978829088046968,34.40606146909309,22.168787444418783,0.01572482683027437,1.7222034986274601,4538.480696920905,Turbulent,True,True,True
0.7191431254123307,26,0.7732057277863951,2.8635697003361944,32.60334892244627,64.88849022779718,0.19912386581371005,0.05976653620981386,0.0023866426534242834,283.9941526182306,Laminar,True,True,True
4.103922164479844,24,0.6224092745581982,1.320873026544545,26.437822589396756,35.31297846928592,14.174636450750421,0.017119464164329946,0.9695267450613094,3285.760279648522,Turbulent,True,True,True
3.2985399801886057,10,0.5112503123491479,2.3012026974072244,9.612503123491479,36.53740007894516,25.214796052064727,0.018712150772941243,1.386200214500622,4379.458086271213,Turbulent,True,True,True
3.5477932971397874,27,0.574018222821533,1.9047444514368577,28.49849201618139,42.557332359799865,4.195268000673778,0.031058517077796242,0.24806572820825779,1979.445249279027,Laminar,True,True,True
4.530356966226636,20,1.0941459084014933,3.4847339537116944,31.382918168029867,50.251228553269,0.5570891408898935,0.04732602453774076,0.04206354450399567,1847.255956604524,Laminar,True,True,True
3.1564411289741705,16,1.1870626268876676,3.6029514676015424,26.493002030202682,66.64730106519588,0.35280251011108316,0.07873555197618325,0.01856000588866581,1537.8883840917408,Laminar,True,True,True
1.344171568727711,14,0.7120289780894078,1.6967442849098113,16.46840569325171,83.12376840217671,1.9146711439494597,0.10554178037370626,0.04289410858600377,1488.3828065510454,Laminar,True,True,True
2.33573878009077,25,0.8420531950740657,2.5120517536806175,33.05132987685164,60.99203590816511,0.6563586409180036,0.06582312028422416,0.025551372187330886,1040.1393153752335,Laminar,True,True,True
2.144203084396101,6,1.004947594221954,0.5618407334996927,8.529685565331723,44.836692104997965,126.74673323564689,0.03296209201919455,4.529512272350064,8517.031147284904,Turbulent,True,False,False
2.539759624250735,5,2.086350662379493,1.7015236183261773,12.431753311897465,56.37047371761103,2.8423137134180685,0.0570749098785989,0.12031322681322308,5007.384618778178,Turbulent,True,True,True
1.5861742773199832,12,0.8886039102085561,3.560100278517826,16.163246922502672,83.47365272005649,0.4890772647835414,0.10787492693696774,0.012929362950361132,1109.4813973265386,Laminar,True,True,True
1.7746111996255134,12,1.9037234860359615,3.271910487994809,28.34468183243154,115.19998549024601,0.09693090461430859,0.17229094213020837,0.0028669111486397396,1066.9456913067138,Laminar,False,True,False
4.044154263032026,16,1.9054268343439305,0.8566295506009071,37.986829349502884,40.29847883493999,5.629549367597241,0.027038643006331305,0.37944610123196043,3417.1110080038106,Turbulent,True,True,True
3.438149569537993,8,2.8883735704695273,2.29456222505039,26.606988563756218,56.24766428078659,0.45310213671026167,0.05830982902912162,0.02596388193811885,3096.298674241529,Turbulent,True,True,True
2.4483762179049524,7,2.899436305823051,0.8605093944555557,23.296054140761356,52.31141113688001,4.107514298513438,0.04874530503986309,0.16761233871974743,3473.621036542419,Turbulent,True,True,True
0.6848559198718112,4,1.1151665287623462,0.7293565187143385,5.960666115049385,83.95434561520355,13.937858393211773,0.09689642719318696,0.1590904138487682,3466.083601361808,Turbulent,True,True,True
2.5480302908529304,11,1.2814248725714599,0.6783616890121011,19.09567359828606,43.1836259060031,21.445502963191736,0.030719605680223874,0.9107298525464803,4413.539553287903,Turbulent,True,True,True
1.0022016571215202,17,1.4612609449748202,0.7118495778928764,32.841436064571944,104.35746292605751,1.4612955527072904,0.14435616550329342,0.02440854707445924,1012.9972754356696,Laminar,False,True,False
3.6418537652446106,16,1.2551789219590963,1.879440220123341,27.58286275134554,44.37906414508727,1.6494028886548973,0.034806741347312695,0.10011473534088625,2711.4502234686615,Transitional,True,True,True
2.3747433488111653,9,0.5041517691870013,0.8922462984954413,8.537365922683012,39.48285567078434,127.6495152996958,0.02290595190566844,5.052247290615361,7055.841693650024,Turbulent,True,False,False
4.382440536833951,8,1.7704183895321877,2.2132570227752284,17.6633471162575,43.89858008204871,2.5696772181321625,0.034513516428409476,0.18769096012201814,5134.829137293075,Turbulent,True,True,True
1.9989237245478702,4,1.578317550366124,3.232033981343045,7.813270201464496,62.45163903283486,1.2420157635922426,0.0677042172715643,0.04137824626844954,3879.210200951403,Turbulent,True,True,True
4.285416677967304,18,1.3062261024193247,1.3486899855991645,32.01206984354785,39.36250895533752,3.817840274692764,0.02536703092896909,0.2726839397830607,3348.525789413143,Turbulent,True,True,True
2.659385302479793,11,2.2081458941470324,1.298885064121972,29.289604835617357,58.00517842823448,1.1388972499622738,0.0605991915761385,0.050479443459738774,2574.1442270487323,Transitional,True,True,True
1.9883108392469,10,0.6214232246173952,2.112693618338482,10.714232246173951,46.81581976896517,6.371778218055152,0.036394152756814006,0.21115126160393924,2715.508126045149,Transitional,True,True,True
3.7020111871855,29,0.8761350288936851,0.6658090700191865,39.40791583791687,36.71692788052761,17.437805476728666,0.019546678578659864,1.0759158492469016,3091.398533910911,Turbulent,True,True,True
1.1219241723733884,4,0.5231494545528086,1.1591269118397314,3.5925978182112344,54.17617348686552,73.18276503934378,0.04552583536969146,1.3684252183126986,6225.726917593347,Turbulent,True,False,False
0.6407758080574004,28,0.7765736689055082,2.670522503199037,35.244062729354226,65.4403048242988,0.1801558212837113,0.05842287445502633,0.0019239915326552453,247.90116768176748,Laminar,True,True,True
1.587375089325886,6,1.9754884569153153,3.4730236658142264,14.352930741491893,132.7611290309016,0.15660693056355124,0.20645674260010413,0.004143232339872832,1813.1523019427536,Laminar,False,True,False
4.930922901279397,6,2.5328983645502823,1.6143969123996087,17.697390187301693,44.795141339793574,4.838089104008813,0.036671889165045275,0.39760407268978953,7399.389713493546,Turbulent,True,True,True
4.096460850086709,13,2.001834797156606,1.257244933288905,32.02385236303588,42.6226857215174,2.809277421805098,0.031732491925220006,0.19180158292428515,3610.3920822111163,Turbulent,True,True,True
2.363117422051564,21,0.6952709827009097,0.6044216953489412,24.600690636719104,39.903926447553815,30.707479095937984,0.023718281009464038,1.2094229806482544,3233.0262584609322,Turbulent,True,True,True
2.0591539493323143,12,0.5475853695437165,1.0792071515362127,12.071024434524599,41.37735542842289,31.779250296672615,0.025766222492259978,1.090639479253559,3938.7580239889476,Turbulent,True,True,True
1.1467339765499036,22,0.9323598411051952,2.275524455537152,31.011916504314293,75.03319906609502,0.33137300074910087,0.08751739050699081,0.006333277981171511,606.7435956809484,Laminar,True,True,True
4.962985141679198,22,0.5100190118333487,0.5580293066414492,21.720418260333673,32.76232738538751,274.0387064460162,0.012625114875934457,22.667500472276096,7887.026327099606,Turbulent,True,False,False
4.96888061868728,19,0.8172749387962828,3.6405576991393276,24.528223837129374,40.666672294748025,1.4655747047196945,0.0284372449404766,0.12137109575866706,2190.610167248588,Transitional,True,True,True
3.4862947099715837,5,2.590612942106503,0.5635619037002741,14.953064710532516,42.20017240611094,56.62490013058268,0.03027264632057111,3.290184829631994,8254.527629994074,Turbulent,True,False,False
3.180711986085773,8,2.6847212447595035,1.3878257729663996,24.977769958076028,50.91640925794139,1.7210354401732957,0.047308556816379216,0.09123530088396009,3645.4584150552687,Turbulent,True,True,True
3.248465599559382,10,1.8838521002240287,1.886582750207371,23.338521002240288,49.3024396720091,1.2267549022267845,0.044174980681168985,0.06641785164957571,3217.1456857818484,Turbulent,True,True,True
0.5561144507354596,4,1.8005751676149846,1.9278650062619782,8.702300670459937,293.55917190976817,0.2774134313588841,0.5112417038639147,0.0025712269667797485,1392.390037367415,Laminar,False,True,False
1.3979389680477068,8,2.6474571513942844,3.6940396044967594,24.679657211154275,169.41490888898275,0.044393097841007596,0.2785358251611801,0.0010343140230716506,1028.9407007547734,Laminar,False,True,False
1.4546633338548562,13,2.333737261407075,3.5742800683378055,36.33858439829197,118.1514201569666,0.039692814990318716,0.17641026030528933,0.0009623280430650173,707.2309795768474,Laminar,False,True,False
2.2057371276678737,16,1.792548717123573,3.096007436819072,36.18077947397717,93.56414980156876,0.11394261585006951,0.13060423413980884,0.004188790970068272,1053.0210661229069,Laminar,False,True,False
0.9493811472232827,4,2.3590009127691296,0.5809903310368125,10.936003651076518,78.27644031428991,8.823103453084888,0.09139524509106337,0.13960813463932398,3014.5220988009155,Turbulent,True,True,True
4.906510851682758,9,1.4428617008892017,3.0175938679178826,16.985755308002815,40.81780734128442,2.1356456058453728,0.028702700876648207,0.17464280567381535,4563.887532052234,Turbulent,True,True,True
4.494069898196194,20,1.2978312214991652,2.6305939511438634,35.45662442998331,48.32330611943709,0.6311329954770764,0.043444531776891226,0.047272596612198736,2135.8720810849104,Transitional,True,True,True
3.1144521818662283,14,1.522849944061993,2.6062116455369795,27.819899216867903,64.3371832920939,0.4171062359504495,0.07405385145809688,0.021650957110431458,2011.8063176373653,Transitional,True,True,True
4.709216163049226,17,0.9918554518765783,1.8202209400905136,24.86154268190183,37.0889851073445,5.0663521021026225,0.021122180691007002,0.3976424534486683,3678.3791064515585,Turbulent,True,True,True
2.2734814216690338,16,0.8277717325655496,1.070050251940942,20.744347721048793,45.306327319795344,7.42175595963108,0.03428299068076434,0.2812204048397115,2795.7597662857715,Transitional,True,True,True
3.5805293302715477,5,2.887245979639519,1.352588608755126,16.436229898197595,50.34269754235247,4.486700633825982,0.046666331955089846,0.2677460535926978,6306.845828711897,Turbulent,True,True,True
0.9451602729717004,13,2.3837614075006446,3.583626181712545,36.98889829750838,122.70153449463129,0.0245175861030538,0.1801777428437247,0.0003862174728961582,454.9479966526146,Laminar,False,True,False
1.7515101059216953,16,0.964415337177718,2.327043054782793,22.930645394843488,81.85480489823189,0.6239462641111854,0.10549362898816173,0.018214136452380472,1241.904475891145,Laminar,True,True,True
2.607874885610469,9,1.1485995996363356,0.6581059094629924,14.337396396727021,42.628970278604626,43.72766473487673,0.029739894620572537,1.9006046444746598,5988.813250847685,Turbulent,True,True,True
2.6667110314682634,6,2.131298001881658,2.2342729482001644,15.287788011289948,56.89338317205009,1.0991846635899487,0.05839046609034657,0.048853464466934136,3801.6099285229066,Turbulent,True,True,True
3.9416159867325544,12,2.754104633916096,3.9459901288776393,38.54925560699315,82.57883000662324,0.07433863057689268,0.11150677837885142,0.004883572245228094,1830.610783987067,Laminar,True,True,True
4.306086310109642,12,2.0418904476932727,2.3982754080577173,30.00268537231927,46.58629180948026,0.6678875276814423,0.03983071530061895,0.047933022327367215,3017.770359060841,Turbulent,True,True,True
1.2439009551528102,6,0.9007800624556451,3.4817660522817953,7.9046803747338705,101.52305070410554,0.8212400455257911,0.14147735603810085,0.01702568795065448,1766.4117838687507,Laminar,False,True,False
3.1290253702754818,10,2.3378235687990836,1.5361150201850902,27.878235687990838,52.06710042804893,1.1233437112930953,0.04953520541409773,0.05858284953625852,3016.061893223661,Turbulent,True,True,True
4.532549370906336,23,1.1613495278782777,3.462674876237849,37.71103914120039,53.8552367282453,0.39816710883068573,0.05453557733551967,0.030078534644101988,1591.3968233033818,Laminar,True,True,True
1.3077143255573935,6,1.5339198282749247,2.0745075498044416,11.703518969649547,98.39450988220761,0.6750523195636942,0.1357848018442161,0.014712926479903174,2255.4206822606616,Transitional,False,True,False
1.6015842569756544,11,2.850047527018787,3.60796090011953,36.35052279720665,138.0055134016312,0.03294514652824155,0.21702594009731924,0.00087940713372313,841.8648860227049,Laminar,False,True,False
3.998114209974615,8,1.7941538032193225,2.217127704291552,17.85323042575458,45.35968226705107,2.107216587344115,0.037120074303748474,0.14041487635591202,4652.28127991098,Turbulent,True,True,True
2.8838554978212407,14,1.586407711744226,0.9611419151222361,28.709707964419163,45.75553203797058,4.183546639975071,0.03652108679494642,0.2010790663013948,3019.3030354545913,Turbulent,True,True,True
4.78942486207335,7,1.886041380099834,1.2270103867303872,16.20228966069884,41.475225994918446,13.5316862752502,0.02994583790146176,1.0801499112076671,8206.970618623254,Turbulent,True,True,True
1.6393307275697069,8,0.575136446902947,0.9163365875907397,8.101091575223576,45.53081303955162,55.341285018274796,0.03228342582104222,1.5120444838941822,5130.327427243285,Turbulent,True,False,False
4.6258178343313805,4,2.020323029786479,2.1275494619624555,9.581292119145916,46.51425911660893,7.574403093514157,0.039917636237606434,0.5839634819065427,10410.870260165364,Turbulent,True,True,True
2.302030603603752,12,1.8297152283651703,1.1553363061536954,27.456582740382043,61.15775371592299,1.49301142267666,0.06606434231124675,0.0572826331088608,2399.727401374715,Transitional,True,True,True
4.948717543338095,7,2.3540365818287885,2.1406575395488336,19.47825607280152,45.08126917605264,2.1962800404647633,0.0372546388226258,0.1811461594388546,5873.248567344309,Turbulent,True,True,True
3.8787736313518684,13,2.4840884596559434,1.241841138781899,38.293149975527264,46.22255753571901,1.547163485480698,0.03873508329761051,0.10001828218121633,2990.2006705543554,Transitional,True,True,True
4.970158242850301,15,1.2022409649103878,0.7172208728905434,25.033614473655817,35.90361998899232,40.18024046041574,0.018911884797593616,3.3283692220673746,6445.897157025651,Turbulent,True,True,True
2.562179186914313,25,0.8808167753939393,2.7129898456057355,34.02041938484848,59.936897262348126,0.573572637589748,0.06425733589085246,0.024493264570266637,1064.8751264379139,Laminar,True,True,True
2.2681732620660497,7,2.8046311253874876,1.6170477311282452,22.632417877712413,68.71200685563247,0.6655001956567712,0.08107953656903295,0.025157829161473556,2736.3704169110147,Transitional,True,True,True
1.2975597556217267,6,2.615018903269772,0.6408880897897331,18.190113419618633,76.46376591854715,4.191264398618206,0.0918371960329412,0.09064026681361806,2480.207539126011,Transitional,True,True,True
4.763910198496966,18,1.4158387213913408,3.0847874944032,33.98509698504414,48.189400481027924,0.47913839142006515,0.04335809469006525,0.038042871156291326,2195.84667656122,Transitional,True,True,True
4.581888471092788,19,1.5482524698195257,2.764751293501638,38.41679692657099,51.80390725859669,0.4055968942548682,0.050467106595865986,0.030973328894957027,2087.8292257575445,Transitional,True,True,True
0.9127565557655302,15,2.168724807866895,2.794312084200683,39.53087211800342,115.08055218803852,0.03975744313680476,0.16439526481578975,0.0006048144477265638,457.8256232699422,Laminar,False,True,False
3.4830937139454288,12,1.3163671066794498,1.1923344654071892,21.296405280153397,41.6265632253391,7.355853054736948,0.029121634565121304,0.4270187589276757,4320.348777588299,Turbulent,True,True,True
4.001681401448056,4,2.6515760034903253,1.3633813202915157,12.106304013961301,48.68004578590192,9.485265171355804,0.043764009832115,0.6326168204002921,9304.338050528426,Turbulent,True,True,True
3.5053212148159387,8,1.1878813140042834,0.9852907368169683,13.003050512034267,41.183257148938054,30.599475578939458,0.028261220507687645,1.7876831818183119,7528.83224267812,Turbulent,True,True,True
1.7758434496965314,7,2.186841368373195,3.6861441856483834,18.307889578612365,138.71473587667674,0.1030146805370885,0.21932606972303437,0.003048965760906156,1612.9897293173603,Laminar,False,True,False
3.245272172992282,18,1.1377673275684517,2.689173549198777,28.97981189623213,60.534944704090236,0.5855188037281503,0.06663563161755232,0.03166946467504494,1759.1819687602163,Laminar,True,True,True
1.9499705322032221,15,1.861371005103349,2.2143848963236197,34.92056507655023,103.72999411533016,0.1830004084649946,0.15008019803478467,0.005947423398131542,1191.0020807717808,Laminar,False,True,False
3.3449112505168808,25,1.1105125019147206,3.694351423394376,39.762812547868016,58.06192248706712,0.2643791197324464,0.06182167599623503,0.014738744866580156,1039.7942097218809,Laminar,True,True,True
4.657435247743279,13,2.6083072144049475,3.9237155076759644,39.90799378726432,66.41742243228748,0.09946371755731577,0.07974508136807278,0.007720763733717075,2048.045889721515,Transitional,True,True,True
2.5540348753142226,24,1.1005656903725078,2.7568671802575166,37.91357656894019,65.46963639866554,0.3350045725053361,0.07530490438878329,0.01426022269280601,1030.1515054500098,Laminar,True,True,True
1.8019406124605055,12,1.9649034352401369,1.9349383587876512,29.078841222881643,114.63946464838034,0.250512770262417,0.17129288729499345,0.007523485577930627,1437.7922397901461,Laminar,False,True,False
1.484854739575845,10,2.540140041882078,3.511994717530316,29.901400418820778,144.65725030728055,0.045208389621312565,0.2296230654645407,0.0011187981932966231,916.1345815267454,Laminar,False,True,False
1.2546478385500144,13,1.3403249213234343,3.291287924882634,23.424223977204647,101.90360708601952,0.14224486005426878,0.14233756270997572,0.002974453436865627,778.0905442550992,Laminar,False,True,False
4.27628239805446,4,0.845822675290123,3.210175654140679,4.883290701160492,39.305838487193064,25.465499106546115,0.025246517221993062,1.8149610931165785,9842.207472896684,Turbulent,True,True,True
1.0206687528924325,7,2.9965237875297897,1.1740678813081844,23.97566651270853,179.9059368378699,0.34753647549825645,0.2957129082915057,0.0059119936838572815,1305.488363000853,Laminar,False,True,False
1.1928361215993188,14,1.5570008313669836,2.668839840894515,28.29801163913777,109.40541391194446,0.12507257553903073,0.15674682912765095,0.002486518098740254,752.8761239680413,Laminar,False,True,False
4.69805352085964,11,0.6741015914784866,0.9829913107176687,12.415117506263353,35.13174924840768,114.88699649258449,0.01720044837363016,8.995754306216261,9624.148481615393,Turbulent,True,False,False
2.405729276058442,7,1.880462321398325,2.252681521780974,16.163236249788277,58.96792478328486,0.885266411012397,0.06195414017016706,0.035495188701395154,3104.9319779424645,Turbulent,True,True,True
2.824067311860384,21,0.7379977174021599,3.0474515463905143,25.497952065445357,56.32906304632603,1.0121358369093258,0.05756250625548891,0.04763899553630133,1326.545700744912,Laminar,True,True,True
4.894988351974652,12,1.6530222145939346,1.9867192368540958,25.336266575127215,40.72926826940877,2.315867416746037,0.02851871883526883,0.18893573382815798,4184.887416333539,Turbulent,True,True,True
0.7313861955061821,12,2.1806610780586118,1.7366819327396372,31.66793293670334,144.9876011803713,0.10160074959375123,0.2202997237911199,0.0012384897617658333,580.9754874079518,Laminar,False,True,False
2.7106585087611474,9,0.8597717401963957,3.5767407288063606,11.737945661767561,48.02067172619098,1.8051544515368976,0.040732532560383394,0.08155262122810922,2534.97971976188,Transitional,True,True,True
0.9324285483734658,28,0.8838138051365347,2.3684400464588613,38.24678654382297,66.25688537952465,0.22678240041763403,0.06708055237368087,0.003524306406967743,382.34638717624915,Laminar,True,True,True
0.8038331608433675,17,0.5012968604142638,2.027108308929921,16.522046627042485,75.22969544929796,1.6991467457382994,0.08255720159266874,0.02276384165605898,698.3195881331105,Laminar,True,True,True
3.985807465815034,5,0.5870958756997892,2.7829016226304937,4.935479378498946,36.818129986816515,55.47732502604915,0.020025856425739338,3.685365604537899,8832.845426929962,Turbulent,True,False,False
4.204072928372839,13,0.8671593370535107,3.512803407671876,17.273071381695637,39.55739062795078,2.172121354617908,0.025691821269008683,0.15219594306816145,2757.0228741297124,Transitional,True,True,True
4.204060744775426,8,1.847354415660467,3.367199577528931,18.278835325283737,46.16527764485636,0.8245216205743897,0.03890758538289505,0.05777231630459016,3763.0996925872164,Turbulent,True,True,True
3.8854801149509877,14,1.7604465109770346,3.1259309578188157,31.146251153678485,59.10435330807817,0.2860651018086122,0.06450507849554728,0.018525004410979876,2120.8675099876264,Transitional,True,True,True
2.5910583703579833,12,1.0479730411965809,1.2293276950225525,18.07567649435897,44.2434122457618,6.88091229826145,0.03293296527305621,0.29714742343515865,3540.4581165193254,Turbulent,True,True,True
3.881708647571282,13,0.7972758700849012,0.800938225388308,16.364586311103714,36.72699687113027,65.58439867473619,0.019746767177277726,4.242992124691434,6976.3542137188215,Turbulent,True,False,False
1.2933111425995858,8,2.5577690570172495,1.8947731821597433,23.962152456137996,167.6477281070169,0.16856647602538774,0.2741686879199984,0.003633481695206332,1355.77893257745,Laminar,False,True,False
4.956748058122171,8,0.843028144476531,2.7873893899277515,10.244225155812249,36.761632745750326,13.167246652194939,0.02062007710123749,1.0877787379013821,6372.857080078821,Turbulent,True,True,True
4.427865314483805,14,0.9807516975878325,1.272792724231269,20.230523766229656,37.264272393925665,14.912644377108343,0.021278587439616733,1.100519679743833,5240.637740971517,Turbulent,True,True,True
2.979089458206813,11,2.5713673120969647,2.9868647010993725,33.28504043306661,92.36853419781377,0.11913646610095273,0.12990660807623128,0.005915303170822694,1819.4414532892222,Laminar,False,True,False
1.6708309490434612,5,1.546640218287004,3.152686115565012,9.73320109143502,76.08976558007943,0.5994295643303962,0.09356682655109104,0.01669242446424774,2655.2829031041797,Transitional,True,True,True
4.219751680960685,13,1.4634237021427574,1.4474386652328746,25.024508127855846,40.55158053969604,4.374917364425248,0.027692919315468287,0.3076844150432921,4163.952513285958,Turbulent,True,True,True
2.8486331184616405,19,1.2868740464109525,2.47433297966528,33.4506068818081,71.16052949106765,0.3981777158454514,0.08726938232973047,0.018904370473179354,1488.4682538041886,Laminar,True,True,True
3.5449357212933696,26,0.5026686625568682,1.2429699859426004,25.569385226478573,35.76612035813015,18.115244426159126,0.017472823410225366,1.0702896177708683,2916.5173548307853,Transitional,True,True,True
4.525301739734514,5,2.115726908071398,1.10186123177958,12.57863454035699,43.147032454624664,22.507765962047923,0.03311408393926344,1.6975738744265458,10503.42606512448,Turbulent,True,True,True
4.506187828206285,6,1.6902293916966515,3.7743968034492927,12.64137635017991,44.777072286256086,1.5354022763357154,0.03636067506693056,0.11531351748373705,5131.9389000001665,Turbulent,True,True,True
0.7676901148250301,16,1.0379456865717964,2.5501996380415286,24.107130985148743,93.77958692090357,0.19659675588341802,0.11881414490642793,0.0025154231016394934,499.32100792748145,Laminar,False,True,False
1.3796892931190183,12,1.0352307233418006,0.8470493970958501,17.922768680101605,67.55377276065802,4.689542239799181,0.0746773903497354,0.10783518696467183,2280.865569560922,Transitional,True,True,True
1.1061141121550628,21,1.3009930089932695,1.7626554028138877,37.32085318885866,89.5050919406834,0.2418356510452779,0.1160003386423772,0.004458297107389819,641.9860804736978,Laminar,False,True,False
0.9492397572955559,9,0.768507390721443,0.9036425333884579,10.916566516492988,75.42135706860421,7.099501995510821,0.0856828208592458,0.11231882585230009,2355.277556254234,Transitional,True,True,True
4.189139862071109,7,1.8151513172150522,3.988370240317037,15.706059220505365,46.58142617150432,0.7526257637745121,0.039727690498427684,0.05254757647082536,3850.517621678148,Turbulent,True,True,True
0.6987879632487257,9,1.3098416723440904,3.8202592454942437,15.788575051096814,129.3377557018052,0.09623186703039378,0.1880821781285241,0.001120761172696518,565.1463077313882,Laminar,False,True,False
4.903853647551975,12,1.7341801906766146,3.8980965499100826,26.310162288119376,45.68798065834548,0.4058679729479378,0.03844145828090327,0.033171952326087856,2709.2941904607424,Transitional,True,True,True
2.2132956254771528,17,1.4938125613874824,2.546634459817278,33.394813543587205,87.35557642409873,0.2292041144825931,0.11820936734329121,0.00845494106542813,1203.2198404672513,Laminar,False,True,False
1.0762367474650412,21,0.9830208061128263,0.8614921768746736,30.64343692836935,91.4988067057833,1.6966717454578484,0.11962660238662738,0.030433674680789818,1037.5062042532124,Laminar,False,True,False
4.397650728489591,12,1.97332791531869,1.7553547703476893,29.179934983824282,43.242267793135696,1.6650441971182321,0.03321224901685976,0.12203804710707268,3670.0160078314934,Turbulent,True,True,True
2.3390121981502077,15,2.0828729553617737,3.7436928702114765,38.24309433042661,97.33365581959866,0.06594906133755321,0.13851498228102624,0.002570927648751554,999.3381506884942,Laminar,False,True,False
4.697508288456421,15,1.4787299488266585,1.6524186085921935,29.18094923239988,39.66736928338709,2.903386810350776,0.02627133292017586,0.22731139343696372,3734.7068630015356,Turbulent,True,True,True
2.9947956052089366,19,1.3017888667351902,1.710057820169214,33.733988467968615,59.78904228638365,0.8722557084121912,0.06477295750807877,0.0435371260361873,1954.1802604918114,Laminar,True,True,True
2.2036675440187894,18,0.9151565810349328,3.0308983075088514,24.97281845862879,69.01954357013493,0.5294987077686384,0.08150889457340187,0.019447318615160636,1158.4954843631847,Laminar,True,True,True
2.25093520184936,6,1.0363474314003591,2.4693534370120007,8.718084588402155,49.467566336509144,4.02128189881146,0.04254206840178707,0.15086074970990584,3995.956790340878,Turbulent,True,True,True
3.188275380832283,10,2.172369147478949,0.6840159661306938,26.22369147478949,42.74893544015945,11.995541984495627,0.030984341872657323,0.6374181864817906,4167.954425907722,Turbulent,True,True,True
0.5207845947949743,14,0.5963549983085893,2.8814658198447267,14.84896997632025,83.47341221650565,0.5236083222817332,0.08931472171794336,0.004544785799179479,399.3988291880248,Laminar,True,True,True
3.032006062243699,6,2.358649903055963,3.482508679742136,16.65189941833578,59.330093875481126,0.3726629337268731,0.06391403186592065,0.01883193790389002,3230.455141204013,Turbulent,True,True,True
2.733878670976887,4,1.6643936008931375,0.5191558809211962,8.15757440357255,44.21337444050435,166.54983314370628,0.03316302830387802,7.588783941438968,11687.997347736335,Turbulent,True,False,False
3.042850597838175,12,1.1758544704983187,1.0620590940472154,19.610253645979824,42.15300358784946,9.984805901479378,0.029576766303332874,0.5063712101102443,4230.970249144858,Turbulent,True,True,True
3.987085565215976,8,1.841219809380627,3.878955837186074,18.229758475045017,48.11536091001164,0.54029731665988,0.0426214756224137,0.03590352720299222,3253.4197689708794,Turbulent,True,True,True
2.379286816943205,20,0.7959977079466719,3.281626954461501,25.419954158933436,60.89754071017489,0.6565518847030333,0.06574689365529174,0.0260354207318857,1089.4152547286799,Laminar,True,True,True
4.269725861841685,5,1.2594915460248601,3.5601698971718463,8.2974577301243,42.64575284523498,4.734366698906661,0.03192117844196771,0.33690746556273027,6616.02827030105,Turbulent,True,True,True
0.6078665998757995,11,1.8011436094180693,2.1228650013852537,24.81257970359876,150.3394822238551,0.08983193091810918,0.22700539294577202,0.0009100971734578123,525.8592784368544,Laminar,False,True,False
3.2842165017633893,8,0.6002375246819398,2.116045190145783,8.301900197455518,37.95979221682455,28.229009363463163,0.02153790819273346,1.545169639665316,5643.528451695839,Turbulent,True,True,True
2.8501290229206746,29,0.8490591354478018,1.159660060543055,38.62271492798625,52.4005950198361,2.685496184059676,0.04975216478500034,0.1275668435855201,1826.9690483092086,Laminar,True,True,True
2.0486348512850663,9,0.7420253732624287,3.8156192850536157,10.678228359361858,64.2180385382498,1.3616521127516432,0.07141170501391704,0.04649213289181599,1864.9426548557026,Laminar,True,True,True
2.322473276731178,10,2.936042807772117,0.7825734800095869,33.86042807772117,62.28807162666391,2.1093744167670767,0.06838000159694077,0.08164942855936584,2332.1326829681752,Transitional,True,True,True
2.430617546108357,7,0.5897472150183973,2.3711026295124635,7.128230505128782,41.15161700058552,17.51879404594381,0.02638277422384403,0.7096914699121606,4379.1124987484045,Turbulent,True,True,True
4.7114334590498625,12,2.593689359469442,0.9112653378841054,36.624272313633305,40.221613016650664,5.542767876725594,0.027388874626054285,0.43523970050252875,4182.859756926446,Turbulent,True,True,True
0.7692095179278464,4,0.8893941774364484,2.372143535415547,5.057576709745794,114.24733945411386,1.6265290431281363,0.1597866766274374,0.02085236035267058,2201.6392062430596,Transitional,False,True,False
1.3521357125278421,5,1.2151182546009882,3.875306182120176,8.07559127300494,105.29861598619716,0.45651318063507373,0.1499545329574436,0.010287796246272617,1983.7191280507357,Laminar,False,True,False
2.6732227526230274,16,1.4658536430579545,1.7655966035043194,30.953658288927272,67.59932335498786,0.6717907862069672,0.07981549134004644,0.02993077357818294,1930.6412876189972,Laminar,True,True,True
2.261780787579941,16,0.7243830881279882,0.7710262984115337,19.090129410047812,41.381158445564495,23.77200299444933,0.026399908343483155,0.896117660918972,3529.834330319819,Turbulent,True,True,True
0.6582919198298889,16,0.8938083532936987,1.2203692755455264,21.80093365269918,110.63528483778649,0.8357884805011916,0.1494103994648883,0.009169880056680584,726.6762488389521,Laminar,False,True,False
4.897367284614608,9,1.0909010884588615,0.6719117531251404,13.818109796129754,36.27644529986815,140.10975712986905,0.019614500934536375,11.43614901371865,11526.510697849131,Turbulent,True,False,False
4.606019583330388,5,1.84304720923585,2.690963448446783,11.21523604617925,45.54813450892519,3.701566709105576,0.037972015385086884,0.28415814585240173,7586.773805758632,Turbulent,True,True,True
3.968479461494165,15,1.8511917304268874,1.139830696508418,34.767875956403316,42.171316266829386,3.0897993876481675,0.03071646448732556,0.20436342350031667,3302.9127802784806,Turbulent,True,True,True
1.9433035352905321,9,2.1821334867122335,2.0216591138316615,23.6392013804101,102.33745797665988,0.2954137637857236,0.1472698075106758,0.009567976858971313,1917.96530543096,Laminar,False,True,False
4.71501361339307,24,0.768280907081301,2.2417669582788258,29.938741769951225,38.262351914788816,2.9314958030913836,0.023472671620185133,0.23036737698634202,2437.1496903778816,Transitional,True,True,True
2.837973191493623,9,1.770482286945612,2.028336212685938,19.934340582510508,52.45022872592463,1.1239949092454715,0.049829805812527016,0.05316445699689927,3099.5677379844724,Turbulent,True,True,True
4.976667017733238,6,1.6948664518495775,1.9761812195009645,12.669198711097465,42.3833852037227,7.681954114848029,0.031875201941135946,0.6371754612517387,8436.86706099997,Turbulent,True,True,True
4.535399172158143,5,1.6889029330823369,0.7111578650097761,10.444514665411685,39.69148197163558,114.53507363961552,0.02621006275650479,8.657704636136401,14112.604335359923,Turbulent,True,False,False
2.064531356761565,15,2.1796354715351685,3.8620543687731876,39.694532073027524,99.98720474792691,0.049685900626262755,0.14300412378492494,0.0017096349971976422,850.659379644924,Laminar,False,True,False
2.7759304163423355,5,1.6492736611339802,1.2542329963444516,10.2463683056699,49.70840278022797,12.047573424494809,0.04423282352290867,0.5573870918695455,7140.023513480227,Turbulent,True,True,True
3.853417292514549,23,0.8278879229617748,1.1950428223595781,30.041422228120823,37.51453587462984,8.077625920894702,0.02129462714504986,0.5187743901006567,3092.581032132912,Turbulent,True,True,True
3.320712422528939,7,2.7367197171695374,1.454052740955621,22.15703802018676,50.750140592816166,2.023098668332647,0.04716676127039663,0.11196881466556624,4226.910407287786,Turbulent,True,True,True
1.3895014201458777,14,1.8234783850657186,3.589889481119273,32.02869739092006,104.58202239778981,0.061159988669397654,0.14880754338639862,0.001416364851870564,684.616427047577,Laminar,False,True,False
3.922457102284401,11,2.270393884606588,1.1131319874960128,29.974332730672465,43.41618249531585,3.6499243272769246,0.03316365095742558,0.23861119333879982,3935.318731860636,Turbulent,True,True,True
2.109571841866884,25,0.8685648837139646,1.4570039574433538,33.71412209284911,66.94410560760913,1.348012633483162,0.07706674482559064,0.04739549156794838,1354.9055079375346,Laminar,True,True,True
1.887499417787799,16,0.8181904958225981,2.425838921678902,20.59104793316157,73.50032323557724,0.9507185854711402,0.08937660522367918,0.029908012942613613,1357.894273455864,Laminar,True,True,True
3.672626884358868,8,1.7028077544078744,3.2377391834372826,17.122462035262995,47.640342155810345,0.8617585398689133,0.04136240623194804,0.05274862635580692,3469.730065359054,Turbulent,True,True,True
3.865955580286011,5,2.5376827405468854,2.0688422160971247,14.688413702734426,51.07193794251971,2.342624192578148,0.04842154304469801,0.15094135116350837,6267.543024649671,Turbulent,True,True,True
4.192506871879373,11,1.4020264035437884,1.1172445174623045,20.422290438981673,39.8780843010209,12.028078171670403,0.02632376554211574,0.840463339837174,5649.241243519619,Turbulent,True,True,True
2.603680427428573,10,1.480150056038608,1.3432449074500927,19.30150056038608,48.441554294037076,3.3783295293526603,0.04135617322987742,0.14660150788299176,3443.4988293210267,Turbulent,True,True,True
3.883013191538517,8,1.1820108253645893,0.9581161579767328,12.956086602916715,39.94251897790582,39.63343515422669,0.02617905687721066,2.5649525254974774,8468.82645207555,Turbulent,True,True,True
2.474697658108769,12,1.257411572093255,1.7924549446933902,20.58893886511906,54.33253044260337,1.4759049778841455,0.05285005824492571,0.06087364320601617,2524.898743433757,Transitional,True,True,True
2.574191259828996,28,0.7028850010597483,0.5553194440404685,33.18078002967295,39.81560802321118,23.89122792982782,0.02404096576457045,1.0250098353924195,2728.4466218282555,Transitional,True,True,True
2.6474028497731608,16,1.5184059696574308,2.4885857295197757,31.794495514518893,80.42678901798709,0.30041910302406816,0.1054179211932565,0.013255506491203578,1541.9330013126519,Laminar,True,True,True
1.5132994974749545,9,2.6195921680591363,3.9818847476730372,27.576329512532226,152.3740268475875,0.038113765227563934,0.24523878375897853,0.0009612923627625149,951.0977765612301,Laminar,False,True,False
2.05088398930228,11,1.8925044547036256,1.5370487065871976,25.81754900173988,82.52138367736465,0.6169293043691608,0.10802609869338027,0.021087507214368417,2029.9940606066014,Transitional,True,True,True
1.2640998819771838,10,0.6448633613453248,3.822527330532401,10.948633613453248,80.14844688579106,0.9958046758128176,0.09891300423803377,0.020979942886121844,1056.6018158939007,Laminar,True,True,True
2.3129582382843332,9,2.5853022300052704,2.884653154413919,27.26772007004743,113.26096595432537,0.11761297204766546,0.17030030058923964,0.004533898210445881,1754.3869771027585,Laminar,False,True,False
4.609783326658891,8,0.8501385117237266,2.8719801505906433,10.301108093789813,37.400623894466364,10.66475326641867,0.02167954501115168,0.8193700298411288,5780.75027146478,Turbulent,True,True,True
4.165132442139202,15,1.1905184086414151,3.8758161014872057,24.857776129621225,51.217715547556026,0.5057111777830406,0.04898046931041333,0.0351059005489428,2046.57465896205,Transitional,True,True,True
1.6906892240577123,10,1.5748926247501194,2.0138045763482815,20.248926247501196,103.27789716380549,0.4335190928660508,0.14804425169101548,0.012215767645531778,1759.1823763859313,Laminar,False,True,False
4.258066059863301,24,1.032687335997506,0.5150702148368753,36.28449606394014,35.1021165928958,43.649432854803614,0.016824677017923746,3.0977028095220227,4280.377954663919,Turbulent,True,True,True
3.0702531292508346,13,0.5966107745672116,1.227993257979612,13.75594006937375,37.676435505756345,33.95823336398968,0.020665839418351796,1.73767287082699,4833.326093172493,Turbulent,True,True,True
2.2785559419150245,13,1.4288580210159039,1.1609274716647364,24.57515427320675,55.32034348932491,2.2714882415549345,0.05432511967082885,0.08626188382975178,2527.1815746723605,Transitional,True,True,True
2.607041325621128,23,1.001406178303885,1.1488134548087,34.032342100989354,55.38241130460221,2.328315461397845,0.05524501236516417,0.10116691044911344,1968.4353397427315,Laminar,True,True,True
2.587226497082943,10,2.4901511190646772,3.6766171198666884,29.401511190646772,112.20083032836808,0.07849473920838654,0.16883957576311565,0.0033847278193592178,1566.6093722849578,Laminar,False,True,False
4.112242723797646,11,1.1650771815541632,1.4594703779101292,17.815848997095795,39.62935310758351,9.56548957349516,0.02575930834827499,0.6555935816361288,5318.822601967664,Turbulent,True,True,True
1.6462775755286034,11,2.859495920259278,1.9071672935497428,36.45445512285205,138.14114335164578,0.1243287404371608,0.21754112808599146,0.0034113269562569023,1172.4107886232055,Laminar,False,True,False
1.5111026354564319,7,2.616677626270609,1.8971835593022666,21.316743383894263,140.36923260553894,0.22985667402949567,0.22121537056605192,0.005788950431720349,1785.795074690806,Laminar,False,True,False
0.6580256499934996,6,2.0981258508904252,3.240168459601034,15.088755105342551,222.65161339828836,0.058670218955043464,0.37343421087608497,0.0006434418160525569,767.137045875197,Laminar,False,True,False
1.4492047481992083,8,2.7934889731653554,3.4784899201825756,25.847911785322843,172.06058607291294,0.04593783992847595,0.28419133066988445,0.0011095555957727086,1078.4973195709213,Laminar,False,True,False
4.317713393274865,5,0.6263399716251443,3.535982388189043,5.131699858125722,36.481827316588806,33.35787739665034,0.019630785564514152,2.4004959001123005,7746.972090770369,Turbulent,True,True,True
1.8761010293235532,10,2.047290952933815,3.1598840929525553,24.972909529338146,125.0470835122274,0.11240448906075834,0.1924238053590234,0.0035147029604579464,1345.3582349093472,Laminar,False,True,False
1.0773196633000408,7,2.8462786474026647,3.0493123801124318,22.923950531818654,203.67771550561434,0.04831239949050227,0.343997860453462,0.0008674649658720828,974.7721092156642,Laminar,False,True,False
3.8514691751753936,5,2.3733821542475146,1.507492066168539,13.866910771237574,48.373895532499255,5.935192804317644,0.043011457535821446,0.38098686890920347,7411.579161193822,Turbulent,True,True,True
2.773746150318931,17,1.4877545938697272,3.254119835075097,33.29182809578536,78.8968816169911,0.19268887036912088,0.10260569892097897,0.008907833539927542,1284.8476630750704,Laminar,True,True,True
4.609191876562435,19,1.1168126336986781,3.077831261956608,30.219440040274883,45.7608147376835,0.7694011372007326,0.03839952612163721,0.059105291190058605,2159.533703960864,Transitional,True,True,True
3.550873336452701,10,0.9713255846854005,3.2833129050394834,14.213255846854006,41.71784331798333,2.2809714948611255,0.029383057310084917,0.13499068103851716,3116.4230878039575,Turbulent,True,True,True
4.928833692265999,14,2.095558882315842,2.158764581733273,35.83782435242179,43.70512358274681,0.7845576439969554,0.03449061661711861,0.06444923582095044,3090.0785457390625,Turbulent,True,True,True
4.939829360884535,13,0.7345195600193123,1.9433122000402863,15.54875428025106,35.3024221796528,17.06149402272816,0.01769171267711668,1.404681151900476,5298.6984400539695,Turbulent,True,True,True
4.439925700372562,6,2.469482126597182,1.839741069730895,17.31689275958309,46.93308498004694,3.0798973186465393,0.04062504062889984,0.22790858765945518,6412.233963611218,Turbulent,True,True,True
4.909903429505712,11,2.708824591059269,1.5546212518191536,34.79707050165196,43.452732033966086,1.559135082990979,0.03397457680662234,0.12758671151733467,3909.339713967481,Turbulent,True,True,True
3.9658690109203483,9,2.015907100538838,2.8046826893765218,22.143163904849544,47.89622337328501,0.7184789134322024,0.04216389185073894,0.04748988762967492,3413.3402084442046,Turbulent,True,True,True
4.233179340885672,13,0.5611271022050373,1.2705526190330487,13.294652328665485,34.94615435600615,65.03588529070437,0.01649288424709252,4.588476100480335,6638.312228631771,Turbulent,True,False,False
3.7036301476486044,12,1.7390126955028578,0.6932348484779316,26.368152346034293,39.89258400992425,17.43226512415683,0.025899690031465656,1.076044377593843,4738.29927850478,Turbulent,True,True,True
2.283963059141654,15,0.6272018363625366,3.1239701286562287,16.40802754543805,59.18139410714578,1.7319036470854292,0.06206217255494376,0.06592673253226373,1515.7051954392803,Laminar,True,True,True
4.485673268862633,12,1.8282318870465124,3.2274448025118025,27.43878264455815,47.08749416106561,0.4611137960203738,0.040966913958871025,0.03447343047853946,2760.9020217089783,Transitional,True,True,True
1.6056488434774145,9,1.0768657631680423,0.5951374672415476,13.69179186851238,49.333834167421344,27.628845843894485,0.0397053267405038,0.7393704062644159,3984.325822896414,Turbulent,True,True,True
4.813318822889536,15,2.088900885025462,3.103981529432468,38.33351327538193,52.77727927563001,0.24973825697153776,0.052564859770583575,0.020034497551278774,2307.431294506442,Transitional,True,True,True
3.3819764544663857,12,2.720146737537174,3.341133299267428,38.14176085044609,91.30736383817441,0.08713644416125008,0.12835970887017256,0.004911556707987879,1736.2364974920424,Laminar,False,True,False
2.0730362515341523,9,1.946523242031311,0.9935955498250512,21.5187091782818,56.45914483731676,2.9380076231868237,0.05597660044698487,0.10150993850249963,2925.3875337151053,Transitional,True,True,True
4.875558115701191,8,2.8047437662480013,1.6625706669620808,25.93795012998401,44.921924628079594,2.1203113253055164,0.03689231569337442,0.1722950181651076,5094.14996627136,Turbulent,True,True,True
1.0964393642813612,5,2.568136488976841,2.5308407586003008,14.840682444884205,209.80811525942127,0.1278995485342548,0.35649158917104523,0.0023372349947795236,1605.888683457228,Laminar,False,True,False
3.984877420561996,5,2.70543767582237,2.734636347176592,15.52718837911185,52.913105949009335,1.0864495637209504,0.05221496570471162,0.07215613891751745,5470.462558939736,Turbulent,True,True,True
2.057287203071306,8,0.9242852627464017,3.28800105430942,10.894282101971214,60.46483270470891,1.261144121179391,0.06393483581327952,0.043242261028849496,2279.66457890825,Transitional,True,True,True
1.6731670160117509,16,0.8838288658426187,1.3622328462412938,21.6412618534819,74.74625216446367,1.910609038166656,0.09089182473263611,0.05327946705257309,1738.527337685009,Laminar,True,True,True
0.8498510011626895,12,2.4125610129451074,1.576829132326605,34.450732155341285,143.2293809246133,0.12076800527233568,0.21952594257136243,0.0017105801698185908,662.8861279458943,Laminar,False,True,False
3.0597521242294357,22,1.2245852846237288,2.439999550042498,37.44087626172204,66.50091106078452,0.42125077219159035,0.07829870473442978,0.021482049084108477,1417.1723849859422,Laminar,True,True,True
1.5006556755356482,16,1.602406579495092,3.100172084503288,33.138505271921474,95.34279683475742,0.09978731645159078,0.13109620307819,0.002495773379659191,744.747236351515,Laminar,False,True,False
3.8188181178397658,17,0.6796258387155858,2.304906034826902,19.553639258164957,37.92320310514741,5.281914691459473,0.022078126870523553,0.3361778586771578,2810.526785002537,Transitional,True,True,True
2.667162151427196,17,1.7337664510908528,2.1391218714301585,37.474029668544496,83.23053042479776,0.2803910631730368,0.11106567331828272,0.012464140521559261,1512.688207355336,Laminar,True,True,True
1.4761225526260473,7,0.5014203231473611,2.011809813501687,6.509942262031528,47.82543437958854,15.026084815459452,0.035902102716548014,0.36967237789619156,3133.1126762233425,Turbulent,True,True,True
3.9615916158419964,6,2.3336661069995897,0.6125218073099756,16.501996641997536,40.70632762722267,50.3610888137315,0.027780182548714106,3.325167786819214,8368.389903092746,Turbulent,True,False,False
3.319876479638667,8,1.315595905410142,2.745464640875233,14.024767243281136,45.375072473264666,2.04171395331886,0.03641553385359916,0.11297063552955602,3815.7188810521066,Turbulent,True,True,True
2.355163684088338,11,1.0766978133196445,3.6702714851999105,16.84367594651609,74.45354941183325,0.48841144240321827,0.09279696154827363,0.019171481534021043,1684.2086165969806,Laminar,True,True,True
1.682920994719022,10,1.9561118538484434,3.9773288310104506,24.061118538484436,125.20441384619417,0.07438448591048115,0.19185799645256396,0.0020863868836688334,1059.1098817191225,Laminar,False,True,False
4.956251391917395,6,2.097568025661684,3.509896902955621,15.085408153970105,45.861089561804484,1.219198495821476,0.03881869980468914,0.1007109040323131,5500.718332103637,Turbulent,True,True,True
4.698200563040773,18,1.0096515683238598,2.349896051298585,26.67372822982948,38.505608397731855,2.330310105173168,0.023948262538252087,0.18247107080306968,2901.096286095147,Transitional,True,True,True
4.247766745976805,10,1.5995226062011667,3.949673855292028,20.495226062011668,46.31116551309036,0.5378770978122077,0.03923458064430551,0.038079607491820155,2858.3437517117227,Transitional,True,True,True
4.932710135243919,12,2.7652670269129542,3.2945692068982018,38.68320432295545,53.965407054494406,0.17659250636625062,0.05501347799532151,0.014517994099348848,2532.954326219487,Transitional,True,True,True
1.711087253252626,5,1.8682071030121867,2.4627208109670424,11.341035515060934,74.05470724440845,0.7110541210182578,0.08969933873818237,0.02027792738078485,2950.5643681968536,Transitional,True,True,True
2.7747626871068016,12,2.0916756997907653,1.9291305792154607,30.600108397489183,70.47784947921718,0.41424826379664353,0.08576953529742437,0.01915734375969503,2147.4118594668967,Transitional,True,True,True
1.525405039487752,6,1.8849528145421486,0.5740460399815273,13.809716887252891,55.27948908562419,17.22976151382547,0.05112517335005007,0.43803941737269153,3860.6416969067473,Turbulent,True,True,True
1.9236265580152183,24,0.9425035278033527,2.795555013439942,34.120084667280466,64.45086558223424,0.361145564045394,0.07142087509298253,0.011578486638451763,800.6585046579243,Laminar,True,True,True
1.7376396828361378,22,0.6373374729941732,2.5360455428555024,24.521424405871812,61.00539664954593,1.1117336351640017,0.06372922977476435,0.032196541353410706,929.3909713740815,Laminar,True,True,True
0.5977555506684034,5,2.6219802828402217,1.0438899174004646,15.109901414201108,252.1954554805206,0.4654511524049514,0.4303169004400036,0.0046371001652510775,1217.7564166432392,Laminar,False,True,False
3.229548508379434,10,1.6071288030797564,0.7512899982601605,20.571288030797565,41.988217156230476,18.089971112239375,0.029520587503390792,0.9737073203693287,5113.341289747986,Turbulent,True,True,True
0.7068346220306303,6,2.278523369274356,0.5645323100631783,16.171140215646133,159.8367419440146,2.7317295189182955,0.24931458667603582,0.03218135003324215,1547.2664024249075,Laminar,False,True,False
2.476303309426706,13,2.110023503624671,2.6364143821100754,33.430305547120724,100.29861573156234,0.1512603145980731,0.14478599930871977,0.006242773627068886,1498.5684357855423,Laminar,False,True,False
1.2950014159722274,10,2.561038856708732,3.739903340578536,30.11038856708732,145.71003314505137,0.034512001182049744,0.23030782097645872,0.0007448848399798267,767.4474451707712,Laminar,False,True,False
1.4060674357372185,20,0.5446523979379521,3.737368654474309,20.39304795875904,54.84161456264043,0.901661916777635,0.049448746020098404,0.02112995765375724,613.0716776636076,Laminar,True,True,True
4.783679555364086,29,0.530129657539813,3.1705675387186183,29.373760068654576,40.22829751934519,2.9607002972691054,0.027448372341234952,0.2360506913601098,1664.4257567104091,Laminar,True,True,True
4.865907076564295,9,2.9267754029905326,2.4261322699417374,30.340978626914794,47.43857695475617,0.6021226988413629,0.041919766275640695,0.04883121835420301,3771.5115825807934,Turbulent,True,True,True
3.266315348847301,16,1.929604941302773,1.037529226801401,38.37367906084437,48.66503014685258,2.018806702860735,0.042924370126380014,0.10990098866516386,2569.1226694230577,Transitional,True,True,True
3.8289651195476764,15,0.6875432683788558,3.054232684653272,17.313149025682836,39.424327932222525,3.439921845966235,0.025090362705195865,0.21952234603624612,2547.394861176955,Transitional,True,True,True
1.2866332380485228,14,1.659805715275125,3.7989894011001826,29.737280013851752,100.16351644620795,0.06443912481079554,0.13914251426640395,0.0013818253302054465,628.6571124700976,Laminar,False,True,False
3.803658555924131,9,1.0381093704478745,3.508463966966143,13.34298433403087,41.11039248755094,2.3311832929696403,0.02843748707803196,0.14778375462885604,3471.0327497292747,Turbulent,True,True,True
2.2019023535435647,9,1.1042489949528274,2.6653121417771115,13.938240954575447,58.90870577368503,1.1391962765252575,0.06128198394648618,0.04180664937381716,2423.5314050438856,Transitional,True,True,True
4.9429067898071475,18,0.7210057267516861,2.8596831735568564,21.47810308153035,35.932547397601695,4.1746753964602386,0.01895377681415742,0.34391718937340265,2863.6980430495637,Transitional,True,True,True
2.0288117648706367,8,0.6781111934164779,2.1635696625926144,8.924889547331823,45.45901292795365,8.026494617725168,0.03382502015425842,0.2714041118518611,3332.42484022162,Turbulent,True,True,True
3.8919680583978007,7,1.3376171937628367,3.4599479022644024,12.363320356339857,43.645657946012996,2.0125688708195253,0.03359386175060536,0.13054756267592205,4327.471815888582,Turbulent,True,True,True
2.8403236051766965,11,2.60682992201618,2.062363222502983,33.67512914217798,79.46879861670627,0.2544389402201605,0.10387114164026381,0.01204481546639107,2064.9863998517717,Transitional,True,True,True
4.788388227020466,10,0.7897471632981236,3.5978254587938023,12.397471632981237,36.250728422379034,5.969642655870751,0.019496192289433143,0.47641611021484487,4075.2000544693165,Turbulent,True,True,True
2.70169335873859,21,0.8540974199322624,1.0344154684449725,27.93604581857751,44.178567700493886,5.9189696358367465,0.03303070804413979,0.26652068259525846,2543.7867705214107,Transitional,True,True,True
3.593902707994423,7,1.216484412284533,0.9892565666445383,11.515390885991732,41.37166325578245,37.84506753555326,0.028739218836699564,2.266858178337612,8691.558571579164,Turbulent,True,True,True
2.4848484332777794,5,1.5358844299859031,2.326567521410996,9.679422149929515,53.96090788871133,2.7471923130882634,0.05213056781916497,0.11377260858483551,4804.52775111891,Turbulent,True,True,True
1.758363480961386,15,2.035965266337964,1.8080130100882297,37.53947899506946,109.46980594893876,0.2057141023402939,0.16075565359141186,0.0060286694178987655,1138.728967687531,Laminar,False,True,False
3.431007494330209,4,0.7716674270106711,0.5482207435291762,4.586669708042685,38.74082205000448,1125.6169521041732,0.02328743192193005,64.36666997357577,24266.572302345623,Turbulent,True,False,False
1.6173241154838174,13,1.485179935421168,3.3360589434571324,25.307339160475184,101.88214076188834,0.1403696200838691,0.14486663801618885,0.003783719527382385,963.5604300691933,Laminar,False,True,False
2.200269398867708,16,1.8261029490076972,2.5773045735476727,36.71764718412315,96.10879574906551,0.15164748502908684,0.1356773135561639,0.005561088678745811,1166.1405384485695,Laminar,False,True,False
0.5982412624061522,21,1.3620781484970945,1.9744804468913912,38.603641118438986,94.58374368539496,0.09631077783481831,0.1151130225250836,0.0009602846885870027,318.8175428361308,Laminar,False,True,False
1.1603445494344362,5,1.3407145760684043,3.956766067147616,8.703572880342021,144.49452780779046,0.2700629922199267,0.226587244944075,0.0052227686837724415,1635.8048092355011,Laminar,False,True,False
0.5730370535411216,6,2.6066365542954903,1.6336544195175096,18.13981932577294,250.29963805482382,0.1311832641759554,0.42548681029810287,0.0012528811862882675,841.0458887819557,Laminar,False,True,False
1.0891459046592458,9,2.863541431099871,1.43033294646273,29.77187287989884,165.15090153193478,0.19196644401833632,0.2670892726267267,0.003484657772242823,1052.3934001341497,Laminar,False,True,False
2.768287579540479,5,0.7267544152249215,1.9827929219271176,5.6337720761246075,42.34480684087202,32.5304858354101,0.02949131942859115,1.500895664909721,7630.067043944895,Turbulent,True,True,True
1.7576931810658531,15,1.4747236721815224,2.357531518710819,29.120855082722837,98.87385910004589,0.24260289633128126,0.13956063892435974,0.007107024276471987,1141.7769850591528,Laminar,False,True,False
4.894371798868155,27,0.9662082368896597,1.55490222852065,39.08762239602081,37.69590896610133,3.2471081045324923,0.022451629894357308,0.26487590557833435,2684.8820713012337,Transitional,True,True,True
0.6398132003142798,14,1.0004585764621488,2.8801222739276198,20.50642007047008,98.32624688395649,0.16983324920742443,0.12416097060344693,0.0018110259115862479,439.7565542694869,Laminar,False,True,False
1.3159465644463357,14,2.1870318810146743,1.422163998662612,37.118446334205444,121.13494412268778,0.2402705630143633,0.18133451001301226,0.005269720365605637,972.4866831270828,Laminar,False,True,False
2.0984802535453992,14,2.2918793754090236,2.132782420984201,38.58631125572633,109.93484547301703,0.14958743318534828,0.16301216946519712,0.005231771245299919,1264.9712865562626,Laminar,False,True,False
1.46223869575099,5,1.3566257400841015,0.6364278213806214,8.783128700420509,55.76726429969882,33.70885603029445,0.05169319868683572,0.8215065612832607,5479.1500635926395,Turbulent,True,True,True
2.7257010078850383,28,0.8098451361021946,1.3346325530050989,36.17566381086145,55.06936654899489,2.21988415213957,0.05485922027755548,0.1008456745145808,1695.050135507388,Laminar,True,True,True
3.86199892709335,13,2.517360560885089,3.779175508458338,38.725687291506155,81.4801918182798,0.08693455096163255,0.10923423723220772,0.005595685709019451,1761.7772512095605,Laminar,True,True,True
3.229394451835751,7,2.2758979800570733,2.997553134675961,18.931285860399512,55.49326083491525,0.4898356824404701,0.056530462296959655,0.026364543919740552,3266.7208716755686,Turbulent,True,True,True
4.967635807717002,17,0.9071413781067562,2.3170853222001253,23.421403427814855,36.46017013113837,4.1130144338651515,0.02002351489648705,0.34053262965542336,3384.2244154700984,Turbulent,True,True,True
2.899624144242687,13,0.9447812207403612,2.6458829664794883,18.282155869624695,50.0321212155512,1.4573130692833896,0.045101401490364484,0.07042766935690886,2319.5698859369495,Transitional,True,True,True
0.5635613006457079,5,1.161435694553154,0.6384607293656713,7.80717847276577,117.96081307395929,7.157559467410397,0.16038691785742415,0.06722872538171339,2338.33936709747,Transitional,False,True,False
0.647644997739779,13,0.9823543412337052,1.825173246020815,18.770606436038168,118.243299422374,0.40187535411925646,0.16426705964345586,0.004337876046837312,662.6031981214179,Laminar,False,True,False
2.2332548181018614,11,1.3475193515071977,1.647733592357464,19.822712866579174,57.88633930646827,1.47049495021525,0.05932900129534733,0.054733165542711064,2531.0223940062197,Transitional,True,True,True
0.9037907498356306,20,1.0052857503911665,3.1482729959581537,29.60571500782333,75.07861986828641,0.14520973507264828,0.08423499952951505,0.0021873202557457006,406.25754150007833,Laminar,True,True,True
4.958643944980049,4,2.8213154376433227,2.2647677443821905,12.78526175057329,49.095599142532485,3.3599024272873637,0.04528911989922562,0.27767599711320423,9101.298782035105,Turbulent,True,True,True
4.299225609121001,12,2.738761442992211,2.0202223687885352,38.36513731590654,50.29844822458551,0.486208875575193,0.0472496951798843,0.0348386941542466,2811.11530365404,Transitional,True,True,True
0.9197190739594726,11,0.5854485273206504,3.19565432305464,11.439933800527154,82.87264079147047,1.0767411322515736,0.10009879362456044,0.016504989284141524,825.7107035510895,Laminar,True,True,True
2.5169723940702475,11,1.163033640281415,1.8745725423561355,17.793370043095564,49.958127637687824,2.0694054624152565,0.044198920651562466,0.08681060701728958,2812.7957421217257,Transitional,True,True,True
2.412961843965379,5,1.1758524263190977,3.628100950506952,7.879262131595489,51.133803519072266,1.9866180486916023,0.04630382710859906,0.07989389250042986,3751.159780050079,Turbulent,True,True,True
2.3798447886327785,16,1.7566983119901673,1.0313060657759094,35.607172991842674,67.41842566529033,1.326767709555003,0.07879008160654877,0.05262502032184536,1992.1365179031761,Laminar,True,True,True
2.0836847436033477,10,1.9144755484352265,1.946928855364505,23.644755484352267,87.12417934940565,0.4129978679799248,0.1173421443782542,0.014342622610841313,2014.9794500514224,Transitional,False,True,False
4.854168616988625,10,2.5953413870757602,0.9973637404807494,30.4534138707576,40.793867049151146,6.339082854998477,0.02862319484323061,0.512849617587071,5045.185992515089,Turbulent,True,True,True
1.685521914606076,8,2.8239974300179282,0.9031511865999124,26.091979440143426,87.32302029867067,1.2635196189527327,0.11610840409964979,0.035494833454659154,2110.8219575122243,Transitional,False,True,False
3.0373808156209128,14,0.6471213433310794,2.592496116221713,15.559698806635112,42.01099724902198,4.194667913629724,0.029284237104637234,0.21234673081265873,2500.6987439129384,Transitional,True,True,True
4.171555469583923,23,0.6688182860451335,2.2928503988731945,26.382820579038068,39.53763106818026,3.4345830498658487,0.025625620025468223,0.23879256179013525,2286.744327089519,Transitional,True,True,True
1.66350730166933,5,0.7966934176971123,3.7796800073467742,5.983467088485561,56.887166394944686,2.4745505157586196,0.05512371045636609,0.06860721418856783,2714.6706597226926,Transitional,True,True,True
4.526278617716293,21,0.9649360496892729,1.631430595277866,30.26365704347473,37.483614838869464,4.260819939751544,0.02178793502285965,0.32142763645394395,3099.8441873177508,Turbulent,True,True,True
3.1443573859386937,13,1.6066400379006456,1.0470196268634127,26.886320492708393,44.12998855762312,4.524721921346501,0.03368340656377129,0.23712237987840976,3403.511506602953,Turbulent,True,True,True
4.426392871168241,10,2.8058940963650083,0.8071578397004271,32.55894096365009,40.68685729411579,8.098398788760226,0.02812267613894866,0.5974449111074298,4574.668727417055,Turbulent,True,True,True
1.916228513594135,12,1.631125587086895,1.956565880235518,25.07350704504274,98.0074128248016,0.3933437734372613,0.13850508799894654,0.012562275905086523,1662.0147027741161,Laminar,False,True,False
3.673725842649432,20,0.5968783288210737,2.788056654019222,21.437566576421474,42.61428918018511,3.1577010601851616,0.03131147239434046,0.19334213313606227,2026.3306488894862,Transitional,True,True,True
2.0255713590796716,5,2.1386484818000033,0.8290742075909063,12.693242409000018,54.69239813220426,11.319303604451703,0.0522804435338594,0.3821342864317444,5097.275687417214,Turbulent,True,True,True
2.236645811584467,5,0.9923988565500657,1.4166373109765742,6.961994282750329,48.58071295003268,20.82366561632797,0.04072751788420232,0.7762527413765905,6933.743765204268,Turbulent,True,True,True
3.3212855319452093,12,1.3634584829237302,2.368669714528305,21.861501795084763,47.65754275679649,1.139127355895407,0.04098231337539875,0.06305612010297361,2769.1871733145845,Transitional,True,True,True
3.9733724337976657,14,1.4471698908698931,2.556318223945442,26.760378472178502,46.191306338052314,0.8426501297685325,0.03876091004048087,0.05580271328263854,2647.138059233586,Transitional,True,True,True
4.847911814156793,12,2.774493941293861,3.2778541848974942,38.79392729552633,55.06538636862706,0.17040722739962086,0.0571624073941022,0.013768653515472086,2492.4902134445056,Transitional,True,True,True
0.7642340674256737,18,1.5727471786731422,2.9441144275400584,36.80944921611656,95.0326354022786,0.0515352654404126,0.1212354724101022,0.0006564167587231379,350.99505747768376,Laminar,False,True,False
4.940203606016899,25,0.7319636353168486,2.4670321114950373,30.299090882921217,38.31753249069414,2.7007522088162514,0.02372215398349478,0.22237109668253588,2306.614798250546,Transitional,True,True,True
0.6639358805729749,6,1.0406732744938787,3.511210617736242,8.744039646963273,159.44390024876333,0.27731246697310136,0.24721345838578404,0.003068628282560835,907.7528275778316,Laminar,False,True,False
3.417789583415125,19,1.5505561975810953,1.1583647984247296,38.46056775404081,47.32038743136485,1.9599306804845313,0.0404303420480154,0.11164384439959582,2479.586587565307,Transitional,True,True,True
2.025606316639219,23,1.010898863029097,0.8275403086843046,34.25067384966923,63.574305201495044,3.2532198025937125,0.07004438027811788,0.10982904302582697,1788.8002157766011,Laminar,True,True,True
1.8154019454349624,9,2.2704612168977936,2.6368270147483868,24.43415095208014,131.5949252454906,0.13798407788386494,0.2052630255517516,0.00417494272382363,1534.8736020434642,Laminar,False,True,False
3.778168401058691,20,0.5121433444431975,3.053232807513427,19.74286688886395,40.98395488340545,4.264169304572213,0.028159087107723652,0.2685124953883191,1978.471768198538,Laminar,True,True,True
4.769931907171064,5,2.391257619318276,2.1507406671853255,13.956288096591381,46.961946439719505,3.536772523550918,0.04090700003990697,0.28116940180819083,7842.943852444735,Turbulent,True,True,True
2.4401793071350175,15,1.9954197001019367,3.643420281753831,36.93129550152905,95.46990822637031,0.07961642248777402,0.13504255579909819,0.003237972444379754,1077.2701034994222,Laminar,False,True,False
2.0845421326649016,6,1.2186825463710576,1.110879960693759,9.812095278226344,50.615989858567076,14.365899192773126,0.04432860597845948,0.4991053690158714,5568.894058999439,Turbulent,True,True,True
0.8014010590939546,17,1.5081839573258602,0.7809706214141299,33.639127274539625,109.770591383784,0.8916677382600919,0.15158466367827556,0.01190972449669248,768.970656240118,Laminar,False,True,False
1.6822831838667507,14,1.022399018711535,1.1934120949423175,20.81358626196149,70.25171596313695,2.2445516816966413,0.08194935877509177,0.0629328591573016,2024.9869497784182,Transitional,True,True,True
2.19530875193846,12,0.8464513786061572,1.9993742604451297,15.657416543273886,52.62621366127007,2.522948202652008,0.0486973705893617,0.0923108378328227,2400.4351186387917,Transitional,True,True,True
3.0548551959218875,21,0.9257977202795724,0.7419835686314007,29.44175212587102,39.17964888462084,15.08468602179643,0.023648641291968923,0.7680255245422516,3256.9878169257054,Turbulent,True,True,True
3.7754640139933486,5,1.2201499218053518,3.033108515671432,8.100749609026758,43.8725808276601,5.807460400444486,0.03393361071417404,0.36543096257615937,6629.220360066877,Turbulent,True,True,True
0.6069042790573393,27,0.6407220324549779,3.4877056060135687,30.299494876284406,59.34802861282086,0.2029156228485846,0.04498494838628521,0.002052505996573187,203.30855585914537,Laminar,True,True,True
1.5561657007335308,16,1.565610507950142,3.2843393418001074,32.54976812720227,92.79001593026852,0.09925043681185189,0.1263327046581597,0.0025741687591570753,748.8287417844782,Laminar,False,True,False
1.175583005371657,19,0.629374364009712,2.1717706935053975,20.95811291618453,71.68168337666616,1.1213937543106172,0.08112231414365266,0.021971523998291345,824.7987531493695,Laminar,True,True,True
2.5800256856465067,15,1.3172458796924733,1.5691821432990953,26.7586881953871,58.27866425736931,1.2254069268937207,0.060979719928956726,0.05269302244591584,2225.1327984741465,Transitional,True,True,True
1.6288380124480497,27,0.8748536948351516,3.5523650570125085,36.6210497605491,56.50378774253959,0.23249620026627038,0.05417282745867976,0.006311644145723926,508.82336700828523,Laminar,True,True,True
3.209537263250423,13,0.8344660639846386,2.9285076697315047,16.8480588318003,44.827607846270595,2.0290985439405325,0.035171586983639376,0.10854112312640525,2449.919305911746,Transitional,True,True,True
4.31449910599088,6,0.8765014858431598,0.5301603999681321,7.759008915058959,36.47956420853243,675.4823077188186,0.019623776372184827,48.572796879424985,19088.566255182093,Turbulent,True,False,False
0.712626524854183,10,2.405628370758779,3.9551521621459282,28.556283707587788,147.9316228732392,0.019764486770615694,0.225669816349861,0.00023474495871450557,418.3458536779265,Laminar,False,True,False
0.7019614511432447,13,0.6796554146024001,2.572464887162834,14.835520389831201,91.18240534549665,0.6303838068091808,0.11186457753379787,0.007375085530082922,619.9935982277425,Laminar,False,True,False
3.1783520845644166,9,1.1440435570962393,1.1632194701552554,14.296392013866154,42.340153786223794,15.378789344775107,0.03015268664407838,0.8146534528673834,5715.395461238121,Turbulent,True,True,True
0.9827917588567712,14,1.8190909015112053,0.7358100679655218,31.967272621156873,115.78185231364407,1.1290818680853805,0.16692136225301007,0.018494205917148666,1025.9903977578329,Laminar,False,True,False
4.691578681890002,10,0.809609204858427,1.1929326124591748,12.59609204858427,36.27922028411768,55.412065759741274,0.019491163135300433,4.332834440631485,8748.25245530692,Turbulent,True,False,False
0.8087938569898651,6,2.2296176532141323,2.7106998975996124,15.877705919284793,226.65932525289898,0.08804727794191947,0.38552626337101276,0.0011868682920683953,1018.8626112685017,Laminar,False,True,False
3.9080724473296335,5,2.2958764079328877,2.5516170334484016,13.479382039664438,50.787548286959606,1.8314997992656672,0.04789287890530035,0.11929389837999849,6020.87025315527,Turbulent,True,True,True
3.143848012379934,9,1.5928201054995017,3.1464228341007603,18.335380949495516,52.80239281821292,0.6154357800539446,0.05102747357835786,0.032247275897834805,2752.288515157585,Transitional,True,True,True
4.989503265523862,21,0.9009733101693402,1.2084184782631682,28.920439513556143,35.36195424394249,12.484282984226715,0.01783977901647379,1.038172845292053,4205.955392936643,Turbulent,True,True,True
2.9274699139897526,13,1.928924461266797,0.6717591670349556,31.076017996468362,43.58193650295887,8.393749287973474,0.032248238058815035,0.40954080843525426,3233.295973124699,Turbulent,True,True,True
2.3192440534870205,16,1.9574456551639021,2.5481697295673693,38.819130482622434,96.7136249667712,0.14076968880115767,0.13722248101577217,0.005441321061055057,1201.3132023859514,Laminar,False,True,False
0.9553701503899956,6,1.818499451645328,3.5554552539059747,13.410996709871966,191.60633294827724,0.10069350217958782,0.3181500502078338,0.0016033261053434696,1106.3952764336177,Laminar,False,True,False
3.5557320032959687,11,0.7260201961797439,2.572962326555415,12.986222157977183,38.25290356382145,7.309999837577359,0.022458715445125572,0.43320667277603586,3658.8130349745647,Turbulent,True,True,True
1.4978209443669452,4,2.568602131271868,2.5770969540649067,11.774408525087471,98.689547804539,0.331894785541914,0.1377715564236236,0.00828531601851424,2717.311452472006,Transitional,False,True,False
4.388487592169055,4,1.7993841492396077,1.7888133518692984,8.69753659695843,45.512954184528695,13.723594794993673,0.037746789284505707,1.0037637579630925,11417.274454878492,Turbulent,True,True,True
0.7267088222984945,23,0.8575185033159628,1.1755881633877974,30.722925576267144,88.08002670607677,0.7521967266463524,0.10635793601073723,0.009110466622632556,580.3050221085135,Laminar,False,True,False
2.743700172764569,9,2.2075373911224947,3.8267369443094714,23.86783652010245,92.24876474207906,0.12115153584066995,0.1292526512140591,0.005540058163612318,1886.4833980521857,Laminar,False,True,False
4.231177206555876,4,1.1929953505263495,0.6866377972666923,6.271981402105398,39.372428465287186,348.0866029198441,0.02534382390517827,24.546935003031837,21014.15952383411,Turbulent,True,False,False
1.5201439336161982,10,1.8715351483055187,1.2529592632739603,23.215351483055187,105.31574680090962,0.7418828356156609,0.15116503907894574,0.018796144866918833,1816.723589708326,Laminar,False,True,False
1.234430081230042,14,1.4202331774915387,2.6915575004416423,26.38326448488154,105.624458496243,0.15741431157402483,0.14959141314952992,0.0032386160237182432,800.7396981199687,Laminar,False,True,False
4.604924031839043,19,0.8774828285876691,3.6970178093457235,25.672173743165715,44.891524162570576,1.0085499000686409,0.036658051405256506,0.07740492786891583,1978.37708681321,Laminar,True,True,True
2.466451797401533,18,1.124565219524305,2.3464070607401397,28.74217395143749,72.6417363203858,0.5437060389285533,0.08944902923873133,0.02235041228288997,1474.1201369653293,Laminar,True,True,True
3.3968320944092287,11,2.8750044264355195,1.4982737992285358,36.62504869079071,55.5176582364235,0.68939050453491,0.05679890648382089,0.03902906318975256,2636.6846094114453,Transitional,True,True,True
0.639476548165105,4,2.0441736513840976,2.8740871294059787,9.67669460553639,296.2477436085541,0.11326118328681249,0.5199921234001065,0.0012071311754891024,1213.771609634152,Laminar,False,True,False
3.86029271677121,10,2.009861662446567,1.8862283794747055,24.59861662446567,46.067213316210925,1.471347507642082,0.038406633309060606,0.09466386779317003,3699.773600167841,Turbulent,True,True,True
0.6856386462795314,17,0.7498796394362826,2.7924857347051244,20.747953870416804,79.65595328631234,0.3254239298280285,0.08832363017676223,0.003718720378570911,425.14483791089503,Laminar,True,True,True
4.979998848135994,14,1.893958742065957,3.1285306350889526,33.0154223889234,46.33116135964036,0.40402042192505677,0.039772688834890164,0.03353368726350335,2644.637042867243,Transitional,True,True,True
4.220486726062454,4,1.8630122530566002,2.669705930644368,8.9520490122264,47.82363669762509,4.652469937076262,0.042237625563180003,0.3272614602139164,8692.160284334079,Turbulent,True,True,True
3.6352622537354904,25,0.8057238430070466,3.741637686962022,32.14309607517616,50.996753114367394,0.6512950214497356,0.048034954572382445,0.03946047012536784,1194.0435085888757,Laminar,True,True,True
1.3758269522221502,13,1.6131417638401018,1.6702572935108728,26.97084292992132,118.58521956714117,0.34631216568108286,0.17671100352535102,0.007941093523774277,1203.5958688589826,Laminar,False,True,False
1.246968101691623,4,1.6277254020097658,1.9082980911026435,8.010901608039063,79.4259330708586,1.589561496553026,0.09731157622068558,0.033035541364647036,3292.0324534194515,Turbulent,True,True,True
0.6421159881184932,6,2.0354970088589983,1.3139329185507225,14.71298205315399,231.95321084074055,0.372446882644503,0.3914955587189095,0.003985901634515459,1193.0955715013283,Laminar,False,True,False
3.4972353467111685,7,1.3780573186532459,3.603259453447375,12.646401230572721,45.81503337120022,1.4003726856410001,0.037515281207783045,0.08162388091320921,3745.127054262947,Turbulent,True,True,True
2.7241689956533817,17,0.9937051296581954,3.5131015898234788,24.89298720418932,66.24024116985296,0.4571247037779815,0.07719800043834052,0.020754749086320225,1327.7004065298881,Laminar,True,True,True
1.5859145208988794,19,0.7060699736428171,2.237977140015156,22.415329499213527,70.44548785326937,1.0840838098669638,0.08181711124148329,0.02865440426565663,1058.6814800419309,Laminar,True,True,True
2.589807318427364,21,1.0231933689298773,3.3802755701758405,31.487060747527423,64.22974393974903,0.3416333647709292,0.07290294577174845,0.01474607647171196,1045.772262634879,Laminar,True,True,True
4.383168687296728,23,1.2276258811266252,3.585660274350021,39.23539526591238,56.5374982007247,0.3133791060627808,0.0597918981585034,0.022893224749123683,1478.4361190589204,Laminar,True,True,True
3.850608917831151,5,2.81737249933128,1.8804907535040813,16.0868624966564,51.588387860759454,2.319953958383015,0.04943960746504868,0.14888725668512193,6121.289702990357,Turbulent,True,True,True
3.044596623243069,16,0.7648558924774038,1.2902131792319318,19.73769427963846,39.39252494043589,10.74045751110757,0.02405852114930165,0.5450060111733961,3457.5403125540793,Turbulent,True,True,True
2.512740591087211,19,1.4966120521335378,2.151582493503213,37.43562899053722,80.61613143932954,0.3155575265317818,0.10550529947191387,0.013215236762324797,1353.6299714460085,Laminar,True,True,True
3.1189960794038636,10,1.6803611275516155,3.3624235848532824,21.303611275516154,61.379737170398165,0.3463258546591496,0.06814569059453711,0.018003149714634667,2309.5549424856217,Transitional,True,True,True
3.85541596057036,17,1.353446235452982,3.3020199113036215,31.008586002700692,59.44644174812707,0.3551882399039472,0.06516037484790821,0.0228233068188762,1819.0433274205889,Laminar,True,True,True
4.34142801052025,11,1.9567061543268969,1.4985919775972483,26.523767697595865,42.65799656823492,2.8802753125944767,0.03200132953248316,0.2084084653351272,4265.189097225895,Turbulent,True,True,True
3.8262754486702515,8,1.0969633233967082,2.8499123346056114,12.275706587173666,41.3711860222269,3.936740229421627,0.028981437002309658,0.2510508747938077,4524.980337928471,Turbulent,True,True,True
1.2463971337550428,25,0.5803734877514031,1.8765565929475776,26.50933719378508,63.637889677614815,1.3740787837284831,0.0657302028884051,0.028544130959879944,757.717874577294,Laminar,True,True,True
4.516179517443469,25,1.0748700445465809,1.096370282055187,38.87175111366452,37.22672621373822,5.96838746489857,0.021267048220066646,0.4492384870190212,3106.756305358095,Turbulent,True,True,True
3.392616939501117,25,1.1181414332669257,1.3738463262683926,39.95353583167314,50.60335873587146,1.6119956674576734,0.04696504395763382,0.09114806346365521,2033.446776789964,Transitional,True,True,True
2.7643033702619952,18,0.530352252305109,2.4477013167877795,18.04634054149196,46.78359474963599,4.1489414294505575,0.03836140290920032,0.1911488796074966,1925.5934036168971,Laminar,True,True,True
1.114984943504736,8,1.4836426849708044,3.6251674837693906,15.369141479766435,141.46269993986238,0.13813391659416493,0.22001906109943017,0.0025669539531638814,1018.6925900918562,Laminar,False,True,False
1.7242033512995123,12,1.6500937122580315,1.135330878383928,25.30112454709638,85.40427583434746,1.1300881116056747,0.11246245176989011,0.032475028488237356,1926.1926902672935,Laminar,False,True,False
2.883313584317677,10,1.9382373815712555,0.8258826580048582,23.882373815712555,45.1978669784827,7.68398558948198,0.035404818818886456,0.36925566719757785,3895.1023638949832,Turbulent,True,True,True
4.299838763745079,23,0.9374445937187205,3.17684200213895,32.56122565553057,49.91116873547601,0.7504105649261006,0.04647561351071078,0.05377740726321818,1696.7337195247405,Laminar,True,True,True
2.122542998491327,16,1.0156822585133645,1.1533173629340043,23.75091613621383,55.64405664461022,3.0184092669539444,0.054508333833148986,0.10677839093590724,2283.815073426908,Transitional,True,True,True
2.7366163079786703,25,0.5823400367459013,1.288540685738167,26.558500918647532,43.97163536751067,6.717621238552625,0.03268481584171231,0.30639253053744975,2184.80005917396,Transitional,True,True,True
3.758055134829567,18,0.7019634098445261,3.5872719830333653,21.13534137720147,46.93046759368872,1.5510018365704397,0.040031727552175364,0.0971458402675605,1817.5847001694945,Laminar,True,True,True
0.9523490063751878,18,1.289411194615228,0.7535924075855513,31.709401503074105,103.18623147324391,1.4211340104599905,0.14126206400716185,0.0225569260464593,967.0265378655706,Laminar,False,True,False
4.959501116344199,16,0.9044561444806644,3.2982941200138005,21.97129831169063,37.979095781106906,2.038032448487632,0.023056614754745054,0.1684604033903352,2754.027816754077,Transitional,True,True,True
4.493403041615314,8,2.3852264004639334,1.741538624187926,22.581811203711467,45.19592443555011,2.3547345232191983,0.03718929319502924,0.17634618781382885,5082.291183320496,Turbulent,True,True,True
3.418685561616944,5,1.785120490097162,1.4090978823032292,10.92560245048581,47.484346329584454,10.868725854687831,0.04075936332588167,0.6192792692099012,7992.974861597558,Turbulent,True,True,True
1.1084961290179371,16,0.7583071442712292,2.7322651404710223,19.632914308339668,78.38124008901002,0.5597855825638701,0.0937805914378683,0.010342002522535015,741.1420579595442,Laminar,True,True,True
2.0813488312979214,7,1.041583595514681,2.921597824470661,10.291085168602766,54.68941715226859,1.6745897701143697,0.05246486909149502,0.05809009101551664,2801.475167609386,Transitional,True,True,True
4.261383370711819,18,0.6878485198304908,3.0894088291347654,20.88127335694883,39.49439205193879,2.816229768982249,0.025611858780823154,0.2000172450940757,2340.374857172571,Transitional,True,True,True
4.992028165030343,4,0.6532601644336057,2.5855028275584484,4.113040657734423,36.15793249020061,104.70161119776074,0.019433194262193774,8.711223200387964,14388.706847704127,Turbulent,True,False,False
1.0356086749197586,17,1.111912608890275,1.6507296895700803,26.902514351134677,99.83383560516631,0.4435176370027291,0.13577210064945955,0.007655178539332313,823.3907775127807,Laminar,False,True,False
3.789634429167848,25,0.9143823671058813,0.6573748487458961,34.85955917764703,36.31699885422791,23.01843737947582,0.01883669913394406,1.4538577133150952,3601.2704940225262,Turbulent,True,True,True
4.429579713592464,8,2.233763560890152,0.6398126296616927,21.370108487121215,39.114870816481485,35.89028532567955,0.02498104212956722,2.649647996561257,7195.0483203796975,Turbulent,True,True,True
0.6273153753715156,16,1.2063360032167776,2.5885422265117506,26.80137605146844,100.26420162066933,0.10950559623248741,0.12758878788873018,0.0011449090700977411,385.7909198169686,Laminar,False,True,False
3.825835830573856,5,1.663031178908933,1.2699770376454147,10.315155894544665,44.64340326841593,20.096459752038847,0.03552543933419335,1.28142926311726,9741.52486047584,Turbulent,True,True,True
4.1563235311158415,18,1.0548850989023726,2.0792535295504297,27.487931780242707,40.68229596754401,2.121200953485538,0.027902307705271,0.14693995728662168,2751.0756673293213,Transitional,True,True,True
2.4720726068940806,24,1.0235682036485723,2.557376753491602,36.06563688756573,65.21077802910773,0.43551620608749836,0.07460037856704142,0.017943794715455694,1074.0790159210721,Laminar,True,True,True
1.546488568416541,10,0.660522128913661,3.1862759559331444,11.10522128913661,76.53476912826353,1.4900444038167298,0.09376434602317345,0.03840561061559355,1501.1746426825262,Laminar,True,True,True
2.364922719986634,15,1.8132079089317081,1.6120281718325282,34.198118633975625,83.87481806159444,0.46611435604131174,0.11166471280024787,0.018372073845233955,1718.7752105748737,Laminar,True,True,True
0.9691259732600054,15,0.8096422028232548,1.9365451574440633,19.144633042348822,94.45512250581963,0.7458218123853392,0.12406142884856343,0.012046588163441382,878.5019040305755,Laminar,False,True,False
3.2965628292587486,28,0.5506528205103479,1.3734186157855213,28.91827897428974,39.95123535194306,7.837572151496126,0.02553720477050923,0.43061748377092746,2284.893860105669,Transitional,True,True,True
1.033183635596607,16,1.0419853643286119,1.4609958521132136,24.17176582925779,103.66788122274727,0.6769871102057784,0.14340757686453526,0.011657533396240784,963.3494253799396,Laminar,False,True,False
2.305878509219883,12,0.5024749848159653,1.0665427622005927,11.529699817791585,39.39018129383895,50.02739828647993,0.02253962901985941,1.9226183763496278,4573.105460024016,Turbulent,True,False,False
2.9677898121562314,12,0.5605733852189622,3.794784154445864,12.226880622627545,44.65428163456623,3.5053090907854174,0.034459711319827974,0.17338367680152642,2120.3715949560656,Transitional,True,True,True
0.9873865453504731,9,0.8171468699042921,1.0129138927854917,11.354321829138629,80.33203949514163,4.925388009420249,0.09608987450718297,0.08105436418553506,2238.5308444394636,Transitional,True,True,True
3.3038217660291593,19,1.4598795336929455,3.759351649678119,36.73771114016597,70.44570885202339,0.17041714493729282,0.08653574284175072,0.009383797879139566,1244.0572653762806,Laminar,True,True,True
3.419487067498495,12,0.644002625947437,3.730025270238167,13.228031511369243,41.18740702762515,3.3016180793677905,0.028166471361816176,0.18816400540362296,2432.6636623768563,Transitional,True,True,True
2.900243438739645,8,1.6406182684692046,1.0424481233711984,16.624946147753636,46.13062558499679,9.15480153207351,0.03729946995411972,0.4425192179393308,5045.415575886497,Turbulent,True,True,True
3.689879352983656,25,0.5187074902669165,1.0636598898697898,24.967687256672914,34.93542552376201,28.46313946261196,0.015970893341816474,1.7504258437364362,3482.961975076478,Turbulent,True,True,True
3.533649354019105,30,0.6499770864633707,2.5642649434955063,33.999312593901124,48.050011634552575,1.5750021134750554,0.04202764030913987,0.09275842001433092,1368.3825224361644,Laminar,True,True,True
3.5780004660247524,15,1.412961757552668,2.940488035953236,28.19442636329002,57.8265046412249,0.4392740366576726,0.06163110555369264,0.026195378464562113,2045.9710789336655,Transitional,True,True,True
3.174324926062192,19,1.0190929302347993,2.470974402547884,28.362765674461187,57.70186712341135,0.815179552661638,0.06087036927915654,0.04312741288716775,1787.5074873862138,Laminar,True,True,True
0.8864879424690779,22,1.1115678318975717,0.5391536358040692,34.954492301746576,90.4970818048054,3.01016174110848,0.11476114708857481,0.04447453480623989,911.5075068960302,Laminar,False,True,False
1.7762051732250828,10,1.5456932980709168,1.6354198244956177,19.95693298070917,82.74372271568785,0.7881340918573866,0.10738569365589194,0.023331464185869046,2084.960897415571,Transitional,True,True,True
4.092578657419375,4,2.6882362091271212,1.037522534317148,12.252944836508485,46.0710353895025,19.566201186613622,0.03862585896723892,1.3346036230518097,10254.304542606722,Turbulent,True,True,True
3.9950990435718063,29,0.8698672832617786,3.6968338729673547,39.22615121459158,49.52595561293617,0.5116041898677709,0.04544990455248231,0.03406515682713433,1126.4472448480285,Laminar,True,True,True
2.830453590508603,9,0.892563743335482,0.5413318086265162,12.03307369001934,39.68530647059801,144.7622233260343,0.02428649021823203,6.829045913053032,8189.924691820177,Turbulent,True,False,False
2.9432376759758334,6,1.301137213908638,1.4921294258517512,10.306823283451827,46.48353106771906,11.179362801753689,0.03807776164392121,0.5483920298587368,6557.610027640337,Turbulent,True,True,True
1.0768193293226183,8,2.82648567719226,2.270036448089437,26.11188541753808,187.80098942716936,0.07816594220272043,0.31223820182699635,0.0014028432909767327,986.1950962674184,Laminar,False,True,False
4.18787587347954,9,2.275002353056364,3.006458293474933,24.475021177507276,49.012515302712714,0.4954331461106144,0.04458883195710127,0.0345802086586451,3289.888205509359,Turbulent,True,True,True
0.9477933928945572,23,0.6658820094264526,1.3445270809133558,26.31528621680841,77.94982231463072,1.3689020751161165,0.0907166168473821,0.021623939038578403,765.3944319331716,Laminar,True,True,True
3.448012511411442,7,2.9481080989669857,0.8432793948182635,23.6367566927689,45.3407927357738,7.848556292672046,0.03650805844165029,0.4510320048941703,4851.281958919034,Turbulent,True,True,True
4.231495135414036,9,1.9852399673779695,1.3569916151780057,21.867159706401726,43.10823928622188,4.859891803482274,0.032815701080024,0.3427434754178964,5252.894696208032,Turbulent,True,True,True
3.855537502971349,5,2.436044586121958,2.5649482778505472,14.18022293060979,51.848673253239376,1.5325687395779686,0.04996495552215827,0.09848127085540646,5757.614582715886,Turbulent,True,True,True
0.9983764327838072,6,0.6987639077309256,3.127927167027619,6.692583446385553,105.4911408079449,1.4416317653863795,0.14656850646729722,0.0239881863219046,1623.6916744390523,Laminar,False,True,False
1.8182115792672673,12,2.40518255257544,2.9436658565120064,34.36219063090528,125.42504830057,0.07221436978468515,0.19293552077295226,0.00218835005553338,1057.759124474265,Laminar,False,True,False
0.9120192546675601,19,1.0866806636539854,1.8763754704023334,29.646932609425722,91.77467086800347,0.293293641449708,0.11777075664347487,0.004458157471228288,604.9150980585229,Laminar,False,True,False
3.8404969468427588,12,1.6856064535634663,2.4975571214208623,25.727277442761597,47.32792893628971,0.7777258489116877,0.04090884970801623,0.04978089580376716,2856.8354603501048,Transitional,True,True,True
1.9136969963525405,15,1.1673341223443212,3.5088810543469546,24.510011835164818,82.08238668035708,0.23984673980577217,0.10664510151965079,0.007649899759187593,1018.7586894201548,Laminar,True,True,True
3.210876329690347,7,1.4449716829930843,3.2646709360745563,13.11480178095159,47.8889494609258,1.3055448003690227,0.04129614006906278,0.06986571494758673,3636.8172860356294,Turbulent,True,True,True
0.7900584460470894,14,1.075257885143348,3.9487759675887775,21.553610392006874,87.71412032250021,0.10987189304958238,0.10721392563096653,0.001446753618116751,419.43293014355237,Laminar,False,True,False
3.6774436207674213,10,2.0444648409713855,0.5174473785306551,24.944648409713857,39.03625433785066,37.44782237953034,0.024159362778770684,2.2952042586872556,5360.010926896791,Turbulent,True,True,True
1.329395009404358,19,1.4492983162041644,3.734981342876713,36.53666800787912,79.55520035475212,0.06997559199272231,0.09828564710805403,0.00155042004625401,503.9598281240873,Laminar,True,True,True
4.889319457217997,8,2.1063147197213334,3.715326152714533,20.350517757770668,45.488486628104376,0.621719839265278,0.03803374699707047,0.05066311511763616,3920.0978982078996,Turbulent,True,True,True
3.418016767644409,4,2.0365155481310655,2.2343718145339007,9.646062192524262,52.23121500214688,3.899512807149868,0.05025227704307317,0.22214333600803948,7471.021336395433,Turbulent,True,True,True
3.278061949665587,25,0.8791592719486114,1.2544974861557643,33.97898179871528,44.31315160805926,3.478171152270167,0.034236400390374844,0.19002767514468907,2294.755869432164,Transitional,True,True,True
1.714547047803539,10,1.6047526843626763,1.3556654487004383,20.547526843626763,79.75230002686891,1.0699368930876478,0.10111149504432154,0.03057428568965862,2162.620164541953,Transitional,True,True,True
4.47264199465061,20,1.4348046007330586,2.061111017304619,38.196092014661176,45.53751007178097,0.8669164442142592,0.03785759888941038,0.06462344823743131,2388.6751805667527,Transitional,True,True,True
0.573156994517233,8,2.9100342558994923,3.3551726405839477,26.780274047195938,194.1487666854984,0.017839213552819304,0.313190322687961,0.00017041116707475,427.00414353986463,Laminar,False,True,False
3.7560170934131145,6,2.7670181340138758,1.6812139723455353,19.102108804083255,50.237265891173685,2.226641972430212,0.04664324639202366,0.13938842182264946,5255.000554530363,Turbulent,True,True,True
1.4987851315118024,10,2.148285489791132,3.2332164686077296,25.98285489791132,138.64881755271935,0.07655485160336695,0.21769627656961946,0.0019123212221369807,1039.9675071630554,Laminar,False,True,False
3.9242884078265172,7,1.290688442962436,1.2184094766282079,12.034819100737051,41.41267716599083,23.23839124961959,0.029158352338167978,1.5199024899569886,8343.132947171236,Turbulent,True,True,True
2.5947499872607587,28,0.7089050803711956,1.865966496203201,33.34934225039348,56.25631116575076,1.587829346250422,0.05696666473001734,0.06866700293259236,1343.8964629488062,Laminar,True,True,True
1.6595919107284878,5,0.9248514784026682,3.83621321078027,6.624257392013341,62.18639322478796,1.545261329507287,0.06570175514195582,0.04274172004019736,2603.2214828505316,Transitional,True,True,True
1.3793881478478012,5,2.402097100803018,2.743309852438282,14.01048550401509,144.34197009807747,0.17483462154753493,0.2282515079338853,0.004019413413268758,2002.0764337286903,Transitional,False,True,False
1.340114532265694,4,1.2544833499014838,1.3931527930273977,6.517933399605935,65.56460319577432,7.343739050119637,0.07039103956376987,0.16402419037053984,4725.062107067492,Turbulent,True,True,True
3.3460080561085386,8,2.1833207685048874,1.4471374331831786,20.9665661480391,48.14354504822077,2.711956186760174,0.041986331349155075,0.15123712081188223,4301.891486017561,Turbulent,True,True,True
1.7277618950440579,8,0.9054498373594615,1.6633199726265762,10.743598698875692,52.77188832647823,4.842133608780703,0.04721486660054857,0.1394342323327245,3139.443077683222,Turbulent,True,True,True
1.9906297714009766,25,0.9760487616658737,1.175526376555682,36.40121904164684,70.66453760951153,1.4639088733138634,0.08410001955907881,0.04856834309727729,1381.9039746823016,Laminar,True,True,True
2.9378235724845276,16,0.8221935116761878,2.911139527960923,20.655096186819005,54.99521620294253,1.209712264002497,0.0550921214417485,0.05923202008516937,1836.5082841268984,Laminar,True,True,True
4.747762066381685,7,2.7527632828766917,0.8441080689405256,22.26934298013684,40.98335230062057,15.769951392414141,0.028935724275226865,1.2478662834931147,7041.25217373432,Turbulent,True,True,True
1.8650193470698937,5,0.9325598033582423,3.9860551428588447,6.662799016791212,56.11377628691966,1.7999929984642231,0.05451161469983909,0.05595036277876876,2831.7467376954296,Transitional,True,True,True
0.7864861519348862,11,2.098736088726319,3.072781554916535,28.08609697598951,140.87948650150884,0.042077589942346706,0.2134619268561821,0.0005515573632741722,516.255012339713,Laminar,False,True,False
0.5037107757560841,8,1.384646598308335,0.9332556589099819,14.57717278646668,194.95013593379264,0.9261636846147545,0.31133154928228934,0.007775310467573521,1014.3317816111963,Laminar,False,True,False
1.3376243934690748,20,1.3293732811480572,0.7458167981034614,36.08746562296115,89.88457137350349,1.7544779366619785,0.11901098560957701,0.039113874764705875,1203.455951191038,Laminar,False,True,False
4.8396515374868,28,0.8564282058177846,3.0022350601366683,37.47998976289797,46.01529584910014,0.9436931585648833,0.03905715997396656,0.07611910076273855,1672.642308654476,Laminar,True,True,True
3.2036220010718113,5,0.740477500036187,1.159960275220953,5.702387500180935,40.415354116891756,127.31219344350572,0.026338800820553954,6.797669065338756,12589.297767707822,Turbulent,True,False,False
3.5239304194607364,8,2.9614626038582026,2.8730404396012865,27.19170083086562,60.38152559487898,0.2479953572754792,0.06667943667332778,0.014565306389801577,2819.144674696262,Transitional,True,True,True
0.5196362968162191,5,2.842537502190659,1.4006574051824412,16.212687510953295,283.9008007120344,0.17496389533689005,0.4901084369858479,0.001515293177490035,914.5772424519188,Laminar,False,True,False
2.7118092787377797,17,0.9344422194559769,0.7019243508325403,23.88551773075161,40.27320428089088,20.4073797521247,0.025239850490523213,0.9223486961089542,3640.1017156028915,Turbulent,True,True,True
1.7974335551471092,23,0.9875736691120682,0.5939952192424978,33.71419438957757,62.02727060807348,6.2923186931481,0.06604847424661049,0.18850041264573,1845.1037550720403,Laminar,True,True,True
2.997546106729574,22,0.7352482665905617,1.0400630155293955,26.675461864992357,39.71681084312057,9.99018467671736,0.02463290373114681,0.4991006530533929,2865.844190019245,Transitional,True,True,True
0.5162731015322342,10,0.7737183142520381,0.8337370861400109,12.237183142520381,152.4251016873154,2.9499574605366155,0.2269766353481523,0.025383061458989865,1199.2906926113549,Laminar,False,True,False
2.0826607588261856,5,2.2531770177733943,3.2672708231017324,13.265885088866971,75.78916852528347,0.3238652589466927,0.09466872714179315,0.01124169109925597,2817.462315604636,Transitional,True,True,True
0.558470069023083,7,1.2014715513318734,1.6571019394934225,11.410300859323113,196.77171109829715,0.48824294781027033,0.3177759295161495,0.004544484546060587,1042.1647923771613,Laminar,False,True,False
1.3767695891662635,11,1.7087791025092027,2.0377252164967876,23.79657012760123,129.40843007173066,0.24752751753540503,0.19836458582752864,0.005679805977076078,1247.458879457242,Laminar,False,True,False
1.2391402426441998,4,2.885270697675019,1.4970264165536151,13.041082790700075,104.57459563077903,0.6897925923065006,0.1475359993720814,0.014245829336747479,2639.6269164711252,Transitional,False,True,False
2.098419456182035,7,1.3052015157400902,3.643876558123503,12.136410610180631,70.962343609445,0.5247892671254752,0.08506696705555225,0.018353800142193472,2261.79821081662,Transitional,True,True,True
3.0333466010069983,23,1.249812264569739,0.9019213605118213,39.745682085103994,47.90079406366837,3.3223222554947767,0.04105752972958472,0.16796258201924974,2288.7038042258973,Transitional,True,True,True
1.719141770238406,16,1.7224387883606864,0.6305860234102466,35.05902061377098,77.95159843437752,2.9130600198422285,0.09753252397549846,0.08346605265537158,1705.0970388434062,Laminar,True,True,True
4.118005221183804,6,1.2718712212575123,2.478607914517302,10.131227327545073,42.53068044591685,6.79332310594622,0.03156685987911693,0.4662490003245851,6833.3361554239655,Turbulent,True,True,True
0.6933880654110449,6,0.6982922479536207,2.936407251645545,6.689753487721724,134.90415619547397,1.0507469371696383,0.1990546044261749,0.012142923100010606,1187.2454057661887,Laminar,False,True,False
0.8229969187734594,4,1.346739083551876,1.2982779278474577,6.886956334207504,94.68556175491439,2.8494454978624795,0.12188579265677256,0.03908474774922877,2904.6489057876292,Transitional,False,True,False
2.6756089310646387,15,1.3095675061585397,0.8684015782409097,26.643512592378094,44.649611772252065,6.4791054610872045,0.033920869014167826,0.28892587394991,3058.1836636459475,Turbulent,True,True,True
3.490880859167986,18,0.5840249229656274,1.464722678791789,19.01244861338129,36.35307848822167,17.05997805079549,0.018583881253968655,0.9925725139224657,3534.743956387702,Turbulent,True,True,True
0.9240343900074512,8,2.096827282243452,2.6996682057172134,20.274618257947616,179.15876765650208,0.0864426463924566,0.2927441177309121,0.0013312663004980576,899.2035327182022,Laminar,False,True,False
2.394747108480704,9,0.725429941223728,2.0168087076079293,10.528869471013552,43.10579921253317,8.57722578630356,0.03020245726571886,0.34233811084227633,3623.2291156486212,Turbulent,True,True,True
2.736408022070575,27,0.5661977532624086,3.7987824216193236,28.287339338085033,46.41777164564484,1.1448987975178644,0.03757668814259336,0.052215170899780644,866.999230818527,Laminar,True,True,True
1.9362828729529835,16,1.1398477047018594,3.9979312388568498,25.73756327522975,75.61028081851236,0.19916072156992123,0.09378860341603747,0.006427191569013272,879.5434601874764,Laminar,True,True,True
3.73410352177036,13,0.6547136925639412,0.5892554738606925,14.511278003331235,35.727093971130174,203.1726521264268,0.017600418668885415,12.644461930545242,8622.183921480018,Turbulent,True,False,False
3.198285047807911,5,0.6789112501548795,3.766859248957257,5.394556250774397,39.744922967461996,13.909822651559946,0.02499044291089933,0.741459630069066,5372.593974432493,Turbulent,True,True,True
0.8850093845827691,25,0.5311641495947051,2.019124655147106,25.27910373986763,63.417449118945825,1.1015192923334098,0.06057476171675861,0.016247581850233974,518.3252905332347,Laminar,True,True,True
3.6845640953603453,12,2.5033723285548475,2.6150755632962244,35.54046794265817,64.86683624596924,0.2180972899101952,0.07582808880731204,0.013393224061641689,2240.012698481887,Transitional,True,True,True
0.617906678845069,6,1.4167189031435694,1.7297238915124242,11.000313418861417,217.34794881276244,0.4116520045748979,0.361406987004431,0.004239375383113172,1222.1814723520085,Laminar,False,True,False
2.8610037924960725,10,2.7078172050898086,1.523183794883947,31.578172050898086,61.93442334757779,0.6430469662123293,0.06883901295164806,0.030662663484776132,2524.9873255493926,Transitional,True,True,True
2.84346773581626,9,2.554432648433001,1.0516052965096743,26.989893835897007,50.448352429721595,2.5734020047873862,0.04583585143932559,0.1219564261982969,3271.5939768158864,Turbulent,True,True,True
0.9657962073952633,13,1.7574881330940044,2.8516065501792216,28.847345730222056,119.50885424327333,0.07397233205352663,0.17411769820941958,0.0011907032958246514,601.8806904023259,Laminar,False,True,False
4.0798634049084495,7,2.4346244032975015,1.8744852049632332,20.04237082308251,47.74610581424136,1.999619295694149,0.04196504123388401,0.13596955980418945,5050.611215844146,Turbulent,True,True,True
0.6479045161991104,19,0.7902482697538913,0.6355291043014866,24.014717125323934,104.33886055596338,3.2288514389045004,0.13646708195753413,0.034866457156703695,893.0783979774385,Laminar,False,True,False
1.980246427144217,9,1.3907937091423483,2.4620981627323726,16.517143382281134,76.91005285901693,0.5882528310045013,0.09655314478905866,0.01941475944756891,2132.4251933423852,Transitional,True,True,True
1.9312886619890577,8,1.9628695541032584,2.5875136376179464,19.202956432826067,100.09145294488735,0.2592798786383417,0.14273172901548034,0.00834573816493547,1981.0394785506062,Laminar,False,True,False
1.916149611367099,13,1.3257947144385631,2.9291575461515147,23.23533128770132,94.53692566622895,0.271684154582846,0.13156380444967156,0.008676458120308653,1293.5263150446265,Laminar,False,True,False
3.413348702942313,14,1.6026046991884835,3.624471275487066,28.93646578863877,70.94394847554074,0.2150025814131179,0.087671986222888,0.012231313039928584,1741.7174628311332,Laminar,True,True,True
0.6633755424701384,7,2.637909866210534,1.0711235497245026,21.465369063473737,203.16116979996355,0.34117852128184356,0.3346296896686138,0.003772158110575044,954.0795049568324,Laminar,False,True,False
2.7826188460777215,23,0.525323343353647,3.703889279813712,23.08243689713388,47.72172055498053,1.7371246498970874,0.040271919528381925,0.08056259647983,1068.1943175109402,Laminar,True,True,True
2.476724278147213,7,0.8457175037352678,2.9452174904033783,8.920022526146875,45.1527794338415,4.258682703364755,0.0344953144481609,0.17579304740581825,3485.115542946741,Turbulent,True,True,True
4.88349328541262,11,0.5708594264284962,3.0915587417234436,11.279453690713458,34.224200953465854,17.493417830516908,0.015501664279834935,1.4238164752374456,4526.409868539457,Turbulent,True,True,True
4.6711866315185,26,0.7754251127653329,2.9218498445739804,32.66105293189865,44.13208800531345,1.3603673295885488,0.035183508387821645,0.10590882806547586,1814.496016570659,Laminar,True,True,True
3.4158351915310474,6,0.6720685382906142,3.4204796325290476,6.532411229743685,38.729058921861686,14.080864870250512,0.02324527600302857,0.8016318958499159,5194.404369184415,Turbulent,True,True,True
0.9536512001080103,25,0.8349430480725191,2.289105368752531,32.87357620181298,69.29297122368862,0.31478839492638594,0.07349617648874383,0.0050033055100270375,455.94839568124894,Laminar,True,True,True
0.74471888375068,21,1.2487812256866146,1.3122816123442573,36.22440573941891,96.72181744893277,0.3119297826737945,0.12412040605301,0.003871666659357008,517.0549904284126,Laminar,False,True,False
3.290141942202517,5,0.6432573863513154,3.475992898043845,5.216286931756577,39.05397388930993,19.88479114869882,0.02373416279651467,1.090396422837856,5964.998609850711,Turbulent,True,True,True
2.311758642665523,13,1.8216560464077758,0.8022588607555883,29.681528603301086,54.00265469795966,3.4656950172338736,0.05178044960726628,0.13353084014888744,2530.657011232801,Transitional,True,True,True
4.453124699281945,8,2.8107243985240213,3.3756459795399127,25.98579518819217,51.37702638512596,0.31131983634314475,0.04952253010076094,0.023105767543267847,3359.8729010417046,Turbulent,True,True,True
3.0313765434019038,8,2.9615184415023244,1.36765591440914,27.192147532018595,53.51640958570397,1.2963212992930484,0.05228567766332909,0.06549396632315377,3268.3512082247616,Turbulent,True,True,True
1.9505244776361992,15,1.9905985238698325,1.4241179579646492,36.85897785804749,100.16295605133206,0.40062129512281186,0.14294821775389124,0.013023694039989335,1421.9665879753893,Laminar,False,True,False
1.3453634668670644,4,0.6010798284825093,1.7752655176646395,3.904319313930037,52.547951729908014,28.411239351384257,0.044399631582216666,0.6370573911961381,5285.109387978196,Turbulent,True,True,True
4.455359925739058,8,2.197685525298984,3.1479143719066753,21.081484202391874,47.11420064131679,0.6869420121540735,0.04099849984803452,0.05100956520429687,3890.2745694909595,Turbulent,True,True,True
1.976453641355898,13,2.5541018375301032,2.921578808834322,39.203323887891344,119.79551291304662,0.06483875452080412,0.18231011970480035,0.002135846541227075,1036.7858603156374,Laminar,False,True,False
3.016590029154282,21,0.5877269148070203,3.9680304543712217,22.342265210947428,49.22344048888226,1.3941477275478207,0.04367647025681077,0.07009286890148093,1177.3899030174116,Laminar,True,True,True
4.020277655766018,4,2.8439131469323677,3.6580612172130964,12.875652587729471,56.06543875739938,0.7329759058172274,0.058551429862679354,0.04911277760619761,5772.111355992852,Turbulent,True,True,True
0.5919934241423788,6,1.6278643600278864,3.263453714002295,12.267186160167318,205.158015591864,0.09286404624093827,0.3360076979676165,0.0009162484118981541,753.2230886015057,Laminar,False,True,False
4.068593548707154,5,1.2531404736156593,1.5862690695075203,8.265702368078296,42.31776634461952,25.776764695282903,0.031098592160890493,1.7479196424295056,10701.142839774771,Turbulent,True,True,True
2.985497376083148,16,1.8816789114935355,2.0131739796864525,37.60686258389657,75.05590267413328,0.33318801778230434,0.09529171288023051,0.01657886588052358,1788.9143553371018,Laminar,True,True,True
3.0393329262322393,11,2.263100146979595,3.4341325695356733,29.894101616775544,88.09462724731414,0.12296038945387379,0.12145454008029162,0.006228626004824967,1810.9461116221312,Laminar,False,True,False
3.5437719952277904,12,1.021613331389996,2.244310914576291,17.759359976679953,41.17211546708434,3.2782513140533553,0.028283480571228148,0.1936229200010164,3376.4654938334234,Turbulent,True,True,True
3.1472084957228925,24,0.5061948271425577,3.495868780847887,23.648675851421384,46.08442517310614,2.2521082701575907,0.037596425787954864,0.11813090468546261,1223.5287627733476,Laminar,True,True,True
3.2451102880021043,13,2.540892681439568,3.009699382541906,39.03160485871438,90.5093064293397,0.10732797733870172,0.1265841338614619,0.0058048520575379615,1679.3093093058737,Laminar,False,True,False
3.9123479455863666,7,1.4801061546546406,3.489708773432472,13.360743082582484,44.784346203495296,1.5248458326735586,0.035890498745295964,0.09942879101327215,4199.360052626131,Turbulent,True,True,True
2.3631241195956303,30,0.5016057592496843,2.7570559013725178,29.548172777490528,47.58893544493786,1.8660803481943262,0.039088316263239255,0.07349632466535706,902.6302918104687,Laminar,True,True,True
4.144714131702687,20,1.1951850993000575,3.8567566832799507,33.40370198600115,57.731350676511326,0.32902874867072146,0.06199071921902489,0.022728835072533187,1531.7579601936516,Laminar,True,True,True
2.4454638314109864,6,0.7714663695538827,1.0373490291562069,7.128798217323296,43.394073706752444,67.04674225798455,0.030903630443365616,2.7326730534305965,8413.944518507382,Turbulent,True,False,False
4.269277817849693,30,0.621806066881819,0.5577194064217748,33.154182006454576,33.75051042729836,76.37806407355552,0.014130339903445178,5.4346529119922184,4505.154970753195,Turbulent,True,False,False
2.6306393089744695,17,0.9109468148111093,2.9679408109972765,23.486095851788857,64.65246207041173,0.7141077440398524,0.07383462900507193,0.03130933170523858,1489.6666085324005,Laminar,True,True,True
1.8661219321747415,10,2.7219887354535834,2.404343320188088,31.719887354535835,137.5549584053994,0.10476465899776574,0.21739853784477942,0.0032583937978756423,1359.3058315306682,Laminar,False,True,False
4.486499128148901,16,1.325060858121665,2.1483324845988596,28.70097372994664,40.88176426726384,1.6237612963039754,0.028556044702532122,0.12141672733649525,3014.515591378387,Turbulent,True,True,True
2.660360338375443,10,2.9941199179592513,0.9005586163989553,34.441199179592516,56.719088189102564,1.8377420926346293,0.05802899431808343,0.08148426959013762,2550.6610164557956,Transitional,True,True,True
4.333842660207159,16,1.8829965788444685,1.704130088907038,37.6279452615115,44.64368812761769,1.0747963016520587,0.035966911129002146,0.07763330105220957,2819.618438336202,Transitional,True,True,True
1.3300068239907858,11,2.53047637962798,3.5125667665270437,32.83524017590778,137.2513545907321,0.03708594927960406,0.21368293505983948,0.0008220760936008262,747.1183203026337,Laminar,False,True,False
1.9504387316453984,7,1.467542789060459,3.3703666067429427,13.272799523423213,82.15653532222382,0.39294832427545323,0.10693505195443732,0.012773693853366663,2150.603948470874,Transitional,True,True,True
1.6550415146397541,23,0.6842801727791297,3.180086876302713,26.738443973919985,57.77265851469082,0.6151165081427628,0.05685044545757575,0.016967389288608577,695.3229797355459,Laminar,True,True,True
1.9763201415242353,10,0.7170011083768084,0.6553905391870655,11.670011083768085,43.21232779863518,66.053655907158,0.02914325765295694,2.175719509843794,5377.285896784161,Turbulent,True,False,False
4.780759764229779,10,1.2170888867003806,0.9550874825626605,16.670888867003807,37.671026737684045,36.36094513188959,0.022331993542327674,2.897215724598407,8218.370815796507,Turbulent,True,True,True
2.7554411009230906,15,1.0501208011915195,3.774427998587619,22.751812017872794,68.45651425807816,0.4133209644875756,0.08169049866023635,0.01898135955703732,1421.7625368281144,Laminar,True,True,True
0.518014230992506,17,1.116189632708567,1.1963484905761828,26.97522375604564,114.79895960373176,0.40393752637351676,0.1518180387431217,0.0034874231182232067,492.02567462441266,Laminar,False,True,False
1.5160029646086963,7,2.140119012652946,1.6462922740960222,17.980833088570623,103.6685318623476,0.5141581589006236,0.14784475153814605,0.01299108821951824,2135.7878986747764,Transitional,False,True,False
3.2676097185651796,4,2.006391913814255,2.9308647695023353,9.52556765525702,54.06040950273527,2.001679377305212,0.053716874025738194,0.10901178311223347,6178.291262232013,Turbulent,True,True,True
2.144764841996108,28,0.8993461690567729,1.6220442185746715,38.68169273358964,65.19958197372134,0.9291351411389276,0.07368962958077206,0.03321293973629772,1134.3980065092835,Laminar,True,True,True
4.839271919168486,17,1.193777798585038,2.0782034350673637,28.294222575945646,38.575229882916844,2.4051825880619955,0.02417679478974521,0.19398887598135664,3248.6595226857266,Turbulent,True,True,True
4.4832329448522845,9,2.1068243269777387,1.1641884802376885,22.961418942799646,41.9538912628262,6.9372661517844705,0.03069796193573123,0.5183563359814795,5686.570764909487,Turbulent,True,True,True
2.370575341158931,16,0.6545299026792885,3.377445458664374,17.972478442868614,59.183743203283356,1.336428440883413,0.06229707254291597,0.052801738453028255,1372.1443676621936,Laminar,True,True,True
0.7331230203794306,4,2.389694327064702,1.7251512783054257,11.058777308258808,251.54459885957746,0.2755722744137251,0.43346033187294,0.0033671396358503237,1663.210499115926,Laminar,False,True,False
2.2520030251624252,11,2.6479461967422426,1.5406533413728623,34.12740816416467,95.94763746747427,0.34180096080099,0.13550524203756292,0.012828946628787549,1825.1196497751284,Laminar,False,True,False
1.4458665638796073,10,1.2731243158403902,1.2110235130858893,17.231243158403903,79.26637111825596,1.7937563850053757,0.09857997496510693,0.04322553968041381,2173.37503900995,Transitional,True,True,True
1.9294484936234335,27,0.8963250727986458,1.9596850918865176,37.200776965563435,65.47748430702829,0.6348190366287194,0.07349668534639849,0.020414177232446033,934.315542846982,Laminar,True,True,True
4.457600850154444,6,0.6432268668057146,1.2443614736601072,6.359361200834288,36.265206165335904,202.1191454403867,0.019302134631626333,15.016107909125958,14696.927035233886,Turbulent,True,False,False
2.2099927753125117,6,1.399831688662013,2.637885926630894,10.898990131972077,55.696144302348486,1.509414700101774,0.05488078613439371,0.05559659303625703,3406.336576776375,Turbulent,True,True,True
1.8331463092068745,19,1.3646263194019757,3.2673575707561335,34.92790006863754,79.00459415455327,0.13774244094955063,0.1001590929056328,0.004208367454130243,777.7864707042772,Laminar,True,True,True
4.452416289022361,14,1.9287895033631905,1.4735679936229382,33.50305304708466,42.02580807368239,2.078377997147553,0.030819579320242416,0.15423006748742396,3490.371708377099,Turbulent,True,True,True
0.7400058876834239,12,2.34464295340102,1.098512191326526,33.635715440812234,140.29437243830643,0.2523961357687107,0.21114244903584786,0.00311291044162318,668.7768540600324,Laminar,False,True,False
2.4157063568611274,23,0.9611789604477647,0.8309437273218869,33.10711609029859,50.598109723417586,4.912929719505877,0.04523921503902377,0.1978032592370384,2188.429019917398,Transitional,True,True,True
2.9414483197138686,5,2.3798762706793575,1.9825487190317521,13.899381353396787,55.8234204849241,1.8676497031755177,0.05675456619508704,0.09155991802032885,5035.552665430318,Turbulent,True,True,True
1.8473517266743598,20,0.561944687903992,2.005092993759324,20.73889375807984,61.61254184550381,2.5452003011854343,0.06543535247306267,0.07836466951878354,1343.6038771311541,Laminar,True,True,True
4.475053718163355,5,1.110156946982976,2.5091942702363745,7.550784734914879,40.7482029299967,14.987355277525571,0.028280718558320997,1.1178203326687668,9233.820268748583,Turbulent,True,True,True
3.579376188558928,18,0.8827509395084427,1.6594687769684846,24.38951691115197,39.89937401739719,4.355763357169438,0.02577839011270814,0.2598485940608297,2920.825784937521,Transitional,True,True,True
3.5154192836685674,5,1.597587780570242,3.0696827387638588,9.98793890285121,48.35980701195581,2.473639019503138,0.0426261127216196,0.14493130516660566,5625.071532004182,Turbulent,True,True,True
4.404190395079366,8,2.980618018283123,3.1402637405607736,27.344944146264982,52.06700979295403,0.31382846277639775,0.05086659194883824,0.023036005024372225,3358.505047813784,Turbulent,True,True,True
4.58106088124989,16,1.9478829646599496,1.0855192994148029,38.66612743455919,40.082306388136146,3.6459547415270506,0.027023337471528144,0.2783723440202854,3524.519934033411,Turbulent,True,True,True
4.88733216090697,19,1.137543656758567,3.0365767645795225,30.613329478412773,43.3331594017895,0.8527540259122031,0.03372189576417395,0.06946153626972676,2301.1089319069583,Transitional,True,True,True
4.081077521623906,25,1.027984300072645,1.1613613447689035,37.699607501816125,38.99046570172223,4.609348568494258,0.024454810338713075,0.31351848053685405,2784.225463934254,Transitional,True,True,True
4.354232004057163,15,1.7768912168712871,0.8154794371339334,33.6533682530693,38.75341050535435,9.726077551561488,0.024201904460007872,0.7058266358158494,4181.259356488984,Turbulent,True,True,True
3.726587627432999,9,2.690986876877198,1.5835012511049134,28.21888189189478,48.67483821743884,1.3106282611710023,0.043488134763385485,0.08140285103739804,3617.1674163991006,Turbulent,True,True,True
1.401218735405644,10,0.7121461088873358,2.290358978231766,11.621461088873357,79.92376142345357,1.8417646501508673,0.09957762489865152,0.04301191889998694,1742.6335884247958,Laminar,True,True,True
2.528319145182293,8,1.661506467982591,1.7033558912352986,16.79205174386073,52.215966895758015,2.055507205181191,0.048740257784861345,0.08661630366532923,3507.1835806930167,Turbulent,True,True,True
1.2428537093951555,8,1.3172986379805618,0.8093658239612411,14.038389103844494,66.95728458500527,5.657741098317222,0.07233607581474433,0.11719574184734965,2727.8152250600897,Transitional,True,True,True
1.6191067135453925,30,0.6460359488865468,3.2651041920737054,33.881078466596406,50.8060624350791,0.5191425210680637,0.042724277456883716,0.014009119019136372,515.2698582359386,Laminar,True,True,True
2.8064881064349745,10,2.155124011578906,2.707262840826121,26.05124011578906,75.19653244069204,0.2440992521779118,0.0952655272364519,0.011417694133783017,2155.2497063156916,Transitional,True,True,True
4.1801716725987585,16,1.7282588317497494,2.9656040081169595,35.15214130799599,57.01934541953773,0.3019717032573267,0.060596159157869776,0.021038225998044585,2078.392838640655,Transitional,True,True,True
1.9614678288551637,13,0.5582276500117331,1.037325883259196,13.25695945015253,42.18395203706015,25.927244756749246,0.027031371094020946,0.8475909413536228,3531.1027414090427,Turbulent,True,True,True
3.0304827248798474,7,2.1222795777395924,3.2242616477237585,17.855957044177146,57.51896375824326,0.42919802116698275,0.060289385874042305,0.021677953144985936,3023.6028757924682,Turbulent,True,True,True
2.3687663618245614,21,1.1837267906028888,0.5545324501488375,34.85826260266066,46.85070047635422,10.064833251043792,0.03762635123581046,0.39735397404076456,2423.105272145309,Transitional,True,True,True
1.429834217235741,6,0.9455171412011638,0.5705056502381078,8.173102847206984,51.558754315616945,68.63286851875023,0.04305314365637668,1.6355603972525128,5869.655358924159,Turbulent,True,False,False
1.208514238993362,12,2.165248883918931,2.7035489576540854,31.482986607027172,131.83882653775544,0.07019521820727424,0.20177016125498726,0.0014138653452122837,772.3829531767137,Laminar,False,True,False
4.710576377291191,10,1.919390292102978,0.9814472162262396,23.69390292102978,39.87053155610371,11.951190471972597,0.02668615597065823,0.9382832586296945,6063.6558510013765,Turbulent,True,True,True
3.038323185163206,25,0.653987652285452,2.0080971409379846,28.3496913071363,50.004811795584104,2.385670712851383,0.04527333566562062,0.12080731065035318,1704.7314422150384,Laminar,True,True,True
1.718334727987491,4,1.3196050971336042,3.7746237526440947,6.778420388534417,65.22327557123451,1.050576205412127,0.07207194683434698,0.03008735963594963,3148.859056566681,Turbulent,True,True,True
2.615820229413573,16,1.225773141769176,2.039486552070756,27.112370268306815,66.40696138533865,0.7302319212359449,0.07731263745527706,0.03183592386220872,1869.6231671110897,Laminar,True,True,True
3.5715190704462487,5,2.10681328670015,2.7841981719945688,12.534066433500751,51.73437114351162,1.5756024777937372,0.04943953982948136,0.09378823828137824,5453.410446548263,Turbulent,True,True,True
3.236580123151113,5,1.770860406738477,3.06311690430373,10.854302033692385,51.392528690018,1.6517672092417375,0.04833889109703064,0.08910128195840987,5000.2952379373555,Turbulent,True,True,True
2.4080769417063554,17,1.4168577473248993,1.8683621487490707,32.08658170452329,78.57573953925333,0.5079504566915136,0.10117560132868579,0.020386396371467445,1610.055661615946,Laminar,True,True,True
3.217390524222548,11,1.049725106837654,3.315021530568406,16.546976175214194,47.85149763028123,1.1512048815257376,0.0412303105468294,0.06173126128766082,2502.2802672971543,Transitional,True,True,True
2.4689136054717706,22,0.7036062031020447,2.144878879435284,25.979336468244984,58.47034235785267,1.6025027855449014,0.06111205896553455,0.06594068216730363,1471.1371398516922,Laminar,True,True,True
3.2905068302630314,12,1.6676058753330865,1.797198915269715,25.51127050399704,48.097132650980576,1.3217994726630864,0.041820965333867956,0.0724898365505993,2955.1986270218554,Transitional,True,True,True
1.4166020708608094,8,0.7996978348916832,3.996640061269436,9.897582679133466,91.20479684004283,0.7482766781040788,0.12225121984186633,0.017666838196318087,1378.5801195830481,Laminar,False,True,False
2.355398270857556,7,0.5048242696833487,3.83525076719105,6.533769887783441,41.36561350006022,9.201799889611845,0.026621698266128247,0.36123172581281643,2895.029347391308,Transitional,True,True,True
3.7079883114444545,15,1.6590643872500295,3.910547136444362,31.88596580875044,70.45752479340544,0.17451488980072816,0.08703413837374559,0.010784986192568619,1657.3189258839848,Laminar,True,True,True
1.8997872579706545,18,1.50016639104469,0.9672354228214795,35.50299503880442,81.58169245041974,1.2936973234473716,0.1055886560171583,0.04096249484593429,1597.263188205589,Laminar,True,True,True
2.8865525792488334,7,1.435919584068927,2.839730016135227,13.051437088482489,49.57531137124948,1.4843674627861254,0.04416530790040986,0.07141174547097227,3601.332523227805,Turbulent,True,True,True
4.158074064630924,16,1.8675405705158339,3.369597926368953,37.38064912825334,64.87194141380871,0.18628485609245332,0.0762830562064165,0.012909770479192235,1852.9430694132693,Laminar,True,True,True
2.238682713190988,18,1.2622783632122903,2.3154560490311584,31.221010537821225,80.4403797704187,0.38029549337652574,0.1044527055200477,0.014189349115441096,1298.0632043433322,Laminar,True,True,True
2.951825151602573,14,2.1511528632761423,2.0067580853834968,36.61614008586599,76.89362958524987,0.2987969959237592,0.09891218267486546,0.014699941463184063,1893.5261470298292,Laminar,True,True,True
4.228915315671479,6,2.7748429322936534,2.3599986026022455,19.14905759376192,50.39323899857544,1.175141605061003,0.04738362588458385,0.08282623886208733,5125.4805467554215,Turbulent,True,True,True
3.137492227614649,7,1.7754157332444178,0.6260871739269327,15.427910132710924,42.48439158775288,42.11024978905741,0.030382198613114548,2.2020096902679844,6969.239651009927,Turbulent,True,True,True
2.7369079781296914,5,1.3567204509445787,2.77185559715499,8.783602254722894,50.413300957040036,3.0345254825732737,0.04556870741021238,0.1384202833848774,4950.78195692072,Turbulent,True,True,True
2.7396370826334766,11,0.733045531668651,0.7556444616661562,13.063500848355162,39.64711423940531,66.93645885447177,0.024041571655386763,3.0563600809646796,6247.12187484082,Turbulent,True,False,False
4.467737404736468,9,1.0244016515335328,0.8189600589923391,13.219614863801795,37.286939214346155,84.14656171005052,0.02135292515589167,6.265745687199302,10055.842541615248,Turbulent,True,False,False
4.749661486209982,11,2.2872922231622947,0.7412863310639415,30.16021445478524,38.71427373874426,14.848698539869671,0.024398779259778625,1.1754381929193563,5323.717810136052,Turbulent,True,True,True
3.1700305643512885,9,2.867290571059951,0.8710087238198001,29.805615139539558,46.65162679592417,4.127252976277021,0.038763747387199315,0.21805863469346634,3518.282986930873,Turbulent,True,True,True
2.740854014503995,11,0.8954196591301412,2.012316482528212,14.849616250431554,43.64087336850463,4.2691071329193875,0.03203142207920222,0.19501665706016238,3199.794751190053,Turbulent,True,True,True
1.1450399994648568,20,0.8624563329928565,2.3266050384772163,26.74912665985713,76.52000789809402,0.4251047496996403,0.09047244311529898,0.008112699039476404,670.3655414282491,Laminar,True,True,True
1.3864092139354438,29,0.6909045086815231,1.2080801659473437,34.036230751764165,67.97609512465655,1.7499828497648102,0.07557259000491527,0.04043653911904897,940.060652695152,Laminar,True,True,True
0.8930291678230255,7,1.6025465597606712,2.5343645799867316,14.217825918324698,180.01873910401844,0.1931301186408678,0.2939233646557553,0.0028745138188569397,1151.5301368348514,Laminar,False,True,False
1.5540155429497768,4,0.6795871743340216,1.270458780815832,4.218348697336086,51.162808796855636,53.935288663986114,0.04306549565922632,1.3969379482886222,7439.340170771842,Turbulent,True,False,False
4.9082975650592955,18,0.7017009460366626,1.6325070303726674,21.130617028659927,34.72149310420815,15.505778349506677,0.016511140038729985,1.2684495686205461,4362.171409406923,Turbulent,True,True,True
1.5697146891693978,15,0.5353164372746364,0.833317636009314,15.029746559119546,46.180499531136306,22.86316521617644,0.03319349014164556,0.5981441046789832,2855.130821579646,Transitional,True,True,True
2.5393637077207973,23,0.9508843040862076,3.006349897305615,32.87033899398277,62.224996220177665,0.4374211602274114,0.06878307148214576,0.01851285698784354,1041.8116639729744,Laminar,True,True,True
1.2271038096718487,8,2.030558442605039,1.4232511476151837,19.74446754084031,140.89817887802448,0.47121481033504337,0.22006925422790652,0.009637158148932155,1658.3523987420072,Laminar,False,True,False
1.2756525195391129,9,0.6075081268501277,2.478018394435605,9.46757314165115,79.29190659824863,2.4871276584579114,0.0973030190967067,0.052878511065454145,1715.3174074879635,Laminar,True,True,True
0.8948200238718595,12,1.054242870942058,1.1768487593929458,18.150914451304693,125.50997985973393,1.156149355365246,0.18493809629230287,0.017242426562789407,1248.018254904167,Laminar,False,True,False
4.761015310101909,15,2.157303777580219,2.1801084979917595,39.35955666370329,46.367202579236334,0.5614180098576268,0.03971186217583065,0.044548662338318425,2732.5084377216535,Transitional,True,True,True
3.3816875446294934,9,0.8100495382747387,1.8745389486935033,11.290445844472648,39.68574734957057,13.939195795050574,0.025116112371269563,0.7856334133712389,5226.333774706707,Turbulent,True,True,True
4.660925988463081,15,1.7013997269972956,1.4092938596920723,32.520995904959435,40.18327426518519,3.005618191949321,0.027279099072597523,0.23348273237090014,3729.9895135348697,Turbulent,True,True,True
1.586703228641631,13,1.416810432294919,3.0113183643646586,24.41853561983395,102.88598136992206,0.18210206015872085,0.1467026086501576,0.004815698779935582,1029.2384587800889,Laminar,False,True,False
4.773213693053571,11,2.1725935753090804,2.4150819483043526,28.898529328399885,44.49097183131133,0.8287848327052028,0.03596712506425528,0.06593278520105979,3531.9081103328913,Turbulent,True,True,True
4.85068945137005,23,0.9038768161279843,2.551479343108758,31.789166770943638,40.73669401327401,1.5921214176989988,0.028506722450433824,0.12871477610221438,2279.1174878977295,Transitional,True,True,True
3.6284667037700835,26,0.952524626675431,1.8750024351040837,37.265640293561205,50.75992744496228,1.2718402722265745,0.04755388948617764,0.07691383467146673,1843.006729450249,Laminar,True,True,True
1.203085578922891,14,1.6267336096684666,1.7931486616343848,29.274270535358532,118.26742928068188,0.2390146032007591,0.17457363679301433,0.004792583704380173,938.2989417171575,Laminar,False,True,False
1.7339108103202994,11,1.2741300750679607,2.390496833165602,19.01543082574757,97.16996602125751,0.46147034868832304,0.13604055855101377,0.013335807103882687,1606.1577585142904,Laminar,False,True,False
0.8296069377539813,22,0.7523779982452836,3.1768453192454404,27.05231596139624,65.71706501945675,0.2518077702291834,0.06408811620884691,0.0034816912193748493,358.3660656188421,Laminar,True,True,True
4.26164486412579,8,0.9661382329864441,1.2674511282308187,11.229105863891553,38.49551771077949,38.921409633130644,0.023614317305758935,2.7644870911261212,8905.695327061527,Turbulent,True,True,True
1.9544328027175228,9,2.0544904845000485,2.9036388548951018,22.490414360500438,118.22709631687364,0.15566394642296907,0.1790912516332735,0.005070578718158562,1635.476389758385,Laminar,False,True,False
4.5733674029605815,19,1.2376003512413454,2.805656462223715,32.51440667358556,46.29740452153497,0.7090768460805936,0.039448249375354606,0.05404781556765141,2222.9774688398984,Transitional,True,True,True
3.7040046207442314,12,2.319684282556505,3.7036428469148657,33.33621139067806,76.04006151182163,0.11721145392016757,0.09819503785522672,0.007235862782074171,1913.5407717699145,Laminar,True,True,True
2.833612665581091,12,2.569351674650051,3.197835986413374,36.332220095800615,104.13960494310643,0.0862405031919539,0.15320075523692553,0.004072869702180118,1528.8999012333986,Laminar,False,True,False
2.7514202648876167,12,2.4196434390845276,1.4375646072704127,34.53572126901433,67.4857815933487,0.6104940082597748,0.07974140129560313,0.027995426431973544,2219.6603204540615,Transitional,True,True,True
3.1527784868156057,13,1.2949612615412813,2.1924249385076013,22.834496400036656,49.14195286190612,1.1783153937604902,0.04371955923515853,0.061916123735528884,2596.7728294850035,Transitional,True,True,True
2.2336117740070085,15,0.8814140117095324,2.3156970412570814,20.221210175642987,66.38098864290228,1.1315632063749497,0.07631932973923292,0.04212454834653684,1739.1722858298801,Laminar,True,True,True
2.791851409511698,20,0.5509211842109442,2.260660316896872,20.51842368421888,47.81529236865093,3.721160718525188,0.04047616521240433,0.17314879661723515,1853.9393574755131,Laminar,True,True,True
2.8803795661083114,23,0.5837089224927512,1.8404927975927026,24.42530521733328,46.81624188287064,3.9600368234238417,0.03863648477133007,0.1901068191204417,1929.021318177016,Laminar,True,True,True
2.634872202016898,15,0.5781024474766245,2.9164283807263325,15.671536712149368,50.10144232921077,2.9362241763216224,0.04474137749128666,0.1289429243513301,1876.995871854107,Laminar,True,True,True
2.4578948788197943,10,1.5391954827805856,1.3749536390997812,19.891954827805854,50.96295030021639,2.5651302464284904,0.04607114515917909,0.10508034160337239,3149.455164039278,Turbulent,True,True,True
2.920236795491077,12,1.6849611825727275,2.533049719527337,25.71953419087273,65.53250131607663,0.40670680247039936,0.07613719217581667,0.01979466949250969,2154.333931762475,Transitional,True,True,True
2.5291613629219754,10,1.8094559234246883,1.4808053807899824,22.594559234246884,54.59269781929325,1.483611288336404,0.05349561497580808,0.06253820580092213,2870.318206147185,Transitional,True,True,True
4.370029241281717,9,1.4908995849060507,2.7356444451895308,17.418096264154457,42.428239675807305,1.979368434880294,0.0315635097577592,0.14416496566161519,4289.832477805663,Turbulent,True,True,True
2.5679621806778763,4,2.90503590954715,2.973937108461099,13.1201436381886,68.01418122013888,0.5114355608200626,0.08042455194646392,0.021889119633995008,4077.660479844014,Turbulent,True,True,True
4.980514102814278,10,2.4726331990178663,2.4444546364131483,29.226331990178664,45.148182413383566,0.7607465851502516,0.037407029886892464,0.06314848493347718,3782.248896458343,Turbulent,True,True,True
3.2529215950182473,11,2.9646330011058195,2.7889551991289094,37.610963012164014,87.67923483679255,0.11516516495633197,0.12093463928128848,0.00624372086800485,1919.2256196664198,Laminar,False,True,False
4.5446760155161305,8,0.8184653043118751,2.947982986128094,10.047722434495,37.247647865595674,10.939134321443358,0.021328871245338207,0.8285803563528824,5632.028306580563,Turbulent,True,True,True
0.9686060942325134,28,0.6740275044965139,2.226357061606161,32.37277012590239,62.21193581464216,0.5084003844285228,0.059567085675235436,0.008207328511126996,445.36642883930256,Laminar,True,True,True
0.8634729164330885,7,2.3091958414367353,2.4332550350765145,19.164370890057146,206.00587172167238,0.09233978015529477,0.3453460517442411,0.0013288816545580437,971.2515747953876,Laminar,False,True,False
4.4807450119262615,11,0.9375124057245958,0.8582678797264175,15.312636462970554,36.673448546143824,65.30337972862337,0.020135294250015354,4.876796549682595,8470.094238573214,Turbulent,True,False,False
1.422727693354325,5,0.764536319211707,2.6504962319335807,5.822681596058535,56.7578847399474,4.581838553156365,0.053401133008686465,0.10864514326756787,3111.292414300686,Turbulent,True,True,True
0.7773079926992541,18,1.0062133631113652,2.947447831548783,26.611840536004575,82.63031842223451,0.1527954636114346,0.09674754608641799,0.0019794855852226026,407.8543278806416,Laminar,True,True,True
2.1051175984493944,16,1.6233848525828303,0.8971972658559914,33.474157641325284,69.52773399685833,1.81749942601671,0.08221956798205006,0.06376750044799082,1949.1238032103297,Laminar,True,True,True
3.053976289466863,6,2.197464152287343,0.7490908789176279,15.684784913724057,45.46669455252696,20.91741086525823,0.03622137694391435,1.064687946992253,6450.35698897815,Turbulent,True,True,True
4.891525665265955,9,2.211317446464529,1.1360534873417416,23.901857018180763,41.04627919455354,7.741077058864806,0.02915065960321625,0.6310946185039783,6062.920636442494,Turbulent,True,True,True
0.5634259045783511,24,0.8820331601305185,1.264439665918411,32.66879584313244,88.49401605955579,0.46038982578596854,0.10144718761965776,0.004323259234202146,408.39843680019146,Laminar,False,True,False
4.427376162970503,13,2.0080116501271235,1.1176017856011482,32.104151451652605,40.8700785178537,4.367549679888692,0.028489840621177872,0.3222797557221441,4068.6628364226312,Turbulent,True,True,True
3.7954328997551676,10,2.4324925654785683,0.7350696738519509,28.824925654785684,41.41548731108015,10.660495527034879,0.02903947736851947,0.674353257516683,4474.2480523382155,Turbulent,True,True,True
4.34520381364486,17,0.5519670611896039,1.1852006077340365,17.383440040223267,34.394655292096914,51.55982924464709,0.015477527286340012,3.7339661110786384,5494.186401361537,Turbulent,True,False,False
4.1008997436642645,11,0.8745820817307649,1.1536416449899116,14.620402899038414,37.56166757210353,33.02716413050934,0.02161425803545005,2.2573514819460563,6863.640132250915,Turbulent,True,True,True
1.4522116165415777,16,0.6051661051326525,1.9166194076600287,17.18265768212244,73.27408254168216,2.212725912471313,0.08663888378311536,0.053555771238556725,1343.9579334125906,Laminar,True,True,True
2.0991399454410695,11,2.038791736895378,0.9541501652531791,27.426709105849156,63.67004868639462,1.8972069507308749,0.07048473098949835,0.06637504825079377,2380.862519945202,Transitional,True,True,True
4.974254032621284,8,2.011871783238977,0.7952071305340895,19.594974265911816,38.934157325647064,30.43940065594924,0.02497534349995618,2.523555191057174,8271.17574531859,Turbulent,True,True,True
0.7937475551539693,9,1.9747318682273796,3.3335272081458482,21.772586814046416,156.74881179700574,0.05139534629037134,0.24536796344909506,0.0006799155077378981,620.3998399729454,Laminar,False,True,False
2.313332337967276,6,1.6120893982046545,2.5625069628261983,12.172536389227927,56.963137338669284,1.221097999811935,0.05770564948673383,0.0470800915132018,3448.7061001709476,Turbulent,True,True,True
2.898682721538601,12,1.6794643004075664,2.9985123977242365,25.653571604890796,73.77626565738066,0.27606508813048564,0.09258807856218083,0.013337085016397831,1928.1698092038453,Laminar,True,True,True
1.0653127049824465,14,1.36064446786163,3.7899390779674738,25.549022550062823,94.71521566080948,0.08686665040298494,0.1259223098578494,0.001542335771892807,551.6663976842998,Laminar,False,True,False
1.6636544197209282,25,0.5076527621602324,2.6688707674750116,24.69131905400581,53.38122681499664,1.592456211129751,0.04811259627667726,0.04415494689763424,782.2668556263759,Laminar,True,True,True
0.7651190270111158,26,1.0038792429359804,2.4283754542974343,38.60086031633549,72.35759540488999,0.14135294552343708,0.07590717152418629,0.0018025304690674573,320.15481887143625,Laminar,True,True,True
0.7646047602057394,4,2.600142521304754,3.721268264531817,11.900570085219016,300.8150885225134,0.049936879623047624,0.5328095076420171,0.0006363662644933867,1129.137653159049,Laminar,False,True,False
2.633252971675169,4,0.6757778464111384,0.5638087554614427,4.203111385644553,40.93388825879671,896.4766857283203,0.026402910980331654,39.34416494552677,19830.771713602262,Turbulent,True,False,False
1.0734200198266983,4,1.921367137624479,1.320034602841733,9.185468550497916,87.96723550645748,1.970934134358968,0.11252837353941801,0.035260669293012,3091.4393845313507,Turbulent,False,True,False
3.7859618081519324,7,2.8740884704418748,3.181116923101446,23.118619293093122,55.602379502622355,0.32145437559542156,0.0574037768123408,0.020283566484459874,3335.2869673381747,Turbulent,True,True,True
4.516166386128562,10,2.88050181352228,1.5986032970963246,33.305018135222795,45.585469059450595,1.2893239511054762,0.03798452464662526,0.09704669148021697,3764.9791616642037,Turbulent,True,True,True
1.1598041428895873,23,1.2100145408395575,0.9158963979170909,38.83033443930982,88.20082593541846,0.9878737594767846,0.11399406262051147,0.01909566798155144,885.7183658324558,Laminar,False,True,False
2.804188700585545,15,0.9140827025308635,2.566880930050032,20.71124053796295,55.38717058772933,1.2027084833043473,0.055642599002474764,0.05621035898300715,2005.3971198716051,Transitional,True,True,True
1.2636361950883945,15,0.988104057574176,3.636997852716523,21.82156086361264,80.14765983379395,0.22902684144466182,0.09890725285553119,0.004823443441604091,680.1322815969107,Laminar,True,True,True
1.5128443659856585,9,2.605048840810652,3.7034702193432705,27.445439567295868,154.0373404652452,0.04399848198190117,0.24856255017907364,0.0011093809263040119,994.9659539861623,Laminar,False,True,False
1.864618781665306,16,0.8856090552376781,3.0204915664820753,21.66974488380285,74.22899459672907,0.5499223341023238,0.09074039374858783,0.017089925210406937,1114.0650299405115,Laminar,True,True,True
3.440278397783334,9,1.3983475849084719,2.036841464558316,16.585128264176248,44.54154923813156,2.9463567790677283,0.03490018891142328,0.1689381263198198,4155.127295427889,Turbulent,True,True,True
1.31153944268724,15,0.8925283103794797,3.224059081628715,20.387924655692196,79.99604241455138,0.36679082406955693,0.09901996081404835,0.008017677216383003,793.1158958546047,Laminar,True,True,True
1.65659007041806,5,2.438083130483037,2.371508510979485,14.190415652415185,92.29525779095772,0.35796486233334057,0.12590377184683546,0.009883350608332998,2572.2948150825773,Transitional,False,True,False
0.5628772373830815,11,1.7766515793497426,1.567344298122182,24.54316737284717,156.81065527458813,0.15636563505688883,0.23805556999320135,0.0014669109447078782,571.3985904071518,Laminar,False,True,False
1.3114015069782972,4,2.033984844290277,1.2995276510109948,9.635939377161108,76.02869318210628,2.6810769828457994,0.09108410828025051,0.05859947326048014,3672.4635722186486,Turbulent,True,True,True
3.1649321735822658,10,0.9668655441744742,0.9833665825406204,14.168655441744743,40.55066828225369,28.214270426506804,0.026554517667117913,1.4882708704500336,6059.851724927935,Turbulent,True,True,True
1.5658727140727964,14,0.5745802700324627,1.5784443671269395,14.544123780454477,61.84925993411482,4.653983590133535,0.06450851784158294,0.12145909859221093,1939.8284217904754,Laminar,True,True,True
1.8337436995685557,13,0.6021749744291858,1.6014075215121726,13.828274667579414,50.5114619984892,6.271164366641456,0.04317538596907105,0.1916618024381267,2390.2859868443875,Transitional,True,True,True
4.450611994646032,12,2.7799691189287024,0.8837237101899263,38.85962942714443,41.006603564510776,4.681302094551369,0.0287798600223515,0.3472443208761986,3780.1003614476695,Turbulent,True,True,True
4.862092499143639,15,0.9372923819267971,1.029577375163239,21.059385728901958,35.91735907039663,28.43617789480296,0.018875010274615404,2.3043221207772606,6153.755715381658,Turbulent,True,True,True
4.575278286803695,21,1.1965413980204311,2.7676497204385506,35.12736935842905,48.057460988214174,0.6586692791768867,0.042969676482333415,0.05022658752004419,2052.2370920819612,Transitional,True,True,True
4.390026718679534,21,1.2005022632749938,3.2154078123033356,35.21054752877487,53.54729424752366,0.45109416823490456,0.05381661905705533,0.03300525751986253,1767.7121408762998,Laminar,True,True,True
4.326940330188648,11,2.990318144096518,0.8752379605104922,37.8934995850617,41.66875346491494,4.5920490056440215,0.03001174500161481,0.33115870067873,3799.7947378919507,Turbulent,True,True,True
1.7212465977126667,4,1.6972960195250126,2.228684101040397,8.28918407810005,67.11879799345934,1.826766899469546,0.07587715917622409,0.05240527184210122,4092.784746765234,Turbulent,True,True,True
4.352877784167875,13,2.4263982569627496,0.5659805266328366,37.54317734051574,37.854907134196054,17.549855919103305,0.02240386952807804,1.2732062990935311,4178.308009378677,Turbulent,True,True,True
3.9033820151192904,7,1.9724682264215405,2.3050556333556864,16.807277584950782,47.295199554680195,1.853737358519942,0.04090375676688396,0.12059741776669135,4867.8195774816595,Turbulent,True,True,True
4.448421856473749,12,0.8050373296570954,0.8999205288871105,15.160447955885145,36.03813234155779,71.09970491135815,0.018841325668764324,5.271358021941992,8118.858415112878,Turbulent,True,False,False
1.851438511053571,21,1.2463556218803489,3.1711547883833533,36.17346805948733,73.16413688705056,0.16435561523998582,0.08855573726808946,0.0050715719260535485,745.2402685369078,Laminar,True,True,True
1.6036962939918484,15,0.7119368569306118,1.9482993345945165,17.679052853959178,75.0301994858306,1.720764254063502,0.09108714545120822,0.045993054284588095,1500.7023613448296,Laminar,True,True,True
2.978415014914372,22,1.2928016546878456,2.78890601350926,38.941636403132605,68.65031402917015,0.28613068896841587,0.082469073911675,0.014203599004188732,1238.524298500495,Laminar,True,True,True
3.497977243874209,15,0.853578220064657,1.7813698177575727,19.803673300969855,39.35114874059842,5.651474789214966,0.024588384664582394,0.329478836783379,3304.742019951638,Turbulent,True,True,True
0.7190035467837576,27,0.5740797149409778,3.963804738351103,28.5001523034064,54.06918160462578,0.2750477330194507,0.03812403437850975,0.003296004926263618,219.12792795874734,Laminar,True,True,True
2.720621787378731,7,1.1871926915625473,3.930044257307357,11.31034884093783,51.05456449452953,1.0286514247196343,0.0468197596682081,0.046642857961840166,2836.0801588441245,Transitional,True,True,True
1.6351285348475766,13,2.314270989344358,1.4931533353207684,36.085522861476655,119.57927954757247,0.26268345440785107,0.18035779933276871,0.007158686865576828,1233.562510055196,Laminar,False,True,False
0.8172027741061361,16,0.5040771190746622,2.865119790461993,15.565233905194596,68.68982838144063,1.1356406156997823,0.0697703511269085,0.01546747769229104,566.0663682447112,Laminar,True,True,True
3.7584825746789208,14,2.259341549109421,3.9655096491951713,38.13078168753189,82.16045313238575,0.08915769327285403,0.11049213411274705,0.0055849606094098316,1610.421010703531,Laminar,True,True,True
1.591814158365303,4,1.1855964305633464,3.347342923531888,6.242385722253386,63.93296922083906,1.5918096699779214,0.06882570385136778,0.04223108616822759,3278.206900497797,Turbulent,True,True,True
1.3578924047269663,8,2.5534353408191874,0.776742120787845,23.9274827265535,102.83837077583054,1.59595735948309,0.14507916153301942,0.03611897294516987,1903.2327045527795,Laminar,False,True,False
4.324363467110613,6,2.9531556268599717,2.8520550280485537,20.218933761159832,51.832767993619115,0.6686903815521359,0.050337792256803175,0.048194337613205226,4635.92981681336,Turbulent,True,True,True
3.9607786122800914,5,2.7818422529528153,2.753154337698119,15.909211264764076,53.460721354931735,0.9900878585897621,0.05328822438981307,0.06535864690967541,5344.131094687691,Turbulent,True,True,True
4.475981328131045,17,1.0886300425347022,2.2385822325132247,26.506710723089938,39.44502883026624,2.1766148360648985,0.02567503678335458,0.16237478941265837,2954.8996197267115,Transitional,True,True,True
3.7841851447871178,4,1.0283494831549458,3.923149591419731,5.613397932619783,42.49599548192692,8.043259959822006,0.031189224221422344,0.5072864142603244,7134.434907153055,Turbulent,True,True,True
2.4557466233174274,9,0.9545386323094291,1.660123586935271,12.590847690784862,45.26568950199336,6.709478240448922,0.034671501898114916,0.27461297555340325,3896.8110807912085,Turbulent,True,True,True
4.35721367951937,28,0.765951623277419,3.906395965341778,34.94664545176773,46.69833291248356,0.7542359006559436,0.04009401085455788,0.05477278306537817,1243.6540267793391,Laminar,True,True,True
4.388624045692396,9,1.2591128363453334,2.863097507333672,15.332015527108002,40.8209981812403,2.8021420315824486,0.028362979234111064,0.2049591316541346,4417.1242636627085,Turbulent,True,True,True
2.9719313702412764,12,1.6164917252937694,2.292652471049805,24.89790070352523,58.23077466671916,0.6027068335195468,0.06161945453949579,0.02985338909325879,2365.7003633304143,Transitional,True,True,True
1.9891435091651,16,1.1625532645140493,1.4552680436242964,26.10085223222479,75.3566806895079,1.1213404702227652,0.09347890426242503,0.03717511863179591,1773.331925768882,Laminar,True,True,True
2.512395342155908,9,1.314909006948329,1.4494592544779696,15.83418106253496,48.07301090174235,4.28702653251602,0.04041827140754133,0.1795117581998674,3770.799744884818,Turbulent,True,True,True
1.2913238717645268,5,1.052319655532281,1.2023331889452111,7.261598277661404,61.31617257254268,10.01234927500401,0.06148845341470477,0.2154864271876155,4277.296835472782,Turbulent,True,True,True
0.5041674802913221,4,0.597396973540308,1.4552893412121504,3.889587894161232,114.85178710562748,6.3116413753335445,0.1511607308539551,0.05303540547840613,2292.852663077979,Transitional,False,True,False
1.0680864645482697,16,0.8111221208708803,1.9585628886291564,20.477953933934085,89.56120252262366,0.7536663104252591,0.1156493634016703,0.013416346415854227,899.9946862341039,Laminar,False,True,False
4.4154292532619746,14,0.7684146242163254,2.5100405078794306,17.257804739028558,36.47792759579582,6.292315719642833,0.019696744335004217,0.46305458165451885,3592.19205072038,Turbulent,True,True,True
2.5464618161401713,8,1.9481354897363639,1.9298083454754913,19.085083917890913,56.76463277086002,1.017197471243176,0.05787814078320623,0.043170908666584795,3064.9935398599364,Turbulent,True,True,True
4.149044385502821,6,1.3508611598159694,3.562140201654062,10.605166958895817,43.285299580902965,2.711288604843845,0.03310224064867911,0.18748761272341888,5255.7396400617745,Turbulent,True,True,True
1.731651834356532,22,1.2662009432964498,0.6222052713796128,38.3564207525219,72.94428653993538,3.5091318318087747,0.08757837288241181,0.10127657622584268,1556.4184573303048,Laminar,True,True,True
1.7656068509340859,8,2.150294084705077,0.9979904249480731,20.702352677640615,67.11894977802936,2.04530889000153,0.07608751578960098,0.06018685647438487,2617.6642556792526,Transitional,True,True,True
1.001142377539646,15,0.6938791856536659,3.5612239414502884,17.408187784804987,71.9955892803946,0.4725432131076006,0.07961722562597807,0.007884717264346114,585.7042735428146,Laminar,True,True,True
4.748518019734377,7,0.6164028793219657,3.160251235402391,7.31482015525376,35.302089151025825,28.455635421443187,0.017573680501265218,2.2520349593619136,6707.130178011461,Turbulent,True,True,True
2.299780539803709,10,2.1714636145524606,1.9007420741180936,26.214636145524608,81.77065920146367,0.38814799057074106,0.10728403725512355,0.014877586587975064,2108.8252134573218,Transitional,True,True,True
2.653220471636682,10,2.439314535055695,3.921270944451259,28.89314535055695,110.23174568115658,0.07499578210508481,0.16503975309041494,0.0033163390727935825,1557.6150796854768,Laminar,False,True,False
2.4996477318720456,18,1.355787515619015,1.8075685226533695,32.90417528114227,74.47145814040236,0.584853716338134,0.0931859557169966,0.024365471092025883,1639.2384264907498,Laminar,True,True,True
1.1025008121883173,26,0.7161185331720156,1.9976299211273651,31.119081862472406,66.42450475777345,0.6293823629714874,0.06979652623688445,0.011564909439217785,583.4718095657931,Laminar,True,True,True
1.25310771189972,12,1.3660168649360216,3.277522122870622,21.89220237923226,107.99708372933185,0.14800487783288543,0.1545104192707415,0.003091100896852744,839.7344246922809,Laminar,False,True,False
1.606674427651112,11,2.752953548121532,2.484252154603414,35.28248902933685,141.07443309654417,0.07402330424990672,0.22319224550619665,0.00198218916647605,1041.4045265825869,Laminar,False,True,False
1.372066757475857,20,1.3619154849148858,2.566292225144231,36.73830969829771,84.17103575590714,0.14626579790390995,0.1078539714704772,0.003344773984327278,652.130781359255,Laminar,True,True,True
2.779750128919341,13,1.6169908617264224,2.400733432185869,27.02088120244349,70.51480768479378,0.4018994621011841,0.0858527567497827,0.018619668026473003,1987.3125383621991,Laminar,True,True,True
1.702997215059076,8,2.0311137883496295,0.7455603481982345,19.748910306797036,59.38087656276622,4.910084579786721,0.06031172555734257,0.13936433941802165,2862.746765634412,Transitional,True,True,True
2.0147316510448254,23,1.1482120022703886,2.618118975010774,37.408876052218936,70.89036649932531,0.2698473240709732,0.0846381572574411,0.009061165745925664,868.4699337404073,Laminar,True,True,True
3.568098711641888,10,0.6238373551671895,0.9592173625052154,10.738373551671895,36.88122851992171,107.56284616657484,0.01972939221211114,6.396580880458171,8416.37022471568,Turbulent,True,False,False
3.3725298371434826,19,1.0640949640758977,3.226984803702637,29.217804317442056,60.50708111385142,0.49268946151803744,0.06674722491040742,0.02769349849026228,1544.612370896502,Laminar,True,True,True
1.786662269766242,9,0.67896825537979,0.6275118155845139,10.11071429841811,44.36525390937848,84.00252089244483,0.030676174518439087,2.5014022440630277,5673.891991836815,Turbulent,True,False,False
4.952479580148852,28,0.6630391747488408,3.7623970692991016,32.065096892967546,42.964257689612914,1.3529608280199412,0.03302282476851013,0.11167518122516736,1492.4248466244208,Laminar,True,True,True
2.47283190738567,17,1.1812214802929974,2.805858683860973,28.080765164980956,75.33773768373948,0.3804261330839504,0.09485608530994222,0.01567883133822233,1362.3057941785187,Laminar,True,True,True
2.2880024789294335,9,0.5110023047588764,2.0630340256166573,8.599020742829888,40.353262207668585,19.61223707337315,0.02441703235913403,0.7478807840204917,3687.9345572082634,Turbulent,True,True,True
1.740494452042248,6,2.138728421397421,1.5801536991329665,15.332370528384526,71.24050382698653,1.1035628354204492,0.08421302759869939,0.03201241654215507,2912.6806949031625,Transitional,True,True,True
1.1157430280177631,7,1.7277045662364512,0.5588907873848865,15.093931963655159,71.11172148612975,8.489364646916876,0.07932587332186626,0.15786582361829973,2602.9194102318047,Transitional,True,True,True
3.911007943100059,9,1.5921300188444358,1.230544092029362,18.329170169599923,42.24187801937485,8.91494226204729,0.03080430214216844,0.5811068333190893,5748.696032056431,Turbulent,True,True,True
0.70729205045986,12,2.536938371295479,3.053886977580098,35.94326045554575,139.38344722969956,0.023394280601182555,0.2084211639984904,0.0002757764782573956,393.66381979332465,Laminar,False,True,False
2.3387034543226264,16,1.9867566797940008,2.026862823311762,39.28810687670401,95.52592703655208,0.21594780027548532,0.13489871251545946,0.00841729777429417,1359.8871594953746,Laminar,False,True,False
3.1055724940558003,8,2.2024165003128973,2.2769809523659337,21.119332002503178,54.002510094897076,0.7411939799781198,0.05337129373731443,0.0383638606163299,3236.055659600407,Turbulent,True,True,True
4.732749491754014,17,1.5700704539542154,0.5557070606389882,34.69119771722166,35.90547095835235,32.45795328599872,0.018770347133297623,2.5602560319614325,4890.245747529658,Turbulent,True,True,True
3.7154844422153697,17,1.1866203565438198,2.82716287664517,28.172546061244937,53.10389077521339,0.646604904350336,0.05233470022291637,0.040040841039563846,2033.2768137694668,Transitional,True,True,True
3.1712593609308444,6,2.2057242966493287,3.0905117304360137,15.734345779895971,55.05060288262494,0.6444193429758902,0.05556345852417408,0.034060347896286605,3726.465265591658,Turbulent,True,True,True
1.9949575045129806,12,2.566369653723867,0.7579354124841903,36.2964358446864,79.15692793961992,1.632811155271412,0.10110048246990858,0.054289814461020214,1867.3917184716772,Laminar,True,True,True
0.5483917292001148,26,0.8900208695687744,3.5762516153170245,35.64054260878814,66.56070402086263,0.07712456983073146,0.056880360539441455,0.0007049079368881639,176.3421898064712,Laminar,True,True,True
2.412417659995764,7,1.1873292299259544,2.0017629059538677,11.311304609481681,49.22122340848299,3.8469869133357735,0.04247732160070263,0.1546756527917302,4035.2578345157563,Turbulent,True,True,True
2.2767840171528455,4,0.8447489560299133,2.795704116908582,4.878995824119653,47.584599460095525,11.218776511516355,0.03884871647328985,0.42571218422383655,5838.352362943335,Turbulent,True,True,True
1.114719812508449,12,2.438561131681686,1.2059080464815877,34.76273358018023,134.29753107065937,0.28641568690228775,0.20568565364752228,0.00532122068005328,951.774553438281,Laminar,False,True,False
3.7911708820999026,5,0.8133150244361269,0.8036101890080143,6.066575122180635,38.64312208068899,317.0288397456345,0.023490484523176435,20.03184176715943,17510.450498484315,Turbulent,True,False,False
1.7214773790396933,11,2.437978299646799,2.817745248905456,31.81776129611479,134.07349128100756,0.07893286619747658,0.20978766655181738,0.0022646857270287135,1111.8853774849224,Laminar,False,True,False
1.0187184551258524,20,1.0946600910965494,2.0488465565064993,31.393201821930987,86.31191705417042,0.2632231792853304,0.10849787679070103,0.004469171842581118,605.053381020979,Laminar,False,True,False
3.359004093714129,11,1.5835493887712666,1.355878015131321,22.419043276483933,44.26273410925638,3.8004158628134364,0.034241349171819965,0.21276020735010742,3879.171730443691,Turbulent,True,True,True
3.6314544570272393,10,1.7982847685392298,2.4404685910609243,22.482847685392297,47.84037669398084,0.9148702048260597,0.041718050953967814,0.05537182471528364,3199.0892163599133,Turbulent,True,True,True
2.0313528964993774,8,2.6496251421638353,3.4591026455039993,24.697001137310682,138.81181594974896,0.07519213990398163,0.22053949923077323,0.0025456961864656585,1552.131506873209,Laminar,False,True,False
0.9907443791709409,6,1.4845868904625557,3.9990019787201248,11.407521342775334,166.67698077801018,0.14050516767676707,0.2688291520104525,0.0023200784186704596,1124.422111883582,Laminar,False,True,False
1.5126063335809357,22,1.2013105135362236,2.0473720309450463,36.92883129779692,80.39369158159006,0.2876660990124165,0.10127375552833341,0.007252092722045029,790.277933856865,Laminar,True,True,True
2.7447301599206946,21,0.9497161617563195,3.574340070154134,29.944039396882708,61.00709124939653,0.4044871849758934,0.0667712724211716,0.018503469598412592,1078.7883861509085,Laminar,True,True,True
3.6957512322441337,11,1.9304082578686461,3.5780212608378394,26.234490836555107,60.27452601430127,0.23975356498227882,0.0666552906492519,0.014767825553636349,2277.540692721691,Transitional,True,True,True
1.0476062931834027,10,1.04178078103308,0.9220210435559545,14.9178078103308,93.27970728218892,3.1106380957055757,0.12282298179432338,0.05431206741461995,1991.977077007311,Laminar,False,True,False
1.9579079603831737,5,2.3720675011708616,2.837733545204877,13.860337505854307,78.98639706631772,0.35295417299374554,0.10062292186745324,0.01151752974924857,2806.6291149088297,Transitional,True,True,True
2.036089949858197,11,1.0402801377054278,2.1973608758526524,16.443081514759704,65.4656903363911,1.1759520435059583,0.07386372955216154,0.03990573562162818,2134.811231848743,Transitional,True,True,True
3.72499416709038,13,2.394291302031635,2.7042572115372145,37.12578692641126,67.59959569061924,0.19549648145786358,0.08133599783775967,0.012137054218620574,2098.551277917085,Transitional,True,True,True
4.044031531428669,11,1.1272740721872807,2.7085985065656586,17.400014794060088,40.60001560392532,2.5222083239568613,0.027641608553634598,0.16999816651522334,3578.834149184101,Turbulent,True,True,True
4.9128812381416465,10,1.0694679774030118,1.328394012591797,15.194679774030117,37.48877978040962,23.638900604596707,0.02204844877668739,1.9355851878436396,7650.608511440812,Turbulent,True,True,True
4.364029042177389,18,1.4022569837282073,3.0012405641265945,33.74062570710773,52.11560393536764,0.441319496695472,0.05093371070086772,0.032098851674302466,2055.896584894616,Transitional,True,True,True
1.2143686108764347,10,0.8976793870687556,2.202254481433166,13.476793870687557,104.03395677748651,0.9128246844443558,0.14621782677990894,0.018475094067040204,1462.7900612405515,Laminar,False,True,False
1.5966353940472708,9,0.5230973035462817,1.7965735691928177,8.707875731916534,47.63891745510517,11.911042491381123,0.036264898412966616,0.31695986702900136,2855.753848248441,Transitional,True,True,True
1.9321274957828145,10,0.577889527066676,2.6743161237478223,10.278895270666759,52.299837125718554,4.167277657599933,0.047151732308056485,0.1341951957468372,2218.4093029180513,Transitional,True,True,True
3.1197518071006027,5,1.5299368100299697,2.1278567496243355,9.649684050149848,49.09919156602338,5.060229583035882,0.04358571702731143,0.2631110064336687,6369.6379338674105,Turbulent,True,True,True
1.8824051013454093,9,2.082764342661589,1.1637623354184363,22.744879083954302,71.40588331487805,1.2812883253070941,0.0851670925872163,0.0401983946642065,2405.6669549244352,Transitional,True,True,True
4.637286159654846,12,0.7577486752132749,0.5240730386201657,14.5929841025593,34.62549907978345,325.02841437209287,0.016147809587552877,25.120829457704446,11257.421392123424,Turbulent,True,False,False
4.347253078837399,11,1.3883996758899961,2.584248970685413,20.272396434789957,41.49261429497288,1.854027403374852,0.029675006443953683,0.13433210562617057,3714.719102627504,Turbulent,True,True,True
1.5059484537765502,23,0.9209741216134399,2.1490219729855298,32.182404797109115,72.00863720513944,0.4694872259017236,0.08446158651159134,0.011783726031909043,796.3946701027227,Laminar,True,True,True
2.089345233744324,19,1.0453729614025788,2.820246951962165,28.862086266648998,73.22033736163894,0.3791468790715153,0.08955317083766548,0.013202812077951768,1062.236824192968,Laminar,True,True,True
3.950876841362659,20,0.916590357571186,0.6535039919627059,27.83180715142372,36.09824645721547,37.65702186531607,0.01855416894595295,2.4796375933727424,4698.093356759643,Turbulent,True,True,True
2.3127770299701575,24,1.0873638631326747,2.361225951496133,37.596732715184196,68.37774355792601,0.40022265080327624,0.08053336832561765,0.01542709589419308,1043.4337487712744,Laminar,True,True,True
2.456978694896553,15,1.9800072186221758,0.5893614299845761,36.70010827933264,51.346280599318746,5.558699050403781,0.046835622574916275,0.22762675230306315,2380.4968325328705,Transitional,True,True,True
0.5335539414071137,12,2.6291045657418715,0.6624841567216777,37.04925478890246,125.5334356741105,0.5381028446845819,0.1740960773965377,0.004785114894397311,504.4003945732759,Laminar,False,True,False
2.861578176500381,12,0.995428074056089,3.635057933928019,17.44513688867307,59.6685890895823,0.7185616353718408,0.06430835403800529,0.034270338237508066,1923.010651239042,Laminar,True,True,True
1.5833432908588727,9,1.2905817754655877,1.8928269819459613,15.61523597919029,85.54676413109544,0.8584899529895833,0.11200492852587357,0.022654738455596762,2063.59309970802,Transitional,False,True,False
1.6060310442451555,8,2.9972288718860582,1.3037831768385337,27.477830975088466,125.4657637637509,0.39376472875941604,0.1919713187772635,0.010539972975273254,1742.9189291435853,Laminar,False,True,False
2.397598496526165,8,1.8964101669197662,0.9210000030463266,18.67128133535813,49.719757917723456,6.49406103418506,0.043437521157585,0.2595025161985209,3972.1010612863415,Turbulent,True,True,True
3.2118829354660328,11,0.6387149663107867,1.0901656664104875,12.025864629418654,37.8601188076158,53.66351166348799,0.021239883347988733,2.872681956152325,6306.463849062137,Turbulent,True,False,False
1.225365093155139,28,0.8622853921458496,3.7267246227100137,37.643990980083785,56.172489635531605,0.1640278888629288,0.050601235715624866,0.0033499008219427255,356.10032053606346,Laminar,True,True,True
2.8082950273008533,12,2.0589378692567113,1.7512086138934229,30.207254431080536,64.28501882436525,0.56619824058852,0.07344579917809133,0.026500861725187213,2293.526218613904,Transitional,True,True,True
1.743107634652602,10,1.235807437087084,1.7027607400541749,16.85807437087084,72.49284614190655,1.2139483871094405,0.08673010718411975,0.03526737836074464,2214.992861241425,Transitional,True,True,True
2.5373789342188573,17,1.7643342179608887,3.9450990412364355,37.993681705335106,83.76243067494805,0.08519392542830877,0.1118535076463824,0.003602821195086716,976.174154416943,Laminar,True,True,True
1.5049516467287323,14,0.8737793487233474,1.7249973144779043,18.732910882126863,85.19747084487071,1.2939858788054122,0.1108329245664141,0.032456436319198846,1544.576594706886,Laminar,False,True,False
3.727898234178819,17,0.9361553594014365,2.534729576425151,23.91464110982442,44.345794610002514,1.5973808362820576,0.034831405139907776,0.09924788664811612,2359.1676663311423,Transitional,True,True,True
4.027669410880248,5,1.5407837218295009,3.780761125525746,9.703918609147504,45.86304405325578,2.2062544347752047,0.038153209613324905,0.14810105832604975,5652.362191626717,Turbulent,True,True,True
3.034652596116393,21,1.2363901874159984,0.579800866512393,35.96419393573596,40.24763265500006,14.07811926360944,0.025753248568375103,0.7120366861958097,2971.0642987774786,Transitional,True,True,True
1.880752279427781,5,1.5791255202531316,2.4400434734785934,9.895627601265659,62.81846663890589,1.378385250430718,0.0679855410273778,0.04320668669462009,3494.694545409162,Turbulent,True,True,True
2.9864657289784096,19,1.598704416447231,1.248363541772808,39.37538391249739,58.604683135991664,1.124108458124294,0.06239083670502181,0.055951856430716096,2061.5316069728,Transitional,True,True,True
4.625127851384074,5,2.941449975308335,1.5487641372322418,16.707249876541674,47.16326420158307,4.752863230357205,0.04121518232189112,0.36637666834240645,7692.554546791206,Turbulent,True,True,True
2.7501629672193784,9,0.6384801542882441,0.639599609496004,9.746321388594197,38.89282343386488,197.45888497794328,0.022553093892751154,9.050735216912841,8927.746674501703,Turbulent,True,False,False
1.5232592553028186,13,2.05370139383786,2.4703524882520203,32.69811811989218,121.20223618247722,0.1084313461643669,0.1829573783356856,0.0027528175268302607,967.13388878896,Laminar,False,True,False
4.257249856938261,6,1.7083375330403419,3.6300124431825993,12.750025198242051,45.71436220081999,1.4694382370426868,0.03804852030289603,0.10426276207382645,4963.119634732611,Turbulent,True,True,True
2.6327039634157723,21,0.6569081948265072,0.5130392782716726,23.79507209135665,37.64372189191581,65.59930424377994,0.01982143863635991,2.878392471331942,4001.292183485693,Turbulent,True,False,False
1.9613845239836376,9,1.973826486341907,2.093306216779051,21.764438377077163,94.18681770783226,0.3498948061647095,0.13103679083479036,0.011437970963895266,2000.8557924037523,Transitional,False,True,False
2.148674697092707,12,0.8103750322766957,1.6613441884019666,15.224500387320349,48.41382469105851,4.326640512249247,0.040130324079561505,0.15494238320143644,2705.0430783080137,Transitional,True,True,True
0.7108566020021978,24,0.6212364556799161,1.1723997848722396,26.409674936317987,80.52980568395091,1.4549989969629409,0.09081590345934774,0.017238260714961373,616.6238040907452,Laminar,True,True,True
0.5192726478482075,8,1.7605257541971657,2.349100384488894,17.584206033577324,188.48027799111148,0.09144040902782245,0.29924799789654016,0.0007913750552700084,589.7759273412463,Laminar,False,True,False
3.460513016326977,18,0.50801922671296,2.85861904042673,17.64434608083328,40.73173345586646,5.14460372268991,0.027305016026588195,0.2967161357702109,2132.3349409266534,Transitional,True,True,True
2.887138054654846,16,1.9312239394719504,2.629458612903755,38.3995830315512,86.20491788737847,0.17349741791326392,0.11742553189202483,0.008348516627362327,1477.4119969705066,Laminar,False,True,False
3.5672488175183257,28,0.8060221193261675,2.8622448528369584,36.06861934113269,51.6516184120312,0.8326566189602133,0.04926921112192175,0.04950488898974379,1296.8756399051558,Laminar,True,True,True
4.461596969057668,6,1.6076299983958675,1.705766980871414,12.145779990375205,42.90572940367203,10.170935809028308,0.03258607258003558,0.7563102729673468,8380.105980322174,Turbulent,True,True,True
0.588735248051686,8,0.630221937424225,3.75459590383538,8.5417754993938,102.0873153358038,0.6300439417022088,0.12973177038182176,0.0061821512716918655,626.7038922231245,Laminar,False,True,False
4.83212233477624,5,2.7774645987445106,1.916601370349435,15.887322993722552,47.491255293699794,3.39963325437372,0.04200444579126769,0.27379072964178813,7687.809702401513,Turbulent,True,True,True
2.5192918373731663,10,0.5946652916078206,1.5249639373914803,10.446652916078206,40.14928158906707,24.135825003280818,0.024586492348418584,1.0134197819838757,4438.155114180805,Turbulent,True,True,True
1.0520306132539285,14,0.7559258250378069,2.4630155052773572,17.082961550529298,87.63255077278174,0.7117384995945842,0.11158643741307178,0.012479511503415357,871.7082931814919,Laminar,False,True,False
0.9444418597110301,15,1.7012842870483715,2.0479882779292353,32.51926430572557,115.58241127420445,0.12344465079544216,0.16592791487872685,0.0019431049261437682,627.0769706605745,Laminar,False,True,False
1.119356533095662,6,0.5111225620221576,1.1754105461874533,5.566735372132945,52.484098707041596,36.7559052333835,0.04211226367865205,0.6857160442138809,4130.534117452349,Turbulent,True,True,True
1.3286308401203413,14,1.5940297266376269,2.4768992710696702,28.816416172926775,110.54542947236354,0.15075768578939333,0.16025987942712355,0.0033383551787493347,870.4957648669676,Laminar,False,True,False
1.1241842142146417,6,1.2331837335211113,1.570800487507012,9.899102401126669,85.0610652435543,1.7578391898216128,0.10732140509544943,0.032935584472088525,2495.1379622654663,Transitional,False,True,False
1.4065545301130489,16,0.7573476176184994,3.3765466201454513,19.61756188189599,70.70138769360386,0.5298836457712256,0.08117183651657384,0.012421837373205591,794.0742749507835,Laminar,True,True,True
2.6568710722300355,21,1.145303749123895,3.3141182243445417,34.0513787316018,66.93059887192678,0.27202302101291825,0.0784449118102944,0.012045501591830762,1059.3915706210148,Laminar,True,True,True
3.8827684614809748,5,2.6895415822434443,2.6073073910059223,15.447707911217222,53.10796686897163,1.1792281636209436,0.0525097190721553,0.07631116537662544,5474.4159921793025,Turbulent,True,True,True
2.4030767046112476,26,0.9850001112323593,2.7777963653125863,38.110002892041344,61.535730354010184,0.3770176147522743,0.06708314856293311,0.015100037453988135,917.2071967538797,Laminar,True,True,True
3.132809402417843,15,0.8871610285720897,3.599820220158812,20.307415428581344,56.89122048403017,0.815878822916433,0.0591890005229782,0.042599880794436724,1738.0903840482956,Laminar,True,True,True
2.1581069148976866,10,1.3197023019494596,3.5444985014905153,17.697023019494594,88.19334137382498,0.310021446573887,0.119718628761788,0.011150990460294823,1656.7056680868288,Laminar,False,True,False
4.6263046363780305,5,1.7259960431490837,3.8471897902569627,10.62998021574542,45.24049253926571,2.0114846746142274,0.03737043042490055,0.15509568126951925,6199.327717489161,Turbulent,True,True,True
1.0052880341010728,8,1.887063500941421,1.574959527817101,18.59650800753137,168.44847392910384,0.34346083594859633,0.2725822709420862,0.005754617809357925,1355.3593956744403,Laminar,False,True,False
4.961291219985294,22,1.1035251657272318,1.4180190625158517,34.7775536459991,36.86213665538474,4.642014236947592,0.020823743433016722,0.38383974128024706,3339.560734874188,Turbulent,True,True,True
2.0095066667716748,18,0.530642004662568,2.71280337980912,18.051556083926222,57.90305173568507,2.3464631374554226,0.05864495608442552,0.07858722196751086,1285.2696543993868,Laminar,True,True,True
4.994129716341722,19,0.9598361311725494,1.4861843523922362,27.236886492278437,36.012529344581566,7.946670588017047,0.019143601011219407,0.6614450621599113,4012.6383989287738,Turbulent,True,True,True
2.4143696364967124,11,1.1272823223814117,1.7143600887863546,17.400105546195526,49.54994984937617,2.5752138331605,0.04313959718406348,0.10362530143781702,2884.2011558564004,Transitional,True,True,True
4.630741257302914,13,1.5172148997871342,1.64850230612178,25.723793697232743,40.114015786006206,3.4744244689953865,0.027120457078813203,0.2681526788993284,4201.641010982022,Turbulent,True,True,True
1.1537261031471597,21,0.8659745722155183,2.607961993717275,28.185466016525886,72.07005776994735,0.3395993018399159,0.0816671608441958,0.00653007631905437,590.5347203396286,Laminar,True,True,True
3.8415607779004315,15,1.1168903481930241,1.0628922680776012,23.75335522289536,38.80033437482204,11.46236959592005,0.023854698231987805,0.7338898243580814,4387.197258633148,Turbulent,True,True,True
2.1101451458691036,11,2.2376584747874455,2.8304879722467184,29.6142432226619,118.15803881396964,0.11664555743050346,0.1794964645582076,0.004102317613319544,1413.3651723579803,Laminar,False,True,False
3.4599034561278663,9,2.127359808554469,3.6652519503207444,23.14623827699022,60.78799162882923,0.23392067919877538,0.06741679974335754,0.013489049440327014,2478.169151527784,Transitional,True,True,True
3.1880116342014935,7,2.1255306854542724,2.8862626968937692,17.878714798179907,54.05269364851704,0.6246208173475731,0.05359148488167977,0.033188307211141826,3393.2245168089453,Turbulent,True,True,True
1.6503248478609036,23,1.0409989082031639,3.4016338951308884,34.942974888672765,65.084785070659,0.18816943079762924,0.07144984842443777,0.005175678120886172,603.0941009565089,Laminar,True,True,True
1.3502558770798494,11,2.4477593468359173,0.8009964007223349,31.92535281519509,115.12503293849987,1.0336642553577682,0.16959255002384063,0.02326185392873654,1410.8804874672498,Laminar,False,True,False
1.3584242860999887,10,1.638827265474788,3.7556367506066968,20.88827265474788,123.23522235868066,0.10007406046870526,0.18587701410584428,0.002265717235822134,940.3099546621809,Laminar,False,True,False
2.451807381593669,14,1.5291107922193088,1.592630254123787,27.907551091070324,66.62600856602825,0.8404821408311064,0.07738272514613954,0.03434500528312261,2094.813358621857,Transitional,True,True,True
1.9656266438191297,14,0.6020889933547029,2.8863585397621163,14.929245906965841,62.92311338966876,1.9763276598069623,0.06852521621965163,0.06474537175055457,1502.8813533993587,Laminar,True,True,True
2.987379698326114,14,1.3866389401409116,1.0719580213909203,25.91294516197276,44.09757262020673,4.72087667700946,0.03337808987116698,0.23505085238665513,3240.8501152786657,Turbulent,True,True,True
3.986161668550522,22,0.9718313858574064,3.0455799586960084,31.88029048886294,52.38284310347416,0.7045857961501314,0.051155603472639026,0.0468098815469801,1684.1075510347978,Laminar,True,True,True
2.6084526326384303,12,0.5781931281870161,3.859798467705395,12.438317538244192,51.385996749339405,2.4913048175466788,0.047255169755843957,0.10830751016724063,1828.9386179340431,Laminar,True,True,True
1.1648905028244834,5,1.4619865874892684,2.2130046474044462,9.30993293744634,100.22989029506543,0.7537336791590822,0.13810636764624665,0.014633620075189518,2367.2421744753074,Transitional,False,True,False
4.034498100503768,13,0.5152256991878169,3.7636521796762614,12.69793408944162,36.103104830125275,7.533207494142892,0.01863937853099487,0.5065451887636707,2708.321193678423,Transitional,True,True,True
3.461145396728508,12,2.329181958669473,0.8214680562801036,33.450183504033674,43.36635806010691,5.191291279613705,0.032575025019053606,0.29946356525853035,3418.395685035941,Turbulent,True,True,True
4.234939920432,15,1.0104715991050104,3.803816633336529,22.157073986575156,45.96631690770616,0.8556380486618274,0.03853462258357133,0.06039292882864185,2189.816901377311,Transitional,True,True,True
1.1999560997177057,5,2.5296902764684823,3.36545639696055,14.648451382342412,209.40226293548736,0.08222936568437293,0.3568121092990808,0.0016445271488146852,1520.1436698187683,Laminar,False,True,False
3.8244173894656126,7,2.9013261597617617,1.4468887003989561,23.30928311833233,48.481416307982286,2.3181900708916605,0.04320007035695012,0.14776210698674314,4691.807068965676,Turbulent,True,True,True
4.219919325456294,14,1.8434965639233518,2.0596001039546508,32.30895189492692,45.564129843805546,0.8796143572626934,0.03771815340216835,0.06186502708602762,2883.7041476844233,Transitional,True,True,True
0.5263251020312325,13,1.9361554838478943,3.1162706071738353,31.170021290022625,126.96206167433778,0.027797770878416193,0.1765828976304581,0.00024384440989705378,299.22278360618134,Laminar,False,True,False
3.58391859088659,21,0.7655436209410883,3.0898024711363465,26.076416039762854,50.5812208579839,1.1902783749309758,0.04714717935694198,0.07109767993742339,1652.9486715336757,Laminar,True,True,True
0.7484100494363202,6,2.5244229476198865,3.2865206552673967,17.64653768571932,231.09371979413947,0.04350313131389784,0.3929595130971286,0.0005426363442878169,801.5407313975369,Laminar,False,True,False
1.136270426349947,29,0.7415637274223559,2.713999269250955,35.50534809524832,58.47717607434699,0.3388553010062362,0.05428978473402835,0.006417187622421595,423.3979858737892,Laminar,True,True,True
3.5730259517689027,5,1.0239911208169412,2.0783237710917972,7.119955604084706,42.52249715031461,18.69339028688868,0.03101749111144149,1.1131994770266331,8601.301786182637,Turbulent,True,True,True
3.0789326360368228,7,2.9971581009792074,0.5907417983183045,23.980106706854453,43.61289545136455,16.617743325735365,0.03255197204506064,0.8527485377148285,4577.683117651111,Turbulent,True,True,True
0.5014148883983913,14,1.4153909195060497,3.5934303263452105,26.315472873084694,106.17273336722477,0.0403529118933406,0.1336459331769894,0.00033722584689249165,267.00386841298837,Laminar,False,True,False
2.3544717583148307,20,1.2815276694606035,2.8213330997869295,35.13055338921207,75.26275090571423,0.24794720709483925,0.09441356890546769,0.009729744944297293,1071.42211757021,Laminar,True,True,True
1.2582172368743199,20,1.5000624894610324,3.2508838750771947,39.50124978922065,81.79844675396278,0.07227356928029431,0.10215977995228191,0.0015155975106482772,494.4579958729701,Laminar,True,True,True
3.16169453335818,16,1.8429678858175833,2.1382988350945764,36.98748617308134,71.07424318445543,0.33334995570528625,0.08759701143546272,0.01756584554414325,1853.3717924032417,Laminar,True,True,True
1.9720051520952264,6,0.7754014901333082,3.933891774670962,7.152408940799849,52.91653837057761,2.359051070466112,0.04853574620400617,0.07753434775024887,2606.063270778816,Transitional,True,True,True
1.2921949395196504,17,0.8639567302555896,2.4956756354462835,22.687264414345023,80.49370526704729,0.5049003341894327,0.09985103089376794,0.010873827613356087,844.8337499867391,Laminar,True,True,True
2.4965130851721518,9,1.1238929550663899,2.0029818405753486,14.115036595597509,47.982541931111015,2.924556632430852,0.040200894801379415,0.12168656501984373,3312.5675437355667,Turbulent,True,True,True
3.5308483297777307,5,2.788114440075951,1.5722118301219703,15.940572200379755,51.71566530372144,3.2062077288919273,0.04935571702346724,0.18867722007464188,6047.473412632785,Turbulent,True,True,True
1.3918056387028397,11,2.886419617182036,3.3369621354136276,36.750615789002396,142.27623744649557,0.03234625105002802,0.2242131192993383,0.0007503282433721109,759.1775577005077,Laminar,False,True,False
2.044119311795595,16,1.7970356228845001,1.7136337439137197,36.252569966152,96.71402356514672,0.3228777303803324,0.13638815795515571,0.011000010066986147,1358.8772435640713,Laminar,False,True,False
3.230053318660882,16,0.5026299314009703,3.8663550949009777,15.542078902415525,45.45256270617226,3.308891175747348,0.03644997498722221,0.17813158205517382,1725.412934294861,Laminar,True,True,True
2.973330842327765,13,1.996081504164458,2.5996199898705323,31.949059554137953,78.98294155789134,0.22552690155527502,0.10312606737414329,0.011176101536148614,1858.3690689784407,Laminar,True,True,True
3.5191461224928267,11,1.6369818932926246,1.507514901717739,23.00680082621887,44.34798166485203,2.9477015255583443,0.03460679711866699,0.17288987323224728,3799.070521997794,Turbulent,True,True,True
0.789570419787182,12,0.9402435731709803,2.8173089388995414,16.782922878051764,103.7337476877504,0.29482938116247054,0.13924192225983303,0.0038798093041674496,653.8655583768016,Laminar,False,True,False
4.455517481612237,13,1.2568871456141308,1.665089188949163,22.3395328929837,39.25381663579252,5.024213502231114,0.025277846052661902,0.37309118484238285,4379.877887871988,Turbulent,True,True,True
3.5166402672305526,11,2.8235935666942478,1.7734637335891907,36.059529233636724,56.90366639521184,0.49190870406093645,0.05971525275883928,0.028831099275031438,2596.8044062469185,Transitional,True,True,True
0.955397506670486,8,0.9367100123016038,3.7646112660261033,10.993680098412831,115.21232202857034,0.3553297451512538,0.16536245966234409,0.0056580192093894505,948.5453132732205,Laminar,False,True,False
1.6120367976605898,20,0.8904130588456628,1.179355923220722,27.308261176913255,78.01425527688316,1.800479016848445,0.09710168367445235,0.04837397380959091,1454.1425351386465,Laminar,True,True,True
4.456571985049899,21,0.8700830502564045,0.5656270535769771,28.271744055384495,34.74179456685869,68.9170876390841,0.016254566139345464,5.118899367726181,5519.487718812431,Turbulent,True,False,False
2.7555493528682433,13,1.3149776135390618,0.9485679472599868,23.094708976007805,44.015586903132686,7.266119550138029,0.03280884911778868,0.3337025170707689,3496.709053679388,Turbulent,True,True,True
3.8846222254801566,16,1.4614101678273008,1.6351899762127378,30.882562685236813,43.244234082605104,1.8229350264019477,0.03278402212631101,0.11802356531945436,2927.7067583082603,Transitional,True,True,True
3.0589691803174506,5,1.7238219983261935,2.647998358540717,10.619109991630967,51.74108932446046,2.215417217425526,0.04877785749773286,0.11294821649415546,5225.485970053136,Turbulent,True,True,True
2.420284098096106,11,2.4778328083988708,2.546146242755432,32.25616089238758,107.65989845179018,0.13690131115702303,0.15937405961302023,0.005522334440030831,1635.3463250811315,Laminar,False,True,False
2.966268244291847,5,1.8913887893023638,0.7014461258038409,11.456943946511819,45.29514561700819,44.52019270519958,0.03573895203248194,2.2009805641864504,8543.76803649892,Turbulent,True,True,True
3.698994572282704,15,1.2172345595807847,2.7809686565858778,25.25851839371177,49.25415880170689,0.797774917561355,0.04461797033888151,0.049182751499378896,2303.0929598781195,Transitional,True,True,True
3.225162396176483,10,0.6718457549460286,2.0501809096229042,11.218457549460286,38.5858387821436,14.506016279713066,0.02270977095367437,0.7797376370609077,4424.28514305101,Turbulent,True,True,True
2.393302420242544,12,0.6778238395639808,0.8962604905246805,13.63388607476777,40.811741683995194,36.82661686119971,0.025610714862812762,1.4689538543875693,4731.210111230601,Turbulent,True,True,True
3.032163738695763,11,1.4786216589671006,3.2893998717041284,21.264838248638107,62.45915251327948,0.3985921069001683,0.07017239594778685,0.02014327555121726,2158.7664188983154,Transitional,True,True,True
4.0277821109250285,5,2.056785035219286,1.2964210408682084,12.283925176096428,45.571309480679034,12.917589239673987,0.03756984043970789,0.8671539142639422,8970.561270675273,Turbulent,True,True,True
3.111830762811891,14,0.7031617348688062,2.021114994415135,16.344264288163288,39.76211570679983,6.443895009817194,0.024899823946531483,0.33420517873131955,3046.636286711073,Turbulent,True,True,True
4.6034221220015885,25,0.8331528610775771,3.113537067021294,32.82882152693943,46.12880924573258,1.0394489474657926,0.039131602011893925,0.07975037132425494,1742.1746146674368,Laminar,True,True,True
2.3833884966649395,25,0.5384916374014246,2.349285621316777,25.462290935035615,52.68387610167933,2.3342076434745644,0.0493299730347774,0.09272206077141089,1232.7500680669689,Laminar,True,True,True
1.0852089803818974,5,2.2401024035602326,1.3999971299941865,13.200512017801163,123.63989347560178,0.7045476640562426,0.1840193240579315,0.012743024202348713,2226.455465495225,Transitional,False,True,False
4.513496908288174,9,2.1429243960604247,3.412992197187832,23.286319564543824,47.09962757902886,0.49549327846050994,0.04101095710264651,0.03727345634015138,3370.5348306126257,Turbulent,True,True,True
3.2683529224858283,19,1.4042116875553754,2.421992019099529,35.68002206355213,66.42402392720716,0.3995083065113296,0.07844510430544936,0.021762235685727806,1678.7698241310352,Laminar,True,True,True
3.101273434340116,11,1.4251244013341509,3.536535336155917,20.676368414675657,61.997919027032665,0.3901837635676504,0.06935568821869238,0.02016777567438665,2121.7992570956812,Transitional,True,True,True
2.1785664518498034,24,0.9332718997397902,2.544169243917611,33.89852559375497,64.73931514568619,0.48418543259204966,0.07287319789633066,0.0175805023319904,974.7285315181645,Laminar,True,True,True
2.392556045167906,26,0.674596481233758,1.183470130723065,30.03950851207771,52.73372569061016,4.061689686836931,0.04945280714964084,0.16196367023063063,1849.317116598364,Laminar,True,True,True
3.961984817831685,4,2.7300987900843707,2.4097430590497786,12.420395160337483,53.46227809565028,2.1060755015277826,0.05329244398556137,0.1390706527043388,7195.930438965562,Turbulent,True,True,True
0.9750445813135555,10,2.6390136514923626,3.123171701929064,30.890136514923626,156.12700073158175,0.03411047014688203,0.24749531894588475,0.0005543204847129187,631.8604112960321,Laminar,False,True,False
1.8099417366381874,18,0.8097265232208946,3.6523859491678503,23.075077417976104,64.82308484100044,0.45656890380428194,0.07169543119992759,0.013772718577441926,841.4638706820813,Laminar,True,True,True
0.7847763503091666,5,2.3965022428656484,2.377087176737353,13.982511214328241,259.64017520378377,0.11497481186339167,0.45094344026733385,0.00150382522052726,1227.7635538743145,Laminar,False,True,False
4.9235247458428475,30,0.7603575317425633,1.1940430419998371,37.3107259522769,34.85535413277283,9.709269695637891,0.01678792953310399,0.7967304935089202,3135.632706973634,Turbulent,True,True,True
0.9514819303027178,23,0.660885704291349,0.7399604062269661,26.200371198701028,84.44330820533472,4.107972883401432,0.10376244751423919,0.06514436614550027,1102.7223507941028,Laminar,True,True,True
1.739798777546822,12,2.716001047981928,2.8828790737262278,38.09201257578314,130.7861341369048,0.05589946125831152,0.20330098219089215,0.0016208969060456054,966.9421753911085,Laminar,False,True,False
3.506157698420424,8,2.785151450816129,1.8326354114312002,25.78121160652903,51.87196435717793,0.9242829021617985,0.04963961434701213,0.054011360215549364,3543.9817095681406,Turbulent,True,True,True
3.73808747613138,4,2.4693817971649006,3.6392997714165753,11.377527188659602,55.29431043751316,0.9259373619001269,0.05673895884659979,0.05768724760334989,5712.495604155246,Turbulent,True,True,True
3.560273849435426,21,0.6690988862576609,1.1409912104742308,24.051076611410878,36.61429449105161,16.21254244121008,0.01918666017988995,0.9620181814383705,3497.4202017406233,Turbulent,True,True,True
0.8865900722748132,12,0.8571740463521436,2.226232665037277,15.786088556225723,106.59893705767894,0.5964488531186054,0.1469667275394923,0.008813427196577562,894.7355668896555,Laminar,False,True,False
1.578585653785047,20,0.6329029293368191,0.7800679893431335,22.15805858673638,56.66842892167099,9.278375909604483,0.05422086633455351,0.24411185168877372,2085.8776440594784,Transitional,True,True,True
2.592499214765807,7,1.108921389513892,3.0814815642815394,10.762449726597245,48.450963811116395,1.9971955442555043,0.04135115509592377,0.08629546467026938,3300.2641610379474,Turbulent,True,True,True
4.236560782761025,17,0.656379465693236,3.142332462286926,19.158450916785014,38.43896982975544,3.4711369023017573,0.02348122847001124,0.2450947078647702,2449.695231478097,Transitional,True,True,True
2.85632226295108,6,2.4844974441244068,1.5508683802025554,17.40698466474644,54.16192584701884,2.1424017835055746,0.05328577402246151,0.10198983184021788,4405.1118480005525,Turbulent,True,True,True
1.4085824833914624,13,1.5251262832399437,2.9357676084075908,25.826641682119266,108.74481179816732,0.14175029068955775,0.1572734143324285,0.003327782941349316,906.9867340003706,Laminar,False,True,False
4.304839720452025,13,2.3022954751966913,1.1089564567436052,35.92984117755699,42.05376333612808,3.1094712966361797,0.030764690620211758,0.2230962591227481,3624.797388347977,Turbulent,True,True,True
2.8642411978333104,8,2.4795746079867107,2.848287462225653,23.336596863893686,68.82047437370807,0.25208152283349167,0.08261680014335111,0.012033704715204086,2509.28808231516,Transitional,True,True,True
0.9337706936151997,12,2.684978973183865,2.2941463681877003,37.71974767820638,142.27466847425583,0.04870220155637888,0.21913830133324105,0.0007579448087981194,583.56579901274,Laminar,False,True,False
2.630124559388594,6,1.4424845474263432,1.664887018102847,11.15490728455806,49.952825077589,5.540073659246982,0.04443428441151717,0.24285139653345542,5267.636227826755,Turbulent,True,True,True
1.7183105727324208,9,1.9185164366169327,2.117963760980987,21.266647929552395,113.50775411490329,0.29500402151219945,0.16864078619517664,0.008448475486049914,1766.2013955304308,Laminar,False,True,False
4.501389583916002,23,1.0486835730702273,0.8503690006852368,35.11972218061523,36.094981725250115,14.093333554143069,0.01899308987456753,1.0573264143878915,3848.2712356145535,Turbulent,True,True,True
0.6066383095343062,29,0.6083556926031598,3.372727819644083,31.642315085491635,57.70516843954478,0.22685565740852845,0.0416888323357205,0.0022936555419767234,196.20697576352302,Laminar,True,True,True
3.1163313933154235,10,1.7842963529176346,2.4405745869878466,22.342963529176345,53.661788660153746,0.6657479534565517,0.052705848459164116,0.03457818745653579,2754.3180287702735,Transitional,True,True,True
1.63603066413466,16,0.5766674461600749,2.7610410338979388,16.7266791385612,65.4567584023791,1.672020133322997,0.07211760989954673,0.04559127015278242,1143.9497600681332,Laminar,True,True,True
4.2181831180739415,16,0.8207433073106947,1.1830047718841026,20.631892916971115,36.45364220422032,19.88663352794135,0.019495774520654995,1.398091030381424,4912.993895067079,Turbulent,True,True,True
3.366987859302074,23,1.2235403338900652,0.9180152950618293,39.141427679471505,43.22507599952939,4.233788326076289,0.03217619140961291,0.23758523154589528,2552.5146962806493,Transitional,True,True,True
1.197360469174515,6,1.6944772670459556,2.6258490870032407,12.666863602275733,149.67797483131415,0.2664488941139185,0.23733753600502627,0.005317256214454534,1724.8089937396544,Laminar,False,True,False
1.2938102368448674,8,2.2812415259080527,1.4835441262553495,21.749932207264422,145.7959804632618,0.3641288269925315,0.23046948484309682,0.007851893398220849,1604.0734044478272,Laminar,False,True,False
1.9020116227728239,9,2.4630153398579777,3.8593484152790696,26.1671380587218,139.86561886426765,0.058505701632747084,0.2221653673397829,0.0018546420750660654,1248.17383612995,Laminar,False,True,False
2.716249319051417,10,0.6050766035799805,1.4119926074891656,10.550766035799805,39.436090660540785,31.01699510488321,0.023574297465255977,1.4041648638776694,5028.433686103997,Turbulent,True,True,True
1.2112263100348073,24,0.712134968583013,3.882666842409343,28.591239245992313,55.827273795042686,0.2976220771472997,0.04977371797420109,0.006008128171466976,410.13909387312304,Laminar,True,True,True
0.6239642958115528,22,0.7915101139212914,3.4427233462915123,27.91322250626841,68.02270923147643,0.14850345351948974,0.06298260299034142,0.001544347546681201,250.11869597500558,Laminar,True,True,True
2.8812929865703785,24,0.6528235059002294,3.4163576358046353,27.167764141605506,51.1639653218122,1.0604256461561867,0.04733351546860649,0.050923282950819715,1101.6738838327954,Laminar,True,True,True
4.466249169596752,7,2.0885731819777087,2.682350640296428,17.62001227384396,46.258610704781546,1.4380988994412947,0.03929519485677696,0.10704846692379476,4993.744555887204,Turbulent,True,True,True
2.880547700331054,7,1.1814214770869507,1.4244923225350914,11.269950339608656,45.23478788256916,11.570984356090992,0.03547386838138421,0.5555128729584085,5896.589334117034,Turbulent,True,True,True
4.187297782104478,12,2.5431805481956946,3.571085201635344,36.018166578348335,66.66522825625783,0.1258513710772862,0.07989378346831498,0.008782952783112136,2131.0428729185833,Transitional,True,True,True
0.7067164869802527,7,1.1194485360992363,1.583017901165723,10.836139752694654,171.858340496547,0.7956543234336266,0.2733543805785547,0.009371700471794373,1394.9889612563566,Laminar,False,True,False
3.6173367512009578,14,1.985807111968308,1.0170499688937404,34.30129956755631,43.51946393054839,3.367806886893225,0.03306075983153134,0.20304152704844253,3212.995662597568,Turbulent,True,True,True
3.5034303901300814,5,1.4209277064837862,2.7821696912170335,9.104638532418932,46.73739534851142,4.118483984477176,0.039367281252467995,0.24048036587468943,6224.97958580207,Turbulent,True,True,True
2.0616393168661564,10,1.6449025254154521,0.659532287836406,20.94902525415452,48.72337803513224,10.64029364028569,0.04046669253632189,0.3656074618635649,3340.65907953256,Turbulent,True,True,True
0.8387769482522927,15,1.2721568872881523,0.5505218097265774,26.082353309322286,110.32247506182128,3.2041995518731787,0.1534885732754422,0.04479347869519247,1145.5894530803291,Laminar,False,True,False
3.6247235618909786,10,2.4319904211879217,1.5026701348789298,28.81990421187922,47.88248365180243,1.469353731337756,0.04179490636789796,0.08876668484553984,3439.9451372221124,Turbulent,True,True,True
3.2938866841298706,10,2.49804095062795,1.8494464502531212,29.4804095062795,54.74168299296919,0.6460701595940401,0.055114553456614465,0.03546803159500782,2829.1385691978576,Transitional,True,True,True
1.2212261608239117,4,1.7521718238169224,2.3873069517948706,8.50868729526769,93.34237299913022,0.7063778106992995,0.12490120100271991,0.014377451030858423,2754.066005096902,Transitional,False,True,False
4.223266980059789,21,1.3413591897185577,2.8348316584448203,38.16854298408971,56.00584595764903,0.4091759697999774,0.05860428871683959,0.02880098937150309,1798.178504384687,Laminar,True,True,True
2.1478616013318135,19,1.4450377683408724,3.825120621214471,36.455717598476575,75.74293857621873,0.10966319615113523,0.09478601650644576,0.003925689468205701,800.9638624332736,Laminar,True,True,True
2.6746811693978767,5,0.7705760920921705,2.9073939028167906,5.852880460460852,43.3236429234306,11.93867046633188,0.03126706573672399,0.5322022847324075,5430.974089549754,Turbulent,True,True,True
4.835207073733345,16,1.9299020945203467,1.8169826052198592,38.37843351232554,42.62320868104988,1.0882472421862353,0.03227025249545452,0.08769834605649483,3011.678879047763,Turbulent,True,True,True
4.1847974822409855,17,0.7971449739255749,2.4921069935857174,21.55146455673477,38.32308052456764,3.421631456222251,0.023207434688572275,0.23864724505259055,2794.5525336686665,Transitional,True,True,True
1.2039297261501436,16,0.6523958347446399,2.2453374170010134,17.93833335591424,77.69568083833254,1.1868320094935982,0.09343852663718444,0.02381437226959754,969.6313478256164,Laminar,True,True,True
3.3174604031414474,18,0.6466678308313527,1.0474425323697938,20.14002095496435,36.931256814754434,25.220422483683905,0.019524745678405994,1.394462549001994,4062.332249948583,Turbulent,True,True,True
4.204814726487876,7,2.3596234827500533,3.820703418218243,19.517364379250374,50.357252339797014,0.42099575999098765,0.04729214855884777,0.02950348618998434,3629.286676077312,Turbulent,True,True,True
4.905393163926847,17,0.8323151274424979,3.5743395932374313,22.149357166522464,39.02043817072801,1.7980703841486476,0.025107294274757816,0.1470040361777016,2445.11772532968,Transitional,True,True,True
1.025563224979929,19,0.9345666228362612,1.7901760586491042,26.756765833888963,87.85176377183839,0.5047313110456657,0.11167184908125785,0.008627231185072342,739.719794929949,Laminar,False,True,False
2.551931822723271,28,0.8111063195739111,0.5722200081139159,36.210976948069515,42.5416049214924,14.855367585980494,0.029444198139120702,0.63183142134859,2460.19930027031,Transitional,True,True,True
1.6977281826380528,15,1.5796200028367433,2.4076216101008856,30.69430004255115,101.90274127036456,0.193404968580875,0.14532922964997544,0.00547248443036631,1059.9569889980946,Laminar,False,True,False
4.32079541886833,17,1.0631057567490299,0.5968246331720919,26.07279786473351,35.876701786894515,52.872300486892485,0.01842291184234556,3.8075065621465796,5717.534624844873,Turbulent,True,False,False
4.490626726762843,7,2.087783004937428,1.911001383578127,17.614481034561997,44.960671658148044,3.2258906317067813,0.03671680767096238,0.24143784480593902,5990.524184613336,Turbulent,True,True,True
2.6902371983477327,14,1.065489749886322,1.5108037338552296,21.416856498408507,46.58644398266568,3.0662640501126224,0.03782377844270713,0.1374829601261559,2785.16609493179,Transitional,True,True,True
1.1141157404421005,13,0.6258646155911713,0.5449618699456298,14.136240002685227,54.41078161931151,28.971499155939355,0.04590515528078426,0.5379600538972844,2733.2434533675532,Transitional,True,True,True
3.3162947931964384,21,0.671694963872925,3.4965535687225886,24.105594241331424,50.76782980023344,1.2740062704490278,0.04719636701244895,0.07041633935316208,1414.6992565700089,Laminar,True,True,True
1.3635242245643335,13,0.5826480013627867,2.504464475766178,13.574424017716227,75.32631905901735,1.9156539777076425,0.09009882971730923,0.04353401007478991,1268.676658591432,Laminar,True,True,True
1.5867880351121435,6,1.371566058398797,3.0523434259511,10.729396350392783,86.82833061159191,0.5345428368275569,0.11458779184846438,0.014136769628881168,2232.2628475445013,Transitional,False,True,False
0.7985936514047083,5,2.040655087476424,2.6244010706348755,12.20327543738212,242.28398394212604,0.1348190379525337,0.41654832373796136,0.0017944271299563971,1278.4474162800082,Laminar,False,True,False
4.876079830409173,7,1.4363737031386241,0.7277716951213056,13.054615921970369,37.89543030799028,96.16471285975018,0.02283964285164954,7.815113612875292,12019.052400714521,Turbulent,True,False,False
2.9189184568233255,4,0.8490069644656226,2.4350169073731887,4.8960278578624905,43.887839533772265,22.71405633106899,0.03284564295017355,1.1050079709013663,8297.352922263026,Turbulent,True,True,True
3.932018863463806,11,1.4667634087804344,0.9613422464659241,21.13439749658478,40.2544773277531,14.073536250624693,0.02684916208698252,0.9222901668849663,5497.170711894731,Turbulent,True,True,True
4.384181885723813,16,0.6398521849361251,1.7753454206396513,17.737634958978,35.172851119892414,16.714523181126143,0.017063362731321682,1.2213251626534,4236.427789321921,Turbulent,True,True,True
3.591042149834314,4,1.3542607382269394,0.7320948616734124,6.9170429529077575,42.05746598344946,167.86128411251636,0.03010763469346989,10.046615776222657,16067.787388730916,Turbulent,True,False,False
1.9302801518036696,17,0.5135494995454949,2.371806696131406,16.73034149227341,58.73466818800982,3.163673231660969,0.06001426649802639,0.10177959409779566,1469.453631151677,Laminar,True,True,True
1.0249066163488374,10,1.2187407219916653,2.744164405778451,16.68740721991665,125.3288390555501,0.25403763195322293,0.18661701022365448,0.00433941416317415,965.7273215708609,Laminar,False,True,False
3.763020599703397,11,1.322984177663085,1.3641823334461283,19.552825954293937,41.31888085985396,7.0465127250542645,0.028813606885973023,0.441936209007522,4753.715965674722,Turbulent,True,True,True
4.805998701422864,11,0.9762993174685071,1.1411321127178669,15.739292492153577,36.809450324835275,34.17290272570476,0.020624648193559945,2.7372487687264484,7704.873373364955,Turbulent,True,True,True
2.5026588312418943,22,0.8917711407140203,0.8355783819537992,30.118965095708447,45.69085762069998,6.982667530104501,0.03563168122311596,0.2912539093307009,2459.136530697661,Transitional,True,True,True
3.3807706164871223,9,2.03020563725474,2.775570121572882,22.27185073529266,53.28838142704856,0.5161318797332181,0.05232022638704972,0.029082058220572145,2918.7277700040136,Transitional,True,True,True
4.121188648615341,12,2.302405409566778,1.7545947590139663,33.12886491480134,46.444371523610215,1.0028048825909686,0.03939694137475034,0.06887913498183232,3160.9681513581786,Turbulent,True,True,True
1.7736461962818573,26,0.7425759013333961,2.079481755480815,31.8069734346683,62.8057452710793,0.8706594146838185,0.06749804974096234,0.025737362651849047,902.6339377767923,Laminar,True,True,True
0.6941344239285793,15,0.5098649000679862,3.7602462881614245,14.647973501019793,66.12418426963292,0.7070052121746087,0.06151697571429277,0.008179277594455416,404.6662985717694,Laminar,True,True,True
3.6020158726455183,4,1.3527550985576446,2.4968830513977593,6.911020394230579,46.31215585249599,9.178373670764984,0.0386292228645781,0.5510107941194531,8734.732681258321,Turbulent,True,True,True
2.4114096208426554,13,1.480513010035502,1.9983971532776488,25.246669130461527,72.00103992254184,0.5912594327212656,0.08803446103348953,0.023762811407967176,1990.9865212984419,Laminar,True,True,True
2.4149478562237467,10,2.2669456437733517,1.7571455722370708,27.169456437733515,74.46761071464701,0.4708527626683815,0.09297634601146118,0.018951414496717275,2240.9070260955205,Transitional,True,True,True
2.875173809095625,14,2.1514194830187767,1.1944729636653957,36.61987276226287,59.19373747883998,1.0575006415341313,0.06338243026428586,0.050674969127345926,2291.965037290904,Transitional,True,True,True
2.3701738892076794,16,0.8717859849599956,2.109820579277837,21.44857575935993,61.36729528040891,1.3792634163373267,0.0666631485112177,0.05448490226236854,1855.213038434255,Laminar,True,True,True
3.0145711267587565,17,0.8679097067148607,2.8707412019028795,22.75446501415263,56.346002633923085,1.0207992564040855,0.05791839973302763,0.051287866076209415,1771.1102455510281,Laminar,True,True,True
2.2809506445759657,9,1.2247665705386894,0.6098706697196415,15.022899134848204,44.35657455395069,36.526469243411036,0.03240421232752008,1.3885845594140431,5158.305633304602,Turbulent,True,True,True
3.1940951472709256,4,1.1191950017254058,1.043898831812256,5.976780006901623,43.948505355699474,87.42760883165991,0.03339170553033849,4.654201685111761,13784.670686561538,Turbulent,True,False,False
2.9002460037572635,13,0.9887332373628663,2.0272563160139745,18.853532085717262,45.47030489945185,2.499859400122405,0.03597883297129766,0.12083678725266724,2762.1391198594433,Transitional,True,True,True
2.5009473663112805,22,1.039947872698657,2.4776730618824585,33.378853199370454,67.66059347380639,0.48824238603328785,0.07956721802781719,0.020351141824524778,1206.7483974451802,Laminar,True,True,True
1.156710590517653,19,0.7835787784149988,2.1993984309929813,23.887996789884976,77.3118470513043,0.6242074440515922,0.09218292150679466,0.012033789353573866,762.0879112348297,Laminar,True,True,True
1.9021957469400057,17,1.6306157302038375,2.01812275805111,35.72046741346524,95.66666288019164,0.2476723483199281,0.13376818771454912,0.007852021460146848,1145.1106243605955,Laminar,False,True,False
2.084372575854165,17,0.6877234515829773,1.9726172818752277,19.691298676910613,61.392313396183596,2.1881964390591455,0.06588069148708585,0.0760169441359437,1720.9690575716547,Laminar,True,True,True
3.5091494918371895,6,1.914787279497888,2.7402543435757747,13.988723676987327,49.949097999135326,1.4564512042494198,0.04579738084369432,0.08518175005462524,4691.491651035567,Turbulent,True,True,True
1.2977018492762666,26,0.5930150955835984,3.270908508120606,27.91839248517356,53.46170829615657,0.6027061535956051,0.04583429513978124,0.013035548168186705,482.3440675388067,Laminar,True,True,True
3.2731578122112257,6,1.4465931817182336,3.4163383933741818,11.179559090309402,47.76776430623647,1.6235798361133709,0.041139048442126944,0.08857055040538503,4188.913888827426,Turbulent,True,True,True
1.4212398170093559,16,1.3925432475015045,3.6944499675958857,29.780691960024072,86.61107698578782,0.09957992881877256,0.11309692862707275,0.0023587826635366165,652.0338191705572,Laminar,False,True,False
4.638998369130231,15,2.127214815809166,0.8875904909544214,38.908222237137494,39.24681004495108,5.890198731007873,0.025391576874806615,0.45541037178330795,3830.518698512351,Turbulent,True,True,True
0.744396241373183,10,2.2610725838751957,2.086501262388535,27.110725838751957,164.13364589578285,0.07904797318909608,0.2589356877129987,0.0009807169021688546,639.3535796283601,Laminar,False,True,False
4.27264199421388,8,2.5026903315196063,0.6306716349545541,23.52152265215685,39.609322755449995,27.872410720674097,0.025850618553507447,1.9848138754188218,6364.727978286306,Turbulent,True,True,True
0.6263150536128064,6,1.6532893793275742,1.2745195138822814,12.419736275965445,220.63449539923872,0.5716115286279756,0.3682927373413858,0.005966815086638813,1331.320965027211,Laminar,False,True,False
3.171734181529388,26,0.5884738559074463,3.0450197366017915,27.800320253593604,48.39013923510067,1.6655117105975465,0.04224321054704366,0.08804267370399534,1253.6691323998655,Laminar,True,True,True
1.4457432312154024,4,2.141042809151834,3.124727565252655,10.064171236607336,101.44083725886068,0.3007216861738732,0.14292805820114896,0.007246105704425993,2563.026853824438,Transitional,False,True,False
0.7669902457623534,14,1.171053044903215,1.863410853699119,22.894742628645012,115.56502247971585,0.286368717175216,0.16236791141822038,0.003660700212747813,674.1611582983485,Laminar,False,True,False
2.770993750312275,9,1.336264399851677,3.617727502668436,16.026379598665095,59.6678895070677,0.5297649368934821,0.06414256144943391,0.024466255487773595,2320.714102631017,Transitional,True,True,True
3.3996808768031905,7,1.197152395595505,3.8780189506991025,11.380066769168534,44.636146306759485,1.6568903775490944,0.035039432548920384,0.09388164219188125,3573.331435195067,Turbulent,True,True,True
3.751379700499584,17,0.7221679104505994,2.925842225963488,20.276854477660187,42.34604720488279,2.389999795727548,0.03085607284844952,0.1494299452981746,2258.759349424105,Transitional,True,True,True
4.318769733307866,5,2.2735520214980003,1.0487090285174743,13.367760107490001,43.82703891859094,20.178469900871708,0.03432202396433559,1.4524360845391415,9708.232914317403,Turbulent,True,True,True
3.613367632875495,4,1.8287483295809466,2.972714015102409,8.814993318323786,50.61611093775083,2.917613568030302,0.04724968401113606,0.17570684053265131,7025.262046865684,Turbulent,True,True,True
2.2032796841988365,23,0.774756279120964,2.5915134132677395,28.81939441978217,61.369469792726484,0.793003284649015,0.06620759745989234,0.029120133776168695,1062.6170594767154,Laminar,True,True,True
2.31371952201622,5,1.592111747974086,3.851643140726098,9.96055873987043,59.73332775821663,0.6987611048931467,0.06324707130198201,0.026945620160281618,3174.1397309045947,Turbulent,True,True,True
2.7914418038462925,10,1.6737238292496506,3.1119583472510817,21.237238292496507,68.22259647814893,0.33408947262323124,0.08129001709127663,0.015543188668424154,2178.0538944239747,Transitional,True,True,True
2.20571181874358,11,1.3423693289290477,1.0282191436528698,19.766062618219525,49.55631998811778,5.007960222782306,0.042588499654043856,0.18410195085314437,3158.52132785293,Turbulent,True,True,True
4.463613221170009,13,1.2101654805079907,2.7327331236028822,21.732151246603877,40.23842975003813,1.7803859051355775,0.0272529302072,0.1324492344157983,3251.707637473873,Turbulent,True,True,True
2.4493575003615753,24,1.1840162961637102,2.2495858265535693,39.916391107929044,69.93318219530433,0.376891751139267,0.08399120185770954,0.015385710624622864,1109.8770328247417,Laminar,True,True,True
1.976800750724623,15,1.7699146086249056,2.1521971758740293,33.54871912937358,101.42661956436737,0.21825160769717186,0.14557361147252065,0.007190665699043754,1254.687490012922,Laminar,False,True,False
4.465243942816728,11,2.933329774248446,2.9633620970712484,37.2666275167329,56.37932541308998,0.19383987053888047,0.05953589892279299,0.014425705130001912,2570.561313954921,Transitional,True,True,True
1.7793440798518283,5,1.0111868875349153,1.536307715291093,7.055934437674576,53.55118176299273,11.085742195784334,0.049014903894794785,0.32875582911387435,5216.27594375817,Turbulent,True,True,True
4.44076588249899,10,1.6570528363930892,2.970083189847814,21.07052836393089,43.474436148428616,1.0599068404290455,0.03370835617946585,0.07844663559341011,3583.6823505976963,Turbulent,True,True,True
4.423954386757485,11,2.14642790586526,3.1358821878704792,28.610706964517863,49.009823813182166,0.37894496452341914,0.04476681720413497,0.02794058730238399,2843.0072014977786,Transitional,True,True,True
1.2799705833318002,9,1.1892979590452766,0.949323574197805,14.70368163140749,70.45091781037024,3.8956618865115216,0.0796590980116142,0.08310554362236022,2483.1756497810084,Transitional,True,True,True
3.3170940504580395,30,0.8333730129512333,2.603923910255566,39.501190388537,53.047538284864814,0.7589158478315862,0.05175682953877412,0.041956587394007885,1201.166961495771,Laminar,True,True,True
3.91543352250006,12,2.4829959355178914,1.0442941035429534,35.2959512262147,43.66494431532196,2.987803153133913,0.03365459358780757,0.19497574374019838,3454.1511167448125,Turbulent,True,True,True
3.00590180572974,18,0.9027175285604632,1.2268878811973623,24.74891551408834,41.59797977590483,5.957953858019749,0.02840858646185397,0.29848373767126724,2928.107653826819,Transitional,True,True,True
3.759091590771046,21,1.0218887224976756,2.771839541172364,31.459663172451187,53.7945575154404,0.7205126071163523,0.05376096318400119,0.04514121470759338,1761.900138013055,Laminar,True,True,True
1.4532550765633012,29,0.54501714744926,3.1549396797510467,29.80549727602854,50.05035666270753,0.7964125400501993,0.040198547045128916,0.019289842781110428,505.74441002026765,Laminar,True,True,True
2.4530210449290175,17,1.8357147053585139,1.0511900414148938,39.20714999109474,70.61796813794138,1.0943673881333347,0.08536954819676368,0.04474177056625121,1866.3960002769188,Laminar,True,True,True
3.6090643139938616,7,1.819550807017851,2.8431806587455997,15.736855649124957,48.391849246447556,1.2156284784194546,0.04279641199317766,0.07312135600897185,4128.95427849892,Turbulent,True,True,True
4.022859724904414,13,0.7003680246763542,0.5788159469833638,15.104784320792604,35.40384234800903,206.58282464649525,0.017230534509370257,13.850895418789614,9033.21661861479,Turbulent,True,False,False
1.0150371372645042,10,1.66676652520523,0.9776157057484693,21.1676652520523,136.51194893368034,0.988590315456715,0.20884670878974584,0.016724264728809952,1433.3148446537198,Laminar,False,True,False
2.3501891205482237,14,1.6040569659045762,0.8818148728712034,28.95679752266407,53.33045413549053,3.2235344126181413,0.050537837880610524,0.12626525843746605,2521.6217298149395,Transitional,True,True,True
4.624969820880803,18,1.4713388261407052,2.274175142152723,34.98409887053269,43.97396521113184,0.8638699488545013,0.03483647802946533,0.06658954071029853,2561.585604808987,Transitional,True,True,True
1.5152414190432988,28,0.8828077786708919,2.9153378189946166,38.218617802784976,59.437152942006236,0.27024530711442923,0.0593772229538972,0.006824781377364331,532.029960840647,Laminar,True,True,True
2.6088901535362816,4,2.401568080277791,1.5335972757066283,11.106272321111163,57.77917181139178,4.137636972208262,0.06004244507247702,0.17991067259503013,6188.946281012899,Turbulent,True,True,True
3.8247937066986886,12,1.166514267622944,2.4458984686406122,19.49817121147533,41.68498435605616,2.1904630442609885,0.029607576667125254,0.13963448777409135,3294.6804751346385,Turbulent,True,True,True
4.348902505434808,23,1.1238066174310974,3.075929244051367,36.847552200915246,53.16900892190766,0.5041150925227761,0.05302905117973946,0.03653912314833001,1681.1782234838536,Laminar,True,True,True
4.959980259933192,13,2.16198773405896,3.4720376741984786,34.10584054276649,50.02700395248475,0.2527314242842813,0.0471527113953754,0.020892381258580593,2528.7255198439275,Transitional,True,True,True
1.2220909822758714,11,2.619698357026198,0.5428598302678784,33.81668192728818,104.20830304005305,2.306151811895956,0.14664139979472715,0.0469721222179535,1311.7655662395139,Laminar,False,True,False
2.4888971213843334,10,1.4352267831468397,2.5523466120517493,18.852267831468396,62.876330267158735,0.6409474209990755,0.06997083319715708,0.026587536518055194,2330.6773337652103,Transitional,True,True,True
4.616790569161844,16,1.3174727857507227,2.5274096050824846,28.579564572011563,41.630162579852964,1.1679535550370854,0.030143360419758403,0.0898699493019044,2802.3413076401425,Transitional,True,True,True
4.448581365844953,28,0.60183316201374,3.799767674446818,30.35132853638472,43.2447581768824,1.5400546101410124,0.03325469333214147,0.11418430401761538,1347.8350577947385,Laminar,True,True,True
4.038756038160422,4,0.9484259801567594,3.1323742645842616,5.2937039206270375,40.970588459682276,17.72645591418549,0.02837810619168714,1.1932138476433527,9239.026001899112,Turbulent,True,True,True
1.1727713858523128,8,1.673612817664099,3.0607683157382617,16.888902541312792,152.64007959723162,0.14488627338499077,0.24300975970365238,0.0028319745938115448,1156.2295219337573,Laminar,False,True,False
2.5190177906969775,9,0.6111436910909513,1.2685471481321642,9.500293219818563,40.46134147813622,40.07704360139118,0.025209990704179147,1.6825797638407143,5560.146023131526,Turbulent,True,True,True
2.0409579034782697,7,1.2567288686922966,0.5923854707389073,11.797102080846077,46.72956954229955,47.63314998658895,0.036408345243493796,1.620287565544909,5887.841869474321,Turbulent,True,True,True
2.8081470989990116,30,0.7090134624349427,1.4592365954350264,35.77040387304828,52.86604386668871,2.4499156872907677,0.050607579326773885,0.11466206050096234,1612.030035082818,Laminar,True,True,True
4.965724292422726,12,0.6266665732071759,2.070403515071286,13.01999887848611,34.5794323237749,26.618240884296338,0.01626092417232885,2.2029807563451684,5729.187309992254,Turbulent,True,True,True
1.2723688068298218,23,0.8073616410053032,2.554728946720807,29.569317743121974,67.03609576177567,0.42042582361963116,0.07276228409847527,0.008915611725989253,614.4119636680708,Laminar,True,True,True
1.7598995922026446,4,2.6587297939080448,1.340995971752947,12.134919175632179,69.25909968931609,2.322086365155484,0.08034138436057245,0.06811064745160764,4107.537911822278,Turbulent,True,True,True
4.279434272292827,28,0.8998189796710783,1.8334460436566786,38.69493143079019,43.6624468361648,1.8033964938640248,0.03396221241584433,0.12862527937290713,2087.999941582135,Transitional,True,True,True
4.343249807591807,6,0.861463412816956,3.5640338392798454,7.668780476901736,38.46203235154696,9.926553323231333,0.023610791450736652,0.7185583468529051,6107.808052769044,Turbulent,True,True,True
1.5337918697575716,7,1.3818360106508445,0.9134417931508324,12.672852074555912,57.55973710146307,7.590493809054447,0.055737253772931115,0.19403729486288152,3564.6511235515504,Turbulent,True,True,True
4.749393827836131,16,1.5954457268805338,2.916159414746681,33.02713163008854,46.4490704560843,0.5100047752019649,0.03986820194786163,0.040370225525186085,2456.8068531376293,Transitional,True,True,True
3.646905690623493,17,1.8312001986380528,2.758150862330917,39.1304033768469,69.92787218946543,0.2220137280350707,0.08590983114821621,0.013494385469460596,1745.453277018977,Laminar,True,True,True
3.228774262290597,13,2.0619100253261258,2.0524943005745726,32.804830329239635,62.14099606299966,0.4248742154648276,0.06982507682415633,0.022863715526729084,2254.090036580249,Transitional,True,True,True
2.6555830579126516,20,1.143261912478411,0.5122324338827149,32.36523824956822,40.85861541219107,19.906229422187963,0.02629831787683874,0.8810440933414118,2994.925948291314,Transitional,True,True,True
4.997831495814272,24,1.1110076086951195,1.435838710781654,38.164182608682864,37.187887768347906,3.7402342250474776,0.021496452088545982,0.3115510068610795,3053.1737867653273,Turbulent,True,True,True
0.9200581055630238,13,1.4851154912503883,0.5609876845091826,25.30650138625505,113.22454387351416,3.0548113353698487,0.1608083653526599,0.046843398834547224,1291.600697704917,Laminar,False,True,False
0.9752215589055514,11,2.6649852625613115,1.273900762988335,34.314837888174424,145.71854282025953,0.20736861986616492,0.22668108144394503,0.003370505812232901,840.4678223203094,Laminar,False,True,False
0.9886577763720545,12,2.288012510805366,1.398158610784897,32.956150129664394,139.74305415083433,0.20171573317582017,0.21493064354964272,0.0033237971370144175,834.5899393612284,Laminar,False,True,False
2.7927437231199868,4,0.7790401166803893,3.9485357313268725,4.616160466721557,43.224321410499684,10.06136702550696,0.03129587019218,0.4683136601081829,5514.631341261681,Turbulent,True,True,True
1.0642313258147988,12,2.6291237558361646,1.3571043196814239,37.049485070033974,137.32411545965505,0.18300789762072092,0.2111263836792073,0.0032460456253246466,830.7618515508146,Laminar,False,True,False
0.5129208999266583,4,0.5313380241961875,3.684272993402784,3.62535209678475,142.99183174377606,1.79931481236551,0.2079279273733532,0.015381769546831394,1135.8311378087722,Laminar,False,True,False
3.388159508806494,15,1.9575356655531055,1.2055632880182707,36.363034983296586,48.430605180317244,1.6283468695413714,0.042613956540855244,0.09195164882786476,2666.513012666583,Transitional,True,True,True
3.6497578344288635,21,0.6511589348134124,3.582962857837004,23.67433763108166,48.0810736165874,1.4950771035103776,0.04221931758018999,0.09094448952687023,1532.7287564570634,Laminar,True,True,True
2.025643738538697,23,0.7498867980282569,0.751985181484621,28.247396354649908,50.74568042156025,8.225545807221916,0.04438726196234642,0.2777004226743718,2189.7080356347396,Transitional,True,True,True
4.814561252955669,18,1.5605665425830937,1.6635569016138665,36.590197766495685,40.30876223370724,1.8166137047922613,0.027628597198711552,0.14576996591135113,3097.821906760127,Turbulent,True,True,True
4.475891883304047,25,0.8394645640664845,3.473548399375056,32.98661410166211,48.10563603328696,0.8204782188454608,0.04299618694142185,0.06120619666930265,1550.039309782299,Laminar,True,True,True
1.1173901376769941,17,1.5892241351196823,3.620956339288214,35.016810297034596,89.73836337367118,0.055272312268472394,0.11659816899873296,0.0010293456102565698,471.07173036237003,Laminar,False,True,False
0.6622821924787645,6,2.1513299159630255,3.6069888046469485,15.407979495778154,217.84649931112062,0.04620129878466646,0.3639645366777339,0.0005099716242412564,715.7807677244016,Laminar,False,True,False
2.087642463025368,4,2.714937782731716,2.4528354394104657,12.359751130926863,72.32949160410952,0.6567195218574263,0.08776586157907497,0.022849926002121324,3771.1740808496393,Turbulent,True,True,True
2.0431427289193875,26,0.8079014646822237,3.026264094570029,33.505438081737815,57.510564931545844,0.46621857756334034,0.05797787575650718,0.01587585161392797,765.3117719060099,Laminar,True,True,True
1.0507781096428064,10,1.6462125265633194,2.2295558732274436,20.962125265633194,145.19180372517613,0.188593197339665,0.22668863866127886,0.003302826723201099,1012.3649397074138,Laminar,False,True,False
1.250587462207111,15,2.014943146370225,1.0507058858647336,37.22414719555337,113.07797262046435,0.4878300304850217,0.16464905439908162,0.010167901996878016,1015.5101642835972,Laminar,False,True,False
3.336500241853839,5,2.5979271889565876,3.089631209310332,14.989635944782938,57.057590400325125,0.6570907903051285,0.05980216645247682,0.03653972634621653,4381.059832107051,Turbulent,True,True,True
2.2710493459088363,4,1.5459827447728944,0.952582382538196,7.683930979091578,51.96887388565165,28.7790464961182,0.047601305350215804,1.0893105786814872,8485.155432401498,Turbulent,True,True,True
2.407812669514252,14,1.4736122680065529,0.6210008216138101,27.13057175209174,44.97110894831974,11.122452860601971,0.03396568425762391,0.4463463818972076,3066.0183049930674,Turbulent,True,True,True
1.73808839896853,7,1.9448639285240632,3.3215862386461055,16.614047499668445,124.07215564939128,0.16230080114688844,0.18986488579640895,0.004701552326945085,1760.5150362906143,Laminar,False,True,False
0.9422805656401121,20,0.5368686172533219,2.588933132753665,20.23737234506644,64.44495459937013,1.0116015786645824,0.06361805287426639,0.01588687512910822,562.824125552366,Laminar,True,True,True
2.129551388813517,12,0.5211537977233273,0.8320171053891592,11.753845572679927,40.268382907384705,68.37487262623056,0.02377929872973353,2.426796749352277,4897.090441540483,Turbulent,True,False,False
0.9428431735402105,5,2.027224443484375,2.340528308368796,12.136122217421875,204.5548723973477,0.20764364987388031,0.34384700140359,0.0032629232968760273,1612.112359591732,Laminar,False,True,False
2.5495848507791394,7,0.542065342531121,1.4484421849550582,6.7944573977178475,39.95846241966166,65.7257773550545,0.024272722250261742,2.7928907708354935,6832.686624246539,Turbulent,True,False,False
1.5950986426412466,25,0.6099291705573633,2.5687898766319957,27.248229263934082,57.464907693914654,0.9886558800640985,0.05590819563898954,0.026283394205492177,749.5132063637745,Laminar,True,True,True
2.2635935449985936,5,1.9574715646963852,2.1264024619306845,11.787357823481926,60.073757757444604,1.5753275296721247,0.06379020218556147,0.05943168712374003,4139.424847701068,Turbulent,True,True,True
4.897003642074875,13,1.7909735588204367,1.8481021012060754,29.28265626466568,41.04263231413117,1.9554147254433873,0.029146656763616653,0.15959455053771848,3865.2704499399433,Turbulent,True,True,True
2.2772009440784133,5,1.3872800950204884,3.030173106877276,8.936400475102442,55.10876751872745,1.6947648206804156,0.053898209791599795,0.06432200082740543,3849.845406883072,Turbulent,True,True,True
2.212983174657384,18,1.4603609663131076,2.6594063728188164,34.78649739363594,84.3830874661653,0.2108738735949005,0.11226347144113588,0.007777672237339047,1114.3376739941493,Laminar,True,True,True
3.3431069585831747,12,1.8888072677645882,3.2044255812134907,28.165687213175058,68.61631779939067,0.22682944089978643,0.08292814471826865,0.012638584704726783,2042.4874232631496,Transitional,True,True,True
1.3551839982146894,7,0.8952544723590745,1.9253817875184716,9.266781306513522,66.24275388666337,2.702123828553236,0.07186674793351343,0.061031249560832626,2562.931726948279,Transitional,True,True,True
4.482365006370228,11,1.8157269625009373,3.8251860448642074,24.97299658751031,48.14757280790087,0.3721211852168126,0.04308470349532549,0.027799716312414246,2697.4228277938573,Transitional,True,True,True
1.7860661469976864,6,0.7645518817613082,2.2563168527662376,7.087311290567849,49.54435053709982,7.204028342529101,0.04103167953555759,0.21444785241005135,3679.5806910112924,Turbulent,True,True,True
1.3651706035692306,13,2.0854647236241464,1.165323258505564,33.1110414071139,120.41986335177485,0.4590782525016066,0.1802986460663193,0.010445335584218765,1206.2541682716712,Laminar,False,True,False
1.055778158026739,4,2.1456007645277655,3.77757820147971,10.082403058111062,210.31254494026163,0.10822234940175299,0.35699497894633275,0.0019043132118118152,1663.9555623987999,Laminar,False,True,False
2.704495063969544,30,0.5835061576584356,2.5102990965100536,32.00518472975307,49.76531655303813,1.6242974311987455,0.04420972362928906,0.07321507308492362,1088.0675609801663,Laminar,True,True,True
3.8511102621926576,4,1.7348027653937865,2.6644085326789204,8.439211061575147,48.4706028274395,4.756957018780024,0.04320452390959797,0.3053260998638857,8172.125674705666,Turbulent,True,True,True
1.4975712060014337,6,1.0045462339076132,3.837253551898597,8.52727740344568,89.86599555249249,0.680625226294453,0.12012284974454004,0.01698807901627971,1924.9227305180987,Laminar,False,True,False
4.980188870350922,15,1.4273398003041635,2.982301451270195,28.410097004562452,41.749190864389995,0.8496554847063253,0.030608858100173962,0.070524079809451,2811.48125717966,Transitional,True,True,True
2.3349682879845823,12,1.3423171192552714,1.3168009455048213,21.607805431063255,52.42445289708117,2.436765133772056,0.04868592127319448,0.09482948854373763,2732.410950229793,Transitional,True,True,True
1.976351991833389,7,1.0375542209942914,0.8932079167038625,10.26287954696004,48.3522758403193,24.631756167070012,0.03942327108119925,0.8113503393857197,5460.36128790541,Turbulent,True,True,True
1.4784279321308582,26,0.7130541894413218,1.6366482531433206,31.03940892547437,67.2550821076137,1.1655546049048322,0.07477659986416774,0.028719808071917506,903.6449788700002,Laminar,True,True,True
0.6953902710545928,16,1.9086970038901505,2.8833819304914203,38.03915206224241,109.10465518162232,0.03536573168467292,0.14751535760779974,0.0004098830957041451,338.663631921127,Laminar,False,True,False
1.518958355448993,15,0.5651311309437674,1.6488428983476402,15.476966964156512,66.856681912357,3.8516142749470497,0.07423952053982286,0.09750736141495726,1707.9139387132334,Laminar,True,True,True
3.5504253210403824,17,0.7717925992158982,0.7201193481183501,21.12047418667027,36.70981056940493,48.80549404952035,0.019366480426197163,2.8880043646550457,5227.236696020654,Turbulent,True,True,True
4.806682041796597,14,1.5639821347354481,1.4251452849626132,28.395749886296272,39.370749908696716,4.288499056293986,0.025747673038199796,0.34355752333583267,4289.007717481005,Turbulent,True,True,True
3.238761824341151,15,2.0558623401897416,1.626225148016084,37.837935102846124,60.81862454644617,0.5815961471807519,0.067194077845273,0.031394189977881945,2189.6643421425038,Transitional,True,True,True
0.7868828138778636,20,1.0250120970639973,1.0404679980778182,30.000241941279945,98.77630415947311,0.8161642676910449,0.1292647855809173,0.010703760592454923,711.2838489020547,Laminar,False,True,False
1.057551556024896,26,0.5346191149349198,2.606502087327126,26.400096988307915,56.715361867171325,0.8754614337660287,0.049823469001637206,0.0154307600253175,483.53442988062596,Laminar,True,True,True
3.854100493761186,12,2.521123528732102,3.955690572696796,35.753482344785226,79.74291329141799,0.08843306348027556,0.10575204396894355,0.005680498560402406,1851.6728266733878,Laminar,True,True,True
2.1664736372128055,15,2.0069614177549573,2.833116685274187,37.10442126632436,101.72959758814224,0.10895880011776823,0.14681689260282085,0.003934272799958074,1114.2783098515222,Laminar,False,True,False
2.0719475385622492,5,1.2007260789921397,2.580990467909413,8.003630394960698,54.249337646123394,2.9677262746793125,0.05155333852672935,0.10248288583247192,4091.698960145224,Turbulent,True,True,True
2.789241004406119,18,0.9225908663490763,1.4118109181738627,25.10663559428337,46.32634839952203,3.285929584024846,0.03749345333708882,0.1527541588892207,2478.6877840745556,Transitional,True,True,True
4.60461652204921,13,1.27242385602329,3.9116576674096355,22.541510128302768,43.89666635703675,0.6894532760825709,0.03466812709773357,0.05291113243717936,2551.303880515574,Transitional,True,True,True
1.5866513834692177,15,1.9347582339295892,2.939045173336795,36.02137350894384,105.687745703358,0.08060628634435987,0.15230584096823396,0.0021315679290765752,810.4125267425836,Laminar,False,True,False
3.0356127322811663,21,1.177063586117249,2.9787664314306737,34.71833530846223,66.17392091464552,0.3454721356975012,0.07760732494359929,0.017478660229528358,1298.8326347586215,Laminar,True,True,True
2.7233358258905302,5,1.871379956549217,2.5880315938310203,11.356899782746085,55.51760690868191,1.5486681753477984,0.05575111580822678,0.07029239207235295,4560.763344536074,Turbulent,True,True,True
4.8518248977363125,14,2.079897441484661,3.0092429107752845,35.618564180785256,49.01508466010587,0.3254981433625665,0.045064198016813335,0.026320999935557397,2542.825463346863,Transitional,True,True,True
2.647491849294618,7,1.2205209661423413,2.4251310844888465,11.543646762996389,48.34726986016699,2.7604785735228994,0.0412590656056039,0.12180574205923848,3873.872051013412,Turbulent,True,True,True
2.141364561308162,10,1.3919810313331373,1.1149744744574517,18.419810313331375,51.20799804458737,4.252661202886095,0.04569580762812695,0.15177496651850708,3189.538743499495,Turbulent,True,True,True
3.0417905794905877,10,0.9329927165829878,2.59173359135945,13.829927165829877,42.96843042040458,3.1931328071209024,0.031205971899003798,0.16188068819604495,3222.4620200023537,Turbulent,True,True,True
3.1898573822956693,25,0.512954374588394,0.7021740510818333,24.82385936470985,35.45029068133498,58.008571997346635,0.016389290827967955,3.0839845270361,3920.9650761360026,Turbulent,True,False,False
1.075739213892835,5,1.1441312283694343,3.6743432813489685,7.720656141847171,136.3404988309085,0.418647027914914,0.20930380249225117,0.007505917078462688,1667.290697195629,Laminar,False,True,False
3.844181495322736,6,1.9966586811442093,2.350010504867618,14.479952086865255,48.309370351522865,2.1958949332187463,0.04287532394883974,0.140690311132541,5504.019222644803,Turbulent,True,True,True
0.7423086220016348,10,1.820731224010892,0.7576416283573308,22.70731224010892,149.98906908926227,1.1118579946664826,0.23059216718306969,0.013755696264706298,1075.0351936161944,Laminar,False,True,False
4.894443560538786,4,0.5137529350994969,3.0135237277452624,3.5550117403979877,34.82403943333584,146.110563924344,0.016707933937466356,11.918831812103267,12953.517181578522,Turbulent,True,False,False
2.8497958519627926,13,1.999253997620683,1.3787158296396236,31.990301969068877,57.57432663258835,0.9976928949577997,0.06009903772661508,0.04738701789305813,2423.2517139988813,Transitional,True,True,True
3.2545149616182822,30,0.5023883335587014,1.3012682100778057,29.57165000676104,39.52752032657484,9.63633583529521,0.024633376108506053,0.5226933191857778,2245.92408716244,Transitional,True,True,True
1.4446380349577215,28,0.8097155075845676,1.0813542445798565,36.17203421236789,72.07627315200796,1.62393737483499,0.08419131513913043,0.039100028301267006,1018.7728495629733,Laminar,True,True,True
3.3166064541442446,8,2.3463290225518043,3.604579066954342,22.270632180414434,62.284716820896875,0.22239218065707395,0.07023054881636673,0.012293122361974404,2601.3848625993473,Transitional,True,True,True
4.669644758802661,6,2.150439535799252,1.190887437217656,15.402637214795512,42.77135806445019,13.667215474314002,0.03246103129866297,1.06368401845095,8697.561594998073,Turbulent,True,True,True
2.218634977632539,10,1.3144788527438764,2.285037037906729,17.644788527438763,64.64972164967281,0.83208800675129,0.07281330494811697,0.030768325937449208,2301.5777862997697,Transitional,True,True,True
2.4321689406508025,30,0.8126600577029054,1.8398868936954544,38.87980173108716,59.17256001400352,1.0109552449579895,0.06242843670256783,0.0409802324529141,1141.2828744382998,Laminar,True,True,True
1.2674152675285464,7,0.5308404111230145,1.4567015622146506,6.715882877861102,50.78816342977751,19.54990025226741,0.04022221602904489,0.4129640343063983,3401.641038930874,Turbulent,True,True,True
4.763226702657951,14,1.567538543342673,2.9773048950714847,28.44553960679742,43.53949105980929,0.6965865833035617,0.03405784239352289,0.05529999690507987,2795.3628301659624,Transitional,True,True,True
4.084957935526648,9,1.6545318361573313,1.2970953766143456,18.890786525415983,42.166990808261595,7.739763260118039,0.030811210111179772,0.5269434558086132,5742.056620139223,Turbulent,True,True,True
4.275020836885333,7,2.4872939577287485,1.228598294566177,20.41105770410124,44.50124840826056,6.009804573420164,0.03563634400350133,0.4282006629496662,6137.068634622723,Turbulent,True,True,True
3.073560471350675,4,0.6557544257092804,1.4468185884857039,4.123017702837122,40.60619763588888,147.31066738339362,0.02653040721592672,7.5461374046314305,13646.28953990366,Turbulent,True,False,False
3.5560101495743055,5,2.5163331191155125,3.637330173418425,14.581665595577562,55.7410860502567,0.5463968045641261,0.05743539697600413,0.03238320971208335,4315.619581982139,Turbulent,True,True,True
3.433347712229173,24,0.5169539985032624,3.8443475394791724,23.9068959640783,44.92586892284412,2.0599895072599055,0.035660384501387275,0.11787767103278164,1224.8258101562458,Laminar,True,True,True
4.407986954924235,14,1.227091375865071,3.992150599815012,23.679279262110995,47.48317039497996,0.558429317882337,0.04170172735916833,0.04102581914120967,2252.6241182288013,Transitional,True,True,True
2.4005766591127298,4,2.1919357646620448,0.9758928652113013,10.267743058648179,54.02092721306859,13.921965467346826,0.05204730584083245,0.557012422498104,7074.207677238916,Turbulent,True,True,True
1.5472916559542182,12,2.2784405093812072,1.0467852940344018,32.84128611257449,113.24036488893373,0.6341378129133365,0.1671803671988906,0.016353269110764377,1447.950424297668,Laminar,False,True,False
2.399086680079504,13,2.413670961075013,0.8320841253508395,37.37772249397517,65.02003732525195,1.7282609479686706,0.07404180308520851,0.0691041303328869,2123.101405334501,Transitional,True,True,True
3.9371128354860803,13,2.002228066270964,2.454684106920455,32.02896486152253,52.13236922932557,0.44928904647254664,0.05060968105564859,0.029481694528506092,2537.3730930086285,Transitional,True,True,True
4.139230422930115,7,2.639521005084564,3.8408370148444844,21.47664703559195,52.874532206807544,0.3017016323668189,0.052272482550454885,0.020813542922340233,3407.2693011874544,Turbulent,True,True,True
1.3688744335736684,24,0.9136490909877908,2.552231399452153,33.42757818370698,67.7707092931065,0.31879037395555754,0.07502885946256031,0.007273066542952529,614.5011275171279,Laminar,True,True,True
2.52182778298927,8,2.4951068362137714,3.7610006801723626,23.46085468971017,104.52747296319534,0.09807866438776769,0.15334861914512965,0.00412229167952588,1881.5039359679229,Laminar,False,True,False
2.905483772095356,16,1.7593764178327425,2.4086776069392495,35.650022685323876,79.75488811386396,0.2562207733517713,0.10455694408527824,0.012407421650788229,1626.8556836836483,Laminar,True,True,True
3.809504011002491,4,2.1237119755174794,1.7543885700703055,9.994847902069917,49.37183367609245,7.612329019630337,0.044966174698485635,0.4833199655558738,9170.083202834772,Turbulent,True,True,True
1.962919233865154,7,1.1471323498097192,2.0274570279151307,11.029926448668034,54.04916484911075,2.7510222671437177,0.050767221434809204,0.09000057534946208,3298.3803058779777,Turbulent,True,True,True
3.6047301332543276,14,0.6682346193278889,1.9097828235553873,15.855284670590445,37.16915214927447,11.3444190611969,0.020346223647893336,0.6815594872360207,3729.432634282549,Turbulent,True,True,True
1.6726504751664435,13,1.3123250280280294,1.0703503602555655,23.06022536436438,76.07956637938605,1.8153386706819081,0.09355579713698428,0.05060711816840189,2016.4193857206806,Transitional,True,True,True
3.4647803125054133,13,1.1771577932383857,2.4385186845718447,21.303051312099015,45.10361197347965,1.4546859746565817,0.036053894697234384,0.08400278876446456,2752.4959189862907,Transitional,True,True,True
1.0880172904039518,14,2.2619923457122555,2.923937408542667,38.16789283997158,119.04640810310269,0.04262768838277062,0.17486658024220061,0.0007729943668401015,559.5836652874785,Laminar,False,True,False
0.6823716534331811,20,0.9341273882291721,2.681759737371909,28.18254776458344,79.87898831858104,0.1675937636341088,0.08866921460638567,0.0019060205599349424,352.338429103427,Laminar,True,True,True
4.168695669373911,25,0.6706577638797515,2.9181037875094984,28.766444096993787,44.68808119255669,1.8095151698408234,0.03592415375768555,0.12572196753636394,1734.999987552697,Laminar,True,True,True
1.391633885443974,11,1.8094554772589864,0.9746920897803997,24.90401024984885,106.67210739598804,1.1196533557148223,0.15300358313136597,0.0259691258293967,1696.773827073891,Laminar,False,True,False
3.466786376387077,23,0.5672241007756404,1.617515848560549,24.04615431783973,38.08049310795291,8.426863860441133,0.0220100602996696,0.48690228045076545,2576.22263726502,Transitional,True,True,True
1.3633687567986847,6,2.9716551385252057,1.5604870521602607,20.329930831151234,144.97012333908754,0.3065910477544016,0.22938523480479922,0.0069666109270420775,1872.157823383467,Laminar,False,True,False
4.018753737708271,9,1.411440619357671,2.6908984301497627,16.70296557421904,42.99299846180996,2.033234207140548,0.03240519193903632,0.13618445949303987,4064.444809215008,Turbulent,True,True,True
2.6692695422572434,14,1.922604442896088,1.5146208515768504,33.41646220054523,68.71460652904582,0.6423892902965415,0.08203808519034149,0.028578502781013412,2071.287065393872,Transitional,True,True,True
4.942387574970435,7,0.9923866741637286,3.2536455525468306,9.9467067191461,38.1454415214666,7.7583440075329015,0.023379259217906522,0.6390790504196158,6209.253203082934,Turbulent,True,True,True
4.340350142520931,13,1.8442649626343341,0.6710096736531718,29.975444514246345,38.18917384051481,19.29584034351719,0.023062860924599037,1.3958450564174327,4956.554653408969,Turbulent,True,True,True
1.941705318368662,12,2.782282709705436,1.7522847304081755,38.88739251646523,121.76609639347872,0.17161235557960808,0.18612098920232187,0.0055536770587783155,1332.4474982534234,Laminar,False,True,False
3.733962924853048,5,0.8956254523501523,0.9645450154076061,6.478127261750762,39.75136024059453,159.28956023245976,0.025648806099763832,9.91302187040252,14991.01880223389,Turbulent,True,False,False
4.696160314292685,6,2.783856620882473,3.290942943589395,19.20313972529484,50.146456949686495,0.6357152423458993,0.0472286289404454,0.049757011538262806,4811.0913995323,Turbulent,True,True,True
1.025233523041817,12,0.9680765652246286,1.7893437814558086,17.116918782695542,113.41744516909155,0.7407661243153846,0.16279869946812234,0.012657637723031571,1156.9710000318926,Laminar,False,True,False
3.4686161534350335,7,1.6928180697881232,2.3596251898428022,14.849726488516863,47.59260444958794,2.075756456946527,0.041036472694522985,0.12000003961936327,4565.886972621129,Turbulent,True,True,True
2.5360132964807907,27,0.6814785658091631,3.2547454442457546,31.399921276847405,51.45011352099481,0.7868981150620009,0.04722581932663214,0.03325973471288175,891.0290283809557,Laminar,True,True,True
1.0688528463882752,8,1.467057114019323,1.4801427723035827,15.236456912154583,135.15868559948737,0.7093348215944691,0.2068539899071292,0.012636242385059462,1692.786692721339,Laminar,False,True,False
2.3112820665248828,14,2.0450227759560713,1.589855592726991,35.130318863385,89.69413886621446,0.3974459320137074,0.12316213440521644,0.015310160917942496,1695.972976207158,Laminar,False,True,False
1.9715887055506363,27,0.6187051944455733,0.628980392135186,29.70504025003048,47.950441144083335,14.292131934389404,0.038602010380812776,0.469636765001362,2185.401799201302,Transitional,True,True,True
3.460860340224446,9,1.4726179970679087,3.6560599628738686,17.253561973611177,49.35584321857371,0.6543562533512919,0.0445536528844654,0.03774392676002244,2799.7550193589827,Transitional,True,True,True
3.3907133827203357,30,0.8303574229533462,3.656708319982715,39.41072268860039,49.588425497738214,0.4798100216227478,0.04493279619298691,0.02711497102465974,940.5703623898253,Laminar,True,True,True
2.960675907222969,17,1.2126324324035438,3.5727441213584643,28.614751350860246,69.7552760498074,0.2936837381051728,0.08465004934053452,0.014491706129186087,1358.969556300484,Laminar,True,True,True
0.7449819232748351,13,1.842071003005369,1.6893501761515255,29.946923039069798,135.0873738132663,0.13991340792110643,0.2008583414612102,0.001737215995416707,605.9499614936897,Laminar,False,True,False
2.6453041492048603,12,1.1607906308274596,0.9552908182651401,19.429487569929513,43.6178085613789,10.34573133958892,0.03179564780198034,0.4561267673195555,3889.9667049294294,Turbulent,True,True,True
2.7003205637507817,8,1.4608095982642715,2.9794705109418484,15.186476786114172,54.13051843052405,0.8295030237387767,0.05293190164318664,0.03733206787825453,2838.5651454914096,Transitional,True,True,True
1.13566764157742,4,2.139755299159382,2.176725276048298,10.059021196637527,117.96000571807721,0.4448972581474663,0.1732487219770202,0.00842092366507656,2456.0961617769885,Transitional,False,True,False
3.965416425315899,11,2.742774609891633,3.381804069797296,35.17052070880796,68.46176182084335,0.12629709103158887,0.08329455460733028,0.00834700932077133,2197.879077219707,Transitional,True,True,True
1.3289347141732941,7,0.9236015013626213,3.2423574206008072,9.465210509538348,99.53245918074376,0.769227022094221,0.13823641545436632,0.017037541545685965,1701.6667765423351,Laminar,False,True,False
4.612239902717198,6,2.8136221692596437,1.5437552627965596,19.381733015557863,46.22854352353919,3.820024308655305,0.039337046953907585,0.29364780909549454,6587.480696069147,Turbulent,True,True,True
1.1565194890060317,18,0.6980488776827436,3.8502670222326887,21.064879798289383,63.22310437943463,0.40403229410034563,0.0640033804688181,0.007787853705247774,527.4893878571486,Laminar,True,True,True
2.4161115039421053,14,1.390757711920776,1.826270440164152,25.970607966890864,68.76735921583739,0.746961311315261,0.08157871292765703,0.03007903028780804,2003.1707636355104,Transitional,True,True,True
4.752485725524521,13,0.6567614685079397,0.916714505838047,14.537899090603217,34.693079382057476,109.35875057771719,0.016358191033772836,8.66209835136329,8675.634552479783,Turbulent,True,False,False
4.0534318196683214,15,0.82134189490238,0.6206104787241773,19.3201284235357,35.81809795420816,95.20951783713416,0.01808602556979761,6.43208815227197,6997.849435304711,Turbulent,True,False,False
1.5090545672565232,18,1.1520268442756776,0.5497456035112469,29.236483196962197,70.35648187854159,6.200626859752655,0.08117694449837497,0.15595140470938695,1839.56377136825,Laminar,True,True,True
1.4724074225173702,10,2.6385842240925093,3.6438254041940126,30.885842240925093,145.50261338646186,0.03857762108364123,0.23123186296360757,0.0009466995937769325,875.1563433375371,Laminar,False,True,False
0.9752954967989418,18,1.2068767649632712,2.237420315609299,30.22378176933888,92.69858875403833,0.19261804297652801,0.12064229197540373,0.0031309918319538804,587.4176712790896,Laminar,False,True,False
3.8693803898505195,9,0.9668147550485807,3.974281280748378,12.701332795437226,40.5299653246481,2.2301245184684153,0.027340892465935875,0.14382000131144196,3249.0733716604263,Turbulent,True,True,True
1.2268486929664066,12,2.82235108967835,3.4137759800688947,39.3682130761402,133.96176565023774,0.02622580285464591,0.20619398918309736,0.0005362515325702832,612.1793832608395,Laminar,False,True,False
0.543483741921117,15,0.7237973158457576,1.7521339666948852,17.856959737686363,101.80345071689774,0.6426144108764804,0.12712888138312683,0.005820841410593062,546.4376409464039,Laminar,False,True,False
4.185242818389538,27,0.8851798227600676,0.6692859916970305,36.89985521452182,35.3807835744801,24.784969192834787,0.01732320669050127,1.7288519053052953,3723.570809839252,Turbulent,True,True,True
2.627089998960187,13,1.0998203318662658,1.5995831416765505,20.297664314261453,47.64396262550891,2.7251003257745734,0.03981023951452021,0.11931806353342546,2795.4240251193337,Transitional,True,True,True
3.1913602660031914,13,2.534927388297151,1.7371620513201196,38.95405604786296,67.73402585877216,0.38170001948051374,0.08095888565155764,0.020302371261712596,2145.7347853594697,Transitional,True,True,True
2.5738559433189607,8,1.4682665133016135,2.324830722544303,15.246132106412908,52.422268846767736,1.3642599691720152,0.04925355912569707,0.05852347716475889,3167.2633117416676,Turbulent,True,True,True
2.660641109729264,15,1.5613900937346008,3.6791800244900505,30.42085140601901,83.9717242992221,0.15297243820183803,0.11253483735689873,0.00678341262892216,1263.864160890222,Laminar,True,True,True
2.763023614156603,11,2.790966026055939,2.4254446673628762,35.700626286615325,97.25192278167538,0.14132578486726868,0.1392956477969367,0.006508108014624654,1798.059387872086,Laminar,False,True,False
0.5879748723933785,11,0.9018223579442326,0.5757850626121289,14.920045937386558,137.6462128639389,4.9886396514510025,0.20081795565873506,0.04888657937464086,1350.7995735294537,Laminar,False,True,False
2.7602506031401943,18,0.5601261891831781,2.255393192349633,18.582271405297206,46.235748866737985,4.18125026361188,0.03725806769222226,0.19235497603357982,2033.7678795822278,Transitional,True,True,True
3.795779449647433,21,0.9705634297408321,2.0532670071776655,30.381832024557475,45.34340025184609,1.5823435123967848,0.03689564940898451,0.10010378311064425,2232.0716848447937,Transitional,True,True,True
2.9533038919689822,12,2.2457409864705125,3.0071788004536106,32.44889183764615,89.31525986837053,0.13971559455188304,0.12375788422675106,0.006877043485980608,1749.4841794867555,Laminar,False,True,False
2.8061616302016232,5,2.6759690135063576,2.853528809648375,15.379845067531788,62.12100922764212,0.5386114178826168,0.0691138842591204,0.025190511574178193,3790.014602268158,Turbulent,True,True,True
2.1319909603565765,20,0.6479041162442002,1.7312939157462521,22.458082324884003,59.12034702396228,2.665104701650137,0.061490959324193385,0.09469965220536505,1673.0490292517507,Laminar,True,True,True
2.579473963394073,4,0.9171777987710625,1.1626490724792125,5.16871119508425,45.626230102254056,75.31736680857209,0.03567365862712568,3.237986444568544,11577.848682242833,Turbulent,True,False,False
1.2756397171297813,25,0.7772709626586731,0.8049525921651063,31.43177406646683,77.69790815708782,3.0965194877565576,0.09411490899954732,0.06583405405747718,1204.2151181812415,Laminar,True,True,True
2.2607566290471746,22,1.3340875928158376,3.8653663488939807,39.849927041948426,67.69903238512885,0.11949242361278095,0.07903277395084525,0.004502388146725128,738.001583442024,Laminar,True,True,True
2.783770770245174,5,2.5566116420879723,0.9524308106338968,14.783058210439862,50.7676896618515,9.405028565277384,0.04636599771742499,0.43635739355566816,5924.595994786598,Turbulent,True,True,True
1.706354520843672,16,1.458879742335059,2.769421449569128,30.842075877360944,93.54772773815682,0.17064802529234613,0.12866205360113664,0.004853100490510668,941.8186066560513,Laminar,False,True,False
2.8937680517842805,11,0.780924685231728,0.5250988676829447,13.590171537549008,38.456971260280405,154.17176450855771,0.021941058323112172,7.435622110367899,7521.4906549137795,Turbulent,True,False,False
4.47894518704252,5,2.178201072248989,1.5441541779646184,12.891005361244945,45.42128516741009,8.830994034481867,0.037629676938082314,0.6592256371257291,8986.11188661822,Turbulent,True,True,True
4.6131645507340036,5,0.8007814189908722,2.0399915019948973,6.003907094954361,37.80220141060766,57.89784930139888,0.022484988098948343,4.451538432682547,12127.640626340533,Turbulent,True,False,False
1.8309418931353147,11,2.7096666670295892,0.6282222963124071,34.80633333732548,78.73830072017664,2.4551400060783446,0.09961705468479916,0.07492031151068887,1862.06093082911,Laminar,True,True,True
3.3524621133632255,7,2.941675917015165,2.775457097543151,23.591731419106157,59.15013674093365,0.332476060048541,0.06400779442343486,0.018576889915216842,3128.033812015908,Turbulent,True,True,True
4.77465330660071,28,0.6891486565626682,1.757474210986839,32.796162383754705,36.255689781498226,5.268077914732488,0.019497469967527853,0.4192207605834608,2602.5595614214653,Transitional,True,True,True
2.1982629713224453,8,0.8642994043334469,3.9919195708588484,10.414395234667575,60.80960690899924,1.1310953012809817,0.06507296634736821,0.04144074863071312,2112.882241084293,Transitional,True,True,True
3.2809375441469153,12,1.427818891381829,3.6700488072079933,22.63382669658195,63.14635848801188,0.33831954691169785,0.07190666170305103,0.018500088389689383,2002.6822738483158,Transitional,True,True,True
4.003735111817359,19,0.6629611448965768,1.6292390702035238,21.59626175303496,36.027543971507356,11.205142407058414,0.01846085080846368,0.7477070348008907,3432.757176596337,Turbulent,True,True,True
1.1212777802835712,30,0.6380644408881182,3.816944125128684,33.641933226643545,50.592673580315505,0.30335028968348776,0.038351441353489765,0.005668998991077991,313.2761369938164,Laminar,True,True,True
4.558531147292122,15,0.6223342388146078,3.434091026622976,16.33501358221912,35.97290382888221,5.166995947022247,0.01878900715540347,0.3925651993738845,2797.5257029599716,Transitional,True,True,True
1.0234719512808326,22,0.5064465262164657,2.239225362880063,21.641823576762246,62.775089544917215,1.4185889759640709,0.06148982951426393,0.024198100454923762,632.686436139313,Laminar,True,True,True
4.771544594559621,18,1.4323478452205731,0.6082270597831967,34.282261213970315,35.901035389867864,28.430641493097507,0.018786197590117584,2.260967895604198,4850.849912000804,Turbulent,True,True,True
4.617407377751902,19,1.3178916521451054,2.9667209046028367,34.039941390757,48.70286552430885,0.5363151307118191,0.044289182683156805,0.04127309068914549,2117.9559940795816,Transitional,True,True,True
3.624067409501592,6,0.6594437661518133,1.8475013253514525,6.4566625969108795,38.24920542779835,56.88075894612638,0.022527631123941863,3.435661745406212,8996.717668608226,Turbulent,True,False,False
1.9270895622673994,10,2.2506409971808146,3.3692387348094366,27.006409971808147,129.12425139274322,0.08317061464593858,0.20078108990672633,0.0026712870561925394,1280.4386490605477,Laminar,False,True,False
1.501004378262536,15,0.6015208684704041,1.2498953802671167,16.02281302705606,61.60782880725803,5.562888712535889,0.06362849476262811,0.13916533855506016,2018.2293889943787,Transitional,True,True,True
1.1407456624472156,15,1.5567710361084572,3.9702020387828165,30.351565541626858,93.24968282362853,0.058069723065116645,0.12388448233932634,0.0011040464117673808,513.80001794639,Laminar,False,True,False
4.8780729509511325,14,2.1745002379524303,2.080899235320106,36.943003331334026,44.15763561799507,0.7667933067389462,0.035365259302898,0.0623412281428938,3057.4813500980094,Turbulent,True,True,True
4.328302556733371,30,0.5595121945908463,3.420414156497262,31.28536583772539,42.6368405638468,1.9516970925352024,0.03194896590107128,0.1407922585931534,1353.646354250219,Laminar,True,True,True
2.73778710894953,13,1.4351151533562692,1.7901810385338557,24.6564969936315,55.22095497171623,1.087645063084723,0.05518570380207136,0.049629010547099214,2438.2072319382487,Transitional,True,True,True
1.5115599584063206,14,1.9603489511062793,1.6122000488882606,33.94488531548791,116.58238158091739,0.25850552670738747,0.1736445497321459,0.006512443386627043,1128.5038523133285,Laminar,False,True,False
4.236133590577804,10,0.7784627671426663,2.5217573130126527,12.284627671426662,37.16505749434657,10.291826736359408,0.020933061258421867,0.7266258824383136,4793.035460589162,Turbulent,True,True,True
1.2202012721259605,5,1.8813647173757968,2.7480419028400522,11.406823586878984,141.78069379602724,0.25601047139637256,0.22176794519486095,0.005206405047923677,1968.4302826847752,Laminar,False,True,False
4.007037429410991,14,1.5649802464342304,1.3251991054088554,28.409723450079227,41.327754925598164,3.6651856344251614,0.02906423483335477,0.24477560038135152,3697.894072054973,Turbulent,True,True,True
3.9610026806790657,5,1.5944736658461784,1.1864212430057928,9.972368329230893,43.54291286928736,27.80459527757661,0.03345281294461905,1.8355679404946241,10637.374564085456,Turbulent,True,True,True
4.385679994838537,10,1.498056813006235,3.4981529983438286,19.480568130062352,43.24380350601767,0.9254818575504161,0.033206388721431446,0.06764778780408115,3277.782776538931,Turbulent,True,True,True
2.269295093318884,5,0.7946886768923997,1.4308232512102865,5.973443384461999,45.82880705324813,36.563072260406834,0.03531627337114323,1.3828733412867504,7615.088245150969,Turbulent,True,True,True
3.2001324878432675,13,2.1373383171058897,2.03356675919736,33.78539812237656,64.40439162280057,0.38983642647084416,0.07431197773193376,0.020792136888234527,2203.830541541406,Transitional,True,True,True
2.0047527536923484,8,1.1023137013079096,3.381654950498483,12.318509610463277,71.95688475451769,0.6895239863171942,0.08673564074014076,0.023038751838438676,2086.8544556203688,Transitional,True,True,True
2.285032763585307,18,1.6008879815934611,0.8215351541037279,37.3159836686823,64.29182432754614,2.205900474826936,0.07228598253619571,0.0840092476364656,1956.8332434817282,Laminar,True,True,True
4.153310807669083,16,1.1680429079545762,3.6598637284902718,26.18868652727322,51.3705941882894,0.5316484168727037,0.04927639267931773,0.03680168526129264,2007.7030719600396,Transitional,True,True,True
1.0419754721517867,18,1.3696670639851358,2.4790249458957074,33.15400715173244,92.91696297406551,0.12924939273356395,0.1220232616854856,0.002244578283648117,561.637024082561,Laminar,False,True,False
2.0814917653978977,4,2.855169334178399,1.3914858016930078,12.920677336713595,65.07069190982442,2.4369011410310426,0.07322789338215538,0.0845398276357476,4575.6374793815485,Turbulent,True,True,True
1.7654602711670553,16,0.5096597058542705,3.0464496832410974,15.654555293668327,59.78101129509383,2.209696527540731,0.061410962126908566,0.06501885717848266,1158.6352878706336,Laminar,True,True,True
0.7349672978705439,10,0.7204202673103963,3.834177909621803,11.704202673103964,91.76068754046541,0.4268099512144936,0.11394176459010534,0.0052281892758062505,602.562145493227,Laminar,False,True,False
3.5782319354791445,6,1.5690150182223392,1.2016894145801087,11.914090109334035,44.33895502149883,17.007006661049566,0.03465626648403345,1.0142502393579016,8037.313979604591,Turbulent,True,True,True
1.8259523998493372,9,1.7622868429266056,1.2804624881143787,19.86058158633945,68.64731659301789,1.4139208987776202,0.07941360988171134,0.04302920430533545,2489.8011532190694,Transitional,True,True,True
3.808993355070072,8,1.1080519897258794,3.565990687722659,12.364415917807035,41.72675857311044,2.3637486405128265,0.029675518059757502,0.15005838107948785,3803.7454990771184,Turbulent,True,True,True
2.207979981836051,6,0.987800138634312,3.3145996704104075,8.426800831805872,50.538342591197406,2.296065954394925,0.04455924682960984,0.08449446107132136,3193.8683637978284,Turbulent,True,True,True
2.093740587347281,11,1.7084975697198366,1.2798693824735647,23.793473266918202,65.1237329540141,1.326583092495358,0.07337442084085871,0.04629201438743673,2378.3740557903166,Transitional,True,True,True
3.587409820260192,18,1.348563122383354,3.807777848799907,32.77413620290037,66.14189824691731,0.23604662559362907,0.07827244174575733,0.014113266378231095,1443.2805415415376,Laminar,True,True,True
0.6377477430210624,25,0.8323577581851009,2.560754610461718,32.80894395462752,70.89200304510368,0.1791987302368722,0.06921964020530211,0.0019047264293467576,280.7337172736813,Laminar,True,True,True
2.993401605297156,10,2.1483191944106315,3.904828187491701,25.983191944106316,87.25514646130327,0.1207752551645475,0.11970292815393187,0.006025480711495501,1846.5779100177895,Laminar,False,True,False
4.852204898072752,7,2.2149691414362933,0.8154138528654011,18.50478399005405,39.893972313838226,28.157859000227024,0.026822205604265577,2.2771283560023914,8541.368689143415,Turbulent,True,True,True
3.619297037565549,13,1.3438656167348961,1.4125759921485013,23.47025301755365,41.81665832536346,4.303003978780283,0.029657303279500787,0.2595641592172041,3771.516177832675,Turbulent,True,True,True
4.443021998777766,14,0.6746610649370275,2.5995374568965253,15.945254909118384,35.64212937700917,8.458378293489002,0.018045388134030768,0.626346013865933,3619.339451538228,Turbulent,True,True,True
0.9818175777422726,11,1.1916601606662132,2.2751523756695327,18.108261767328344,124.26220161675784,0.31779010556788806,0.183867532403304,0.005200198527985417,961.3724149124083,Laminar,False,True,False
4.278925617126262,9,1.953098986638694,2.1920652412082244,21.577890879748246,44.84888652595054,1.6096087248362878,0.03633469205834448,0.11478993343753213,4282.864976779296,Turbulent,True,True,True
1.6756535822485468,25,0.9921775214109181,1.347799438406061,36.80443803527295,75.36061050405297,0.9075615092302597,0.0921333042881778,0.025345978234209702,1069.588060463631,Laminar,True,True,True
2.5884538888632047,7,0.5432325610369577,1.144944995333876,6.802627927258704,39.737921007273464,110.49779820799525,0.023916394547580568,4.766974258038449,8179.149898222136,Turbulent,True,False,False
3.1494501482909816,22,0.583570781779761,0.6516611371117511,23.338557199154742,36.0510073153642,61.91778216828787,0.01753284454127372,3.250116137196049,4327.603357538574,Turbulent,True,False,False
1.6758955195536334,22,0.7087542384664123,2.396811812676776,26.09259324626107,64.61333023457856,0.8844408289709748,0.07063998352665142,0.0247038403763793,915.9407592288377,Laminar,True,True,True
1.0566589188050621,4,2.4430632982689673,3.8968083231323734,11.27225319307587,235.46423746993008,0.07522321880384605,0.4073097251619533,0.0013247547508384765,1555.8877623908659,Laminar,False,True,False
4.767831327369715,21,1.1834128755881954,0.6029336091811048,34.8516703873521,35.23340922034329,33.403456159816656,0.017448596438328422,2.654367412019912,4745.913139101504,Turbulent,True,True,True
1.982354972502956,23,0.6495030231813482,1.7589943018500005,25.93856953317101,62.41133768300293,2.0045309777299467,0.06756344398948289,0.06622819918731952,1336.2610733157094,Laminar,True,True,True
1.8411554639610812,23,1.0483640895474418,2.9714576415561034,35.11237405959116,67.25428270692859,0.2523765570883681,0.07669261847321146,0.0077444079509822435,743.6005946459422,Laminar,True,True,True
3.465936522609683,6,2.776936599203994,0.8609859845559535,19.161619595223964,45.72009645343926,11.085628411303214,0.03728824917625171,0.6403680731135895,5929.250490368686,Turbulent,True,True,True
1.1736015101515886,18,1.4586241980485326,2.795587181520152,34.75523556487359,90.65270695229643,0.10268910128036736,0.11904369364322319,0.0020086014056458095,572.2858218408461,Laminar,False,True,False
3.1283568151043544,8,2.8960620093661684,1.5677268576148702,26.668496074929347,54.05239629912806,1.0107081321655536,0.053504814313707474,0.052697594555691694,3271.1958559568816,Turbulent,True,True,True
2.1153767620239226,5,2.0590744976085587,3.808079311109071,12.295372488042794,75.77474290171475,0.2897968195886112,0.0947467385698674,0.01021715763110312,2692.614302480942,Transitional,True,True,True
3.482097075964724,17,0.9689777970511975,2.6658347514052725,24.47262254987036,49.580244045005884,1.1213046773325677,0.0450278136981547,0.0650748623034217,2104.233019978139,Transitional,True,True,True
4.931413385143447,8,1.5273238188216416,3.5568081339623108,15.718590550573133,41.68591826599004,1.605220696246001,0.03045373328410539,0.1319334471262802,4527.396241095187,Turbulent,True,True,True
4.552163359276644,7,2.9509552538994352,3.5969665729253353,23.656686777296045,51.738852081220635,0.31964161669021757,0.05031648777365015,0.02425101425995264,3708.5164505442854,Turbulent,True,True,True
4.30495089149302,6,0.9624577368872557,2.041318805546754,8.274746421323535,39.448852476447186,22.981577014724984,0.025554955226239774,1.6489093409575966,8919.350422598234,Turbulent,True,True,True
0.5213819523311625,9,2.2321323872406453,1.5361880473280385,24.08919148516581,185.4109910039801,0.12039285977866451,0.29322153793532085,0.0010461777379688665,574.049781629063,Laminar,False,True,False
3.0078470579650243,25,0.9266108984567349,2.680007095076765,35.165272461418375,58.8024639536367,0.6078213356047677,0.06282065093491443,0.030470560267786204,1245.6599254109365,Laminar,True,True,True
1.8754818219996938,5,1.0368048564640842,1.3009627528271877,7.18402428232042,52.235479881750024,16.685114855107166,0.04679806565863672,0.5215438268121758,5991.359987704414,Turbulent,True,True,True
1.4666871412647295,6,0.9192280361736428,1.7694722571296162,8.015368217041857,57.21113357670227,5.179687679420277,0.054610785883178845,0.12661635525288445,3394.9058644612633,Turbulent,True,True,True
4.490305934747756,4,2.5941987800189508,2.872525275067853,11.876795120075803,51.215980342395184,1.9486246528050695,0.04922719610417652,0.1458320140514398,7667.833687572512,Turbulent,True,True,True
2.1199675765105823,5,1.140878356309639,0.8668206495854518,7.704391781548194,49.000300269606726,43.37495109412967,0.04121258473404439,1.5325581658714518,7885.777286757796,Turbulent,True,True,True
4.734833766110105,23,1.1485963393272107,2.9188751284931445,37.41771580452585,49.037310354670836,0.5953029465417681,0.045035364396100036,0.046977674872513364,1889.888933044756,Laminar,True,True,True
3.6956859704869665,7,0.901921761506485,3.3494590626796965,9.313452330545395,40.20201744027625,5.694625855817135,0.026510204741650403,0.3507591480419287,4637.1474848630905,Turbulent,True,True,True
2.7962927112936313,19,0.7182134746188613,0.6499049968279138,22.646056017758365,38.14837509763724,39.76619664625023,0.021150517342869542,1.8532987639629794,4016.8833513178392,Turbulent,True,True,True
3.366456716724574,26,0.8750594927745421,2.3373216600665496,35.251546812138095,54.672237930273624,0.9483184699375418,0.05506984094713566,0.05320788471192014,1505.069360857438,Laminar,True,True,True
0.5634894167802893,10,2.748825425446254,3.436089666875008,31.98825425446254,161.3215649973048,0.015109798926348492,0.24710516426310639,0.00014190352974459257,340.20126075934365,Laminar,False,True,False
2.2925669379964098,7,2.8173469883930675,3.9049258191131293,22.72142891875147,124.19966806652207,0.07169571783753723,0.1921223663411059,0.002739453871837622,1819.2473400973704,Laminar,False,True,False
4.748571254352752,21,0.734840991480228,3.5238729376966975,25.431660821084787,41.9708810834707,1.6060484236412589,0.030911298340035802,0.12710725629335723,1982.663873097567,Laminar,True,True,True
0.7497663306671271,7,0.8383141065381547,2.1769728236201926,8.868198745767083,143.27478010834483,0.9572516862073284,0.2173564158633076,0.011961918071543145,1326.4263648431072,Laminar,False,True,False
4.539788313366762,29,0.564943899866402,3.214792512893726,30.38337309612566,42.02977114309965,2.279132766013268,0.030889708711926825,0.17244633826263825,1546.535833213821,Laminar,True,True,True
3.6606994698738733,11,1.863729114185484,3.3536995540522443,25.501020256040324,57.20565530806321,0.30325322974108376,0.06048026587065443,0.018501982289178754,2381.764226364162,Transitional,True,True,True
4.2803796769165965,8,2.9148194796348426,3.0189918166606455,26.81855583707874,52.114383203333205,0.34582680159534546,0.0508668278633627,0.02467116688802974,3366.9950066589786,Turbulent,True,True,True
3.5459391927318293,19,1.4035544813966134,0.5079050251000268,35.667535146535656,37.627240612457136,25.41198250196892,0.021196212700373314,1.5018224119791177,3645.8305332220207,Turbulent,True,True,True
3.3151233854229747,24,0.988218698682843,1.4226970174416542,35.21724876838823,47.97456157266272,2.0957290276818155,0.04160829725658897,0.11579333848629565,2139.391787010553,Transitional,True,True,True
4.763336422561235,6,1.1124689857471364,2.20487886393647,9.174813914482819,39.61387351520661,15.96040788669757,0.02620667689401877,1.2670798700940022,8936.200187844395,Turbulent,True,True,True
3.1628184100596135,4,1.4120846468087076,2.4762082619135337,7.14833858723483,49.01930413018547,6.672254027542149,0.043488750649187835,0.35171879791507854,7593.4509225309475,Turbulent,True,True,True
1.9369798987421218,19,0.5027301857808548,3.5313366050746975,18.551873529836243,53.28793835127962,1.7502038998160765,0.04914659288544534,0.05650182954406351,943.6530009654286,Laminar,True,True,True
2.4324983848476736,5,0.7087522885648205,3.429886796918872,5.543761442824103,43.581236566832054,9.144920787068683,0.03124659113125903,0.3707500840684081,4389.437789566602,Turbulent,True,True,True
1.2665168166991567,17,1.5265528969607898,3.440929414723585,33.95139924833343,89.06035052706251,0.07484787201163869,0.11675853576262539,0.001579934809948109,560.0278268579618,Laminar,False,True,False
2.5600232309608377,15,1.023285758551724,3.0033149048417,22.349286378275863,69.02049849060415,0.585044022633023,0.08241980837566633,0.024962104817921955,1582.697744619051,Laminar,True,True,True
4.727134916927388,14,0.8187427274164014,1.945302355815171,17.96239818382962,36.10471631225113,10.372378279407382,0.019165226425887257,0.8171938589360974,4561.511105756207,Turbulent,True,True,True
1.0652502625817488,8,2.951072281262796,1.985065285488957,27.10857825010237,187.66300970403927,0.09533493669571626,0.31181710613081437,0.0016925927724721025,1007.2987736157469,Laminar,False,True,False
2.6990921811513626,10,0.5220598145112155,1.348846355877207,9.720598145112156,38.46242148262354,49.88958690943274,0.02159328240711112,2.2442765658020214,5387.032637470699,Turbulent,True,True,True
4.903046737153269,21,1.0262327244292642,2.653424307453487,31.550887213014548,41.19555702240407,1.2715645333716186,0.029456128068281455,0.10390900560712557,2369.317672589994,Transitional,True,True,True
4.18397685639196,28,0.9324670201237066,2.119492590081884,39.60907656346379,47.92550830855208,1.1659343981589776,0.042411615800673916,0.08130404229947419,1828.253263514548,Laminar,True,True,True
1.690459376078422,27,0.6115081683035046,3.506389153665347,29.510720544194626,50.752171958895616,0.635476809846699,0.04299164398578636,0.017904128858095947,567.7398228161675,Laminar,True,True,True
4.691995970092902,25,0.9492050384490878,3.120499309987413,35.730125961227195,47.990795336922474,0.7532635619369792,0.04291458603285101,0.058905159950435534,1722.021853058429,Laminar,True,True,True
3.7657376289515927,9,2.247954426231997,0.5914449066033325,24.23158983608797,40.034302624151685,26.89274754552904,0.026247209592598558,1.6878505229682381,5502.562315984763,Turbulent,True,True,True
2.0001306513068964,7,1.492848615998996,3.038915786234164,13.449940311992972,73.68567386907802,0.5064876757466438,0.09017663102982651,0.01688402541283418,2354.381836377751,Transitional,True,True,True
4.749086688091472,19,1.3904319285885245,1.9678116497692,35.41820664318196,41.12773786866649,1.376286352803874,0.02922534081646826,0.10893505328504736,2779.253748836382,Transitional,True,True,True
3.643314655405193,9,1.6002995923479482,2.7740971410527697,18.402696331131533,46.35989388023232,1.1364847091533998,0.038769985238069175,0.0690095232750415,3455.571629040001,Turbulent,True,True,True
1.6628378385529083,5,1.884547854135148,0.6546678670651902,11.42273927067574,55.46382358033419,19.5675350303416,0.05227354206264931,0.5422939609276924,4890.623077173585,Turbulent,True,True,True
3.9640648116979604,15,1.3086585610377224,1.48908627314355,26.629878415565834,40.5862409257198,3.659674102935936,0.027542275459926085,0.24178642222884403,3527.1609841133577,Turbulent,True,True,True
1.6668140421026587,13,1.3450370803945806,2.616885953266557,23.485482045129547,101.64413595182609,0.2740629753900833,0.14465481127018728,0.007613533596677104,1208.430451734192,Laminar,False,True,False
3.1260439485502842,11,1.1392793840046884,1.2224849680062262,17.532073224051572,42.19165866409976,9.42073794842942,0.02977993565710262,0.49082734757609675,4493.13769505445,Turbulent,True,True,True
3.083615630652297,6,2.714125289767839,2.683698790331687,18.784751738607035,58.775027233080436,0.5111250803805033,0.06288333359707653,0.026268554784662196,3555.2828555477367,Turbulent,True,True,True
4.881351948116105,10,1.036850648718029,1.3441415857885541,14.868506487180289,37.39191255161965,24.541533254898454,0.021835794809837984,1.996597686059246,7655.367421564724,Turbulent,True,True,True
1.5463068480335247,12,1.4534748934201989,2.852080896244632,22.941698721042386,109.96528191429267,0.19852175700729457,0.1606242780586553,0.005116259205733783,1117.5555227713924,Laminar,False,True,False
3.5965652589328476,10,2.940291850100724,1.208454018726349,33.902918501007235,48.124155499641205,1.6566360700149396,0.042247167580555856,0.09930332893517961,3237.091749573284,Turbulent,True,True,True
2.928407231306061,30,0.6887759503406414,3.626808330855686,35.16327851021924,47.72974077570763,0.6879624825556022,0.040545419988542504,0.03357723847971826,844.6066767307777,Laminar,True,True,True
3.3147734693679842,10,1.8487508583046064,1.871699725623891,22.987508583046065,48.34703692875751,1.3683576272506652,0.04235278973997817,0.07559659265696385,3326.91887253942,Turbulent,True,True,True
2.359548535665082,14,2.059902807637589,3.305861813355588,35.33863930692625,101.7693196644566,0.09112633034490099,0.14743985678713192,0.0035836166554307275,1172.8788604691931,Laminar,False,True,False
3.508075029671205,30,0.7849264676017458,3.736073936615271,38.04779402805237,48.324858773226744,0.5595444726278104,0.042547646383754176,0.032715399873602745,965.8217241361727,Laminar,True,True,True
1.4576587259063079,16,1.0067584022995308,0.5769183762935683,23.608134436792493,62.85481609978027,8.492637176862806,0.06583738078704116,0.20632277811350633,2148.0937046388262,Transitional,True,True,True
4.914063806571736,16,1.1478662892755127,2.5758790811424235,25.865860628408203,38.77194003020391,1.8707800662651537,0.024615474166175204,0.1532188768948244,3079.8157051171556,Turbulent,True,True,True
1.1189935290855701,25,0.9071181326619269,3.8227706760114497,34.67795331654817,59.94906702920959,0.14183260083419,0.05703802982925583,0.0026451627091139207,353.3625595305674,Laminar,True,True,True
3.449998005749897,22,1.077151653211315,1.2308662699990007,34.19733637064893,43.23647621970507,3.1776401641720273,0.03230182729910101,0.18271420382307116,2537.1192653339963,Transitional,True,True,True
4.657437676041897,12,2.734340016681042,0.8857882169603882,38.3120802001725,40.37067786644187,5.240865763483093,0.027651593847324955,0.4068167610320707,4003.3701660149222,Turbulent,True,True,True
2.1404608194219934,5,2.859669824379949,1.0870420183654748,16.298349121899747,59.436782967601474,3.2812032226034833,0.06215054008711211,0.11705478230906562,4050.2866111046,Turbulent,True,True,True
2.2759573532580353,5,0.8459760716241705,3.0568472845053507,6.229880358120853,46.905494270885704,6.281737443738839,0.037488210395159864,0.23828277543856238,4355.109885147476,Turbulent,True,True,True
4.250131922013836,5,1.0012353810903898,3.183968675177845,7.006176905451949,40.40202164441651,10.955448409451725,0.0274181781722083,0.7760350167497746,7584.023422306656,Turbulent,True,True,True
2.1502063233104436,5,2.5687737745175645,3.7887852227937886,14.843868872587823,87.7766034422329,0.16617139103235695,0.11886065219341437,0.005955046262517771,2525.8271563646363,Transitional,False,True,False
3.496630010002869,6,2.911353916733597,3.769389966650469,19.968123500401582,59.91336080291715,0.23785478599085463,0.0657112237194028,0.013861503045307203,3257.2980886306614,Turbulent,True,True,True
1.3757378036168912,21,1.3732620485942364,2.206310761979691,38.83850302047897,84.9039812675256,0.17801881960463564,0.10934784914864377,0.004081786998089217,683.3907134451204,Laminar,True,True,True
4.66563770046313,14,1.3036003324614291,2.1537503089814685,24.75040465446001,39.549294833930844,2.401630094409344,0.026014258148855964,0.18675226518405103,3599.3447450075596,Turbulent,True,True,True
3.169434077756155,15,1.760453308414213,0.869976701570357,33.4067996262132,44.26131755192321,4.479049468453854,0.03398227456541629,0.23660086702122066,2999.491326079795,Transitional,True,True,True
1.2545347447407473,14,1.5027531430503622,3.7022865411969335,27.53854400270507,97.67078695345906,0.08316061321862223,0.13387088847861334,0.0017387979779451377,642.8571965061706,Laminar,False,True,False
2.5660562767859636,10,0.5215123889179578,2.908522660164663,9.715123889179578,40.668700373732975,8.70901354801557,0.025729428098548057,0.37246364799165577,2793.5182689839144,Transitional,True,True,True
4.634349895319696,6,1.264572889162067,2.0000913674447296,10.087437334972401,40.83019411155736,13.599593889129041,0.028555233510836123,1.0504212752745925,8834.519675669919,Turbulent,True,True,True
4.7237277480309485,17,1.0354690660937576,2.947790379517159,25.602974123593878,40.29513267634269,1.4231722870270784,0.027543863404182255,0.11204464037430795,2604.8411258651035,Transitional,True,True,True
1.362973867996001,6,0.7007008174898626,2.5460579690894773,6.704204904939175,60.21171416813196,3.8867965977903083,0.0598653584027896,0.08829336988339923,2612.5833293075384,Transitional,True,True,True
0.9928612817693261,6,2.333803969439992,1.0729607153160048,16.502823816639953,151.79044335020222,0.7878106339764042,0.23908704583861212,0.013036444597355298,1813.7569306888956,Laminar,False,True,False
3.049356515160709,14,2.1795974546893078,1.7417776253378379,37.01436436565031,68.21623116873388,0.43157702034128126,0.0817133114791624,0.021933869979522198,2074.080839551435,Transitional,True,True,True
4.243920233911705,9,2.0674870998512747,0.9930547884667255,22.60738389866147,41.65100578648088,9.887980280300779,0.029911190675619904,0.6993966597348068,5753.2106034431445,Turbulent,True,True,True
0.6042207853970107,17,0.6268714270624658,3.6637205186937556,18.656814260061918,69.50016729682346,0.3190680538115689,0.06518391886682881,0.003213125834485364,309.323861736518,Laminar,True,True,True
4.47189072911713,23,0.9990302280871519,2.3391052818232616,33.977695246004494,43.90952513164066,1.251841784553216,0.0346010884910712,0.09330166117774952,2174.919971544582,Transitional,True,True,True
4.529935399155907,4,0.9294892335333387,3.6535302020974787,5.217956934133355,39.501517892949906,16.773265393797526,0.025826307610376333,1.2663634777800026,9227.078496571969,Turbulent,True,True,True
2.6807762259253223,8,1.4322295648911672,2.437798598043198,14.957836519129337,51.0640110436716,1.4137748969292467,0.046760034533353055,0.06316690220829914,3233.257903459233,Turbulent,True,True,True
1.0267217188143067,7,1.5548333883823466,2.420635072038448,13.883833718676426,165.63044374450715,0.2607407277811652,0.26724504156689016,0.004461802803206186,1377.6861537614423,Laminar,False,True,False
1.9068590938764833,17,0.9297294884425606,1.8504846682044604,23.80540130352353,75.94657904927969,1.0340573735841994,0.0943465210858867,0.03286336177348438,1506.5214774250164,Laminar,True,True,True
4.8800933265831645,12,1.5734537998013658,2.480779133282981,24.38144559761639,40.964875551267,1.554547147285253,0.02898096048465552,0.1264389193220943,3745.6059068997024,Turbulent,True,True,True
3.5108444994223067,19,1.5873836582260024,2.0669843148851053,39.16028950629405,61.94328699475424,0.4598791237694969,0.069787738675621,0.026909401534754806,1888.1200943165793,Laminar,True,True,True
3.656305082217689,15,1.8502014207208604,2.415647342761955,34.753021310812905,59.97185238593441,0.3594737061290486,0.06600793543856377,0.021905758977387804,2133.681587973531,Transitional,True,True,True
3.905385175077714,5,2.956611880841645,3.2851417537538286,16.783059404208224,55.70738468993784,0.5496127184241604,0.05773001799923538,0.03577415604279797,4672.734904161979,Turbulent,True,True,True
4.695863286403997,8,2.563275948735251,1.1613901222689722,24.00620758988201,42.64848588178316,6.082575492367281,0.03223249297912973,0.4760490490231371,5884.66861935683,Turbulent,True,True,True
0.8996453905358535,11,2.857860768478789,3.4988781738193047,36.436468453266684,145.6604862202997,0.019511511742463853,0.22532536620820548,0.0002925573600248964,480.42787159197286,Laminar,False,True,False
2.0026109920136133,26,0.7338253782698207,1.4804843567099228,31.57945983501534,64.00484506322466,1.7566735060043193,0.07082388445915379,0.0586322278750557,1298.8792390476292,Laminar,True,True,True
4.838404885968496,19,0.519743908299133,0.5880364646980434,18.875134257683527,33.09434867458457,286.34477878780115,0.013214499497821022,23.090866279307754,8583.785128811158,Turbulent,True,False,False
4.028072004306086,11,2.496528115355755,3.7813635568438833,32.4618092689133,66.8988372395922,0.1266726424338419,0.08022515308423013,0.00850410874498723,2178.083973890561,Transitional,True,True,True
4.065141186578375,30,0.7273370526924465,1.0353184824080734,36.3201115807734,36.38920283784633,10.278569155514981,0.01923846136494852,0.6963972468863008,2870.5877474563918,Transitional,True,True,True
4.78486641378155,12,2.139313681832828,2.4300082455064365,31.171764181993936,44.61525617535896,0.7164426355488519,0.03622303582548994,0.05713470507064729,3258.522404388093,Turbulent,True,True,True
4.2965850389087885,10,1.7591922175941939,1.8640252426445676,22.09192217594194,43.02497196810254,2.5392382039558483,0.03270068556345459,0.18183421462237204,4428.053998161543,Turbulent,True,True,True
2.516532840411557,10,1.5412834216897195,0.5894591832240028,19.912834216897195,43.559985354098146,24.108282343927897,0.031401637458292685,1.011154737406811,4410.17181483689,Turbulent,True,True,True
1.7735869479823212,25,1.0793546602292454,3.2775370414118896,38.983866505731136,63.53477031698017,0.1794583958340188,0.06895582879582879,0.005304751142617679,608.0224394397287,Laminar,True,True,True
2.5218187631231395,5,2.526762209604062,0.567258815948142,14.63381104802031,46.78623386339497,33.14274009846159,0.03786612053553577,1.392999730693568,6087.016845744438,Turbulent,True,True,True
1.2841287922904792,11,2.5673870484895,2.427281046811409,33.2412575333845,145.26776404459855,0.07099539388420786,0.22932919621485928,0.0015194538234452452,872.7566399145514,Laminar,False,True,False
2.8703657594343044,14,0.8988098347399485,3.700146685005595,19.08333768635928,60.91877869449277,0.7336858557488942,0.06682412891963402,0.035099112642048035,1664.6916393266272,Laminar,True,True,True
3.0049785831301077,13,0.545711352675708,3.2217141175631663,13.094247584784204,42.22608969347309,4.710477671575925,0.02966333546752957,0.2359147419899705,2291.0641843388676,Transitional,True,True,True
1.2287135902027533,4,1.996846089070363,2.883786866768931,9.487384356281453,119.56717729876169,0.30814247569923864,0.17742261515674357,0.006310314126839602,2350.1653523474106,Transitional,False,True,False
1.7571451682682357,11,1.1006468649726868,3.812103995787827,17.107115514699554,91.2558868578553,0.310012791825285,0.1243221410799607,0.009078957987619101,1214.1549478776103,Laminar,False,True,False
4.3707657035712515,19,1.220106978743673,2.350850718326189,32.18203259612979,44.26540228428556,1.0287631540498954,0.035238389831253644,0.07494137851365117,2405.487570570108,Transitional,True,True,True
2.7528478571925756,11,1.485071950459635,2.4677964411754836,21.335791455055986,59.34395087530267,0.6434254041475601,0.06346045215574272,0.0295208707511813,2364.073999097833,Transitional,True,True,True
0.9755281416282333,16,1.4142080084675117,3.8867262561286022,30.127328135480187,88.44960578192429,0.060909918622456004,0.1121478447895584,0.0009903223286748572,429.48826089070855,Laminar,False,True,False
2.369341315168368,20,0.840469093854267,3.4189998632494145,26.30938187708534,61.619818892307904,0.5353550739208199,0.06716606226230776,0.02114064824876024,1038.546798505116,Laminar,True,True,True
4.193900111403114,10,2.37202950471057,1.426503261912924,28.2202950471057,44.463660290476184,2.342449084894187,0.03549605778652561,0.1637332913015642,4122.741474915029,Turbulent,True,True,True
3.389240751902516,22,0.5950496780134841,1.1891155036151209,23.59109291629665,36.628476177603524,16.54708788119472,0.01901105350375429,0.93470107620429,3224.249016545823,Turbulent,True,True,True
4.69525751398889,4,1.0766813524731447,0.8898408133175084,5.806725409892579,38.772228266276095,276.1958729166601,0.024479582375399874,21.613512460744484,22288.686516452814,Turbulent,True,False,False
4.770137501908257,23,0.7804691651503319,1.3997451681653688,28.950790798457636,35.221435162335865,9.965426396002375,0.01742610751436637,0.7922742362346228,3552.121140803494,Turbulent,True,True,True
1.321852968497557,19,1.28533693524511,3.9096260505956693,33.421401769657095,75.26767207351745,0.08732793216505677,0.0896488282040733,0.0019239114394188927,500.07021624874375,Laminar,True,True,True
2.038564876142104,4,1.7607621986694342,3.110775243726235,8.543048794677738,64.30756577307177,1.0556394094576713,0.07155606093023412,0.035866490366530016,3906.4511507731145,Turbulent,True,True,True
1.8498489462357552,7,2.686443319608206,1.5664906115594515,21.80510323725744,88.35064833873932,0.5078774447638211,0.11892208127446822,0.015658275933554375,2320.2430869910036,Transitional,False,True,False
3.62439019983297,9,2.0697589518679407,3.8029307441372016,22.627830566811465,57.49664873980306,0.2555797796151279,0.0610228713879389,0.01543868080854233,2560.5854946339227,Transitional,True,True,True
2.8605867497210036,22,1.150033199132242,2.6760535546304327,35.80073038090932,66.78245935122087,0.3888569782253674,0.0785343516632833,0.018539318657467246,1268.9997182120546,Laminar,True,True,True
1.2056670604599653,4,1.960170112233009,1.7655930780763542,9.340680448932037,88.50607716519153,1.1204148032020893,0.1150765430097007,0.022514120371208226,3020.897945701821,Turbulent,False,True,False
2.9047346602622333,12,2.621053386671746,1.7667392072143493,36.95264064006095,75.67305939228781,0.32895038438484486,0.09639200933951511,0.015925226383820726,2059.9801097339327,Transitional,True,True,True
1.1307129542507888,4,1.5947896425127,2.2016205272109195,7.8791585700508,92.40061317837933,0.9417951388000779,0.12207441239243572,0.01774833272819446,2780.3735303707626,Transitional,False,True,False
3.36831219723285,4,0.6088089551676565,3.5502931272721767,3.935235820670626,38.76824091616193,34.30622153873336,0.023264201659594683,1.9259010741647984,7560.258821491758,Turbulent,True,True,True
2.554290193041326,18,0.6924694313325224,3.2048988278521477,20.964449763985403,58.10033138509563,1.1809047455851458,0.06056685755299096,0.05027289017606833,1359.5969571115222,Laminar,True,True,True
2.9135238637430425,21,0.6264860322477581,1.5463521747627231,23.15620667720292,42.31199866916223,5.8966177605036,0.029684832914487456,0.2863322760099716,2384.2719667084793,Transitional,True,True,True
4.945523781030681,16,1.5473354135433053,1.2782708602915855,32.257366616692885,38.511430934074184,4.746991691713082,0.024113084450638766,0.39127267166203517,4084.7413583666967,Turbulent,True,True,True
3.8534421285510505,21,1.1507257742654784,1.0682953634620338,34.16524125957505,39.319589528933825,5.539359228921511,0.024904758522736704,0.3557600036317369,3087.8202008929147,Turbulent,True,True,True
1.1953170510542928,9,2.1070256357217936,0.7443213477993071,22.963230721496142,112.20158780684272,1.7696793841738079,0.16236421624043196,0.03525546571337022,1739.2997395327866,Laminar,False,True,False
3.2047264154094854,8,0.9903250491069597,2.878403493494373,11.422600392855678,42.67773741778846,3.6802810179115704,0.030865115425611173,0.19657156323718866,3866.487517545964,Turbulent,True,True,True
2.3501269407918883,5,2.6616633450777307,2.280307702329771,15.308316725388654,66.00839162340533,0.6765700623049513,0.07589355085198911,0.026500425512601875,3551.4443755953657,Turbulent,True,True,True
2.8264009503182,14,2.0927601832224303,0.8773484576064708,35.79864256511402,51.34466945112254,2.5521228788476216,0.047597926300583,0.12022204216839563,2538.1500697545493,Transitional,True,True,True
2.6543678660692445,4,1.1507921391452474,1.873340380402602,6.1031685565809894,48.860399099317874,15.301368612192263,0.04229940442735342,0.6769243525180616,8193.778099829675,Turbulent,True,True,True
2.9168481005006037,8,1.211458958179057,3.963641770021527,13.191671665432455,51.605454672955574,0.8203943795683898,0.04827737392686413,0.039882763128423815,2630.806557894828,Transitional,True,True,True
0.7582960661925182,4,1.298483720393421,1.624975162376269,6.693934881573684,120.28700478987683,1.4392775108144393,0.1715967603793783,0.018189974576832482,2421.395430918515,Transitional,False,True,False
2.2072366441974314,21,1.1193594967074114,2.1109427044761846,33.50654943085564,74.42507546527759,0.49379437525016623,0.09233051768070388,0.018165350662512403,1214.9834060637163,Laminar,True,True,True
3.4018860508360214,22,1.3058051458214717,3.8207040317613914,39.22771320807237,63.75306663987836,0.19378572455254142,0.07327601704401059,0.010987282553440702,1126.3133697457915,Laminar,True,True,True
4.908526857242066,15,1.3595497110020254,1.2279022443226637,27.39324566503038,37.88226421952773,7.856994805836216,0.02283281922479943,0.6427711670276413,4722.495090231915,Turbulent,True,True,True
1.3405531800070183,7,1.7274495958456988,2.4733948784720763,15.092147170919892,137.51894910003762,0.27169077478443954,0.2143032450506012,0.006070265535264185,1702.289032024938,Laminar,False,True,False
2.4154341826891965,12,1.196553935634099,3.972448547192558,19.85864722760919,79.93535844005964,0.30238622580589775,0.10391304122953358,0.012173233769765658,1454.089432256151,Laminar,True,True,True
4.6565481829561275,11,0.689747102473393,2.7979272819864396,12.587218127207322,35.55321021162135,11.580416054941919,0.018016068331864938,0.8987460889752628,4532.307644276019,Turbulent,True,True,True
1.3202840704577754,13,2.3224300150014385,3.221023060061122,36.191590195018705,121.75720117660175,0.04397665880869166,0.1826149499264161,0.0009676947016178701,684.1125419320663,Laminar,False,True,False
3.5252309645359707,7,2.440489571899813,2.928025502326103,20.08342700329869,53.755619936667784,0.5173577691684826,0.05342913190351239,0.03039676046026647,3502.8315779385352,Turbulent,True,True,True
1.6080585920766846,20,0.8185769023463464,3.2338165525390288,25.87153804692693,65.31432139152632,0.41984475922678,0.0716797316633305,0.01125224954021651,740.8736773554506,Laminar,True,True,True
1.6544675526604942,8,2.5630339091232606,2.27096896833801,24.004271272986085,144.02375322688732,0.15074335900937424,0.22934961848815144,0.004156666604334361,1597.5161582981793,Laminar,False,True,False
1.969849095927899,4,0.5285727630788729,0.6236460564778169,3.6142910523154916,43.20659721019189,760.2136867891123,0.029107876746279834,24.958437393892464,15959.596191737543,Turbulent,True,False,False
4.066804717521326,19,0.8743051232411504,1.7547696953715635,25.61179734158186,38.16197833531024,4.5818924075424885,0.022785460377990382,0.310561027636149,3040.0495982844145,Turbulent,True,True,True
1.243873163918853,17,0.7822038829509665,1.4670773723595025,21.29746601016643,87.39813865564187,1.4549862054177713,0.1132272734665006,0.03016363824652149,1214.6951843678748,Laminar,False,True,False
2.9727884635807884,17,1.3591777032119177,2.1727580938476088,31.1060209546026,65.30205020056565,0.5509468616094149,0.07576340164570548,0.02729747457064183,1848.7840346086339,Laminar,True,True,True
2.390133826324184,9,0.8215694978032241,0.6360297243756086,11.394125480229016,41.76365475439386,86.89325661146881,0.027506569892742496,3.4614418651089855,6803.391732223618,Turbulent,True,False,False
0.6595642712702252,8,2.297005196343307,0.9593935455524474,21.876041570746455,183.89681438073958,0.48219901854262376,0.29597562854129444,0.0053006874045380585,945.3953317188674,Laminar,False,True,False
4.0414105236399145,13,2.2891857732845917,0.5138022180996391,35.759415052699694,37.88191918762086,22.594014023925123,0.022203107949162894,1.5218614341259804,4141.448598582269,Turbulent,True,True,True
0.620365428418303,13,0.6403022776264626,2.3597008684460707,14.323929609144015,93.58897588188285,0.7346411622987326,0.1139813441570366,0.007595766323052888,593.9726145336579,Laminar,False,True,False
0.6783226765628709,9,2.5066145949884944,2.225367241310337,26.55953135489645,180.27203046652565,0.057367329725982415,0.2893294179423183,0.0006485593441165523,594.750279097771,Laminar,False,True,False
3.7757946500261492,11,1.7669098491755817,3.7387700668871315,24.436008340931398,56.75055289112642,0.2869443542163905,0.05968988860822031,0.018057382625090924,2328.030251124617,Transitional,True,True,True
2.134571803915401,6,1.8275141676543754,1.824356604383405,13.465085005926252,59.05082993860863,1.7248949035962562,0.06136008604521789,0.06136520043223238,3637.7094990929436,Turbulent,True,True,True
2.662022364290559,10,2.4079689401900035,1.4590734108964825,28.579689401900033,60.97746401002519,0.8279061096645854,0.06654912316700405,0.03673174299099864,2570.494436952537,Transitional,True,True,True
0.5382712872977483,13,2.150128352763046,1.095567028233038,33.9516685859196,138.50168717971448,0.1969810607382552,0.20026894925560648,0.001767154152280943,476.35859020666857,Laminar,False,True,False
1.1178222659437944,15,1.0950783989848656,1.4449605807220545,23.426175984772982,106.7533221848019,0.7180613980008462,0.15063306522001535,0.013377750316667913,1095.5318611478367,Laminar,False,True,False
1.2473677354194121,8,0.9825830286240307,2.5843875882431333,11.360664228992245,107.51468458417514,0.749534602314278,0.1534927765443947,0.015582421325120843,1632.2582955249186,Laminar,False,True,False
0.9572694930392717,14,1.174797882566891,2.8293222608122486,22.947170355936475,100.27120331562385,0.17610748563001824,0.13550967705985897,0.00280970539149114,637.6509044167491,Laminar,False,True,False
3.042805024643958,15,0.6976679286590194,0.8601604097827258,17.46501892988529,38.053481879696676,38.865156314852385,0.02137765205547187,1.9709848819734281,4862.36059077076,Turbulent,True,True,True
4.39863333323933,4,1.9899044770845515,1.0498566595845868,9.459617908338206,43.53412173328765,40.95971075795906,0.03379668788883359,3.002779150996672,13508.347006601209,Turbulent,True,True,True
4.812245929047882,10,1.130510722481219,3.0432229501136385,15.80510722481219,38.77414798794118,3.196332703396934,0.02455793063961889,0.2563589839967418,4305.335276109964,Turbulent,True,True,True
1.5400082490208447,10,2.148160767556641,1.6494983620916344,25.981607675566412,129.14103191351194,0.3034965474504538,0.19893771555814324,0.007789786443717418,1514.2269217937649,Laminar,False,True,False
2.339812549028549,8,1.2002638274285644,0.9473508757274682,13.102110619428515,46.618387035204975,16.198045882988062,0.03708654916381458,0.6316731837792614,5085.323754056308,Turbulent,True,True,True
1.4562302234990903,8,2.4548231394692897,2.4244276176218458,23.138585115754317,160.72406107009976,0.12342832962173456,0.26156618645202107,0.0029956677338529654,1393.0631756448631,Laminar,False,True,False
0.6063940333050575,4,2.7736709898237266,3.5815024652392315,12.594683959294906,327.4292802214734,0.03685252208684412,0.581127500067291,0.000372452491761752,890.7409457127424,Laminar,False,True,False
4.831644328317072,19,1.2830968262585982,3.5220181461955478,33.37883969891337,49.9468500722977,0.43157214567087177,0.046915340721187235,0.03475338516483827,1976.157111347753,Laminar,True,True,True
2.2288550446413846,6,2.100130773009091,3.0823158823501973,15.100784638054545,72.17461136798381,0.3500642148360079,0.08789282556002874,0.013004039853094361,2676.5763165362782,Transitional,True,True,True
3.000298465363632,8,0.7254923925203056,2.4880034131934776,9.303939140162445,40.34286640010055,10.323418557077657,0.025889418839464627,0.5162222809017756,4357.933836941477,Turbulent,True,True,True
2.2554937060507374,13,2.120292012560471,3.059192998679946,33.56379616328612,107.9375894317788,0.10146843391243833,0.15949503540441376,0.0038143569008721643,1250.8222084210934,Laminar,False,True,False
1.283834361289916,6,2.2360917982719224,1.1266664220170652,15.916550789631534,94.39765400313541,1.2332024476123558,0.12758640610295893,0.026387127944526165,2375.9976062890228,Transitional,False,True,False
1.1182840219187442,13,1.9976961723858373,3.2257678284431113,31.970050241015883,118.57814195821503,0.05174421788863492,0.17428802045764535,0.0009644122015257081,614.9418618099835,Laminar,False,True,False
3.1860216566321613,7,2.5233786325456125,2.570170693746292,20.663650427819288,56.37617175411367,0.5364968916370125,0.05823562172579872,0.028488178591189326,3336.676204798199,Turbulent,True,True,True
4.08794561306819,8,1.4773995199205614,1.0247976192441315,15.319196159364491,40.84201320529009,22.065451364075127,0.028163829524937383,1.503372751735674,7625.661021438557,Turbulent,True,True,True
4.3395222888452585,14,0.6688835793316747,2.1554267981022353,15.864370110643446,35.65332878969378,12.313208367748343,0.017990538325249793,0.8905573693173313,4098.126527162336,Turbulent,True,True,True
0.9064925736264167,20,1.5155352850211004,1.9123204980616095,39.810705700422005,95.43612630277403,0.12912982396607228,0.12499746903370786,0.0019509204409821831,493.7369271628062,Laminar,False,True,False
3.982994699425921,18,0.5566458523896043,1.565014399667281,18.519625343012876,35.04224373089605,21.552186599562493,0.01647153426909167,1.430704083118263,3894.4423568672473,Turbulent,True,True,True
4.458484121808036,5,0.9299916959153582,2.2177459043918004,6.649958479576791,39.24704335536266,30.810510083312895,0.025266448566762606,2.2894694998542824,10577.976432939984,Turbulent,True,True,True
0.6110393514481728,7,0.8824040979270693,0.6672284266622246,9.176828685489486,113.62403244020523,7.3325990002561925,0.1536974156764036,0.07467510895910107,2103.4215254391443,Transitional,False,True,False
4.0261517193448375,6,2.3799672204209035,1.3565493045049517,16.77980332252542,46.284364218623764,6.051248443171022,0.03899450311765587,0.4060540720609297,6705.881517621215,Turbulent,True,True,True
2.271179549720431,23,0.7993770680180474,1.3361183258206326,29.385672564415092,59.9427247947825,2.32988421133629,0.06354937042859723,0.08819308956672495,1726.66820104531,Laminar,True,True,True
4.556616799064721,12,2.4597340370390146,1.7056719622200307,35.016808444468175,44.650186472957174,1.1282843263160016,0.03614224619302314,0.08568598859021524,3403.986426594384,Turbulent,True,True,True
2.49298866591632,10,1.0865633072703649,1.7898741366752093,15.365633072703648,47.25627447145486,3.3655107075397015,0.03874021086029334,0.13983633414860816,3236.30368284975,Turbulent,True,True,True
2.753244825686067,11,1.5140162489538083,2.00956515891991,21.65417873849189,53.868685380863454,1.0375946218593661,0.05251067487128284,0.047612533729899854,2652.4776532666565,Transitional,True,True,True
2.6140932839556377,10,2.9070185689042845,1.8299899565498106,33.570185689042845,84.92565893034048,0.27315871006944714,0.11434639823745148,0.011901039157442115,2060.6337656546098,Transitional,True,True,True
1.480247954077625,29,0.5445230374241765,2.0304155150833725,29.79116808530112,56.22965259433293,1.4770154241069553,0.0527377086303604,0.03643915099459027,740.2075302072017,Laminar,True,True,True
4.701240333462116,21,0.7929638070864959,0.7413347448604473,26.652239948816415,34.61903167757568,48.24502346287369,0.01617708957055815,3.780190836541465,5448.3773711907925,Turbulent,True,True,True
3.9425809951938864,7,2.4648163345838476,2.933816194822124,20.253714342086933,51.03033799106164,0.6211674089824631,0.04841068795820139,0.04081671369146813,3895.674959677482,Turbulent,True,True,True
3.4274527558516166,16,0.5060982010131685,2.6646579440526,15.597571216210696,38.08678840139717,7.72668398824837,0.021975014651578285,0.44138073881860723,2522.740321363083,Transitional,True,True,True
2.1589481486979363,14,0.9185258795928102,2.269187655367136,19.359362314299343,67.65239111318613,1.1124316464840394,0.07863932644667757,0.040028037395495236,1806.4202242416734,Laminar,True,True,True
1.8415356150560673,24,0.5791254517871848,3.716017858630916,25.399010842892434,50.85250159730213,0.8377894388900134,0.04389066971218522,0.02571365149389664,667.0756971559342,Laminar,True,True,True
3.725909349798559,6,2.0627751611711767,2.3637248329414153,14.87665096702706,49.27091858591179,1.8950736694738353,0.04467959253171235,0.11768121172749378,5238.470023125522,Turbulent,True,True,True
3.062993162975789,12,2.5664494868502583,2.5891099452843487,36.2973938422031,86.86040329806197,0.15041509936254963,0.11902266570905154,0.007678673682596891,1848.727411410319,Laminar,False,True,False
3.868613433998971,21,1.2024451295743372,3.9186660823576522,35.25134772106108,59.87969673499536,0.27622644878009583,0.0660396179841975,0.017810222509608457,1343.2465400282472,Laminar,True,True,True
0.6435374379666301,7,2.7051238787592595,1.1318303694016656,21.935867151314817,206.55406268203427,0.2782479991271513,0.3407467636672748,0.002984383407960468,894.6909685967963,Laminar,False,True,False
1.1360214182014607,14,1.4135769172497836,1.9986814518088962,26.29007684149697,113.81700520579619,0.2471861795140369,0.1649666670101075,0.00468014657018895,887.9744567808914,Laminar,False,True,False
4.700273272977775,7,1.6602240942262854,3.9054128530856103,14.621568659583998,43.58166067597183,1.2276501830827036,0.034101717785501875,0.09617152240183172,4504.992704309666,Turbulent,True,True,True
2.7003383343499223,17,0.5222004831661221,2.969086273288126,16.877408213824076,49.540257196464765,3.2551011663064116,0.04375141424546075,0.1464979076927391,1698.8992957816822,Laminar,True,True,True
1.0323213010952033,4,1.869520592777044,2.9360261877350697,8.978082371108176,160.79505755285643,0.24716425768079878,0.25765029481862506,0.004252548801221206,2005.3767940121945,Transitional,False,True,False
3.4278578243683446,6,2.2777759404987465,3.3566764417462367,16.16665564299248,54.06143781895338,0.5666098904823655,0.053924809629013436,0.03237096910757446,3786.201596017813,Turbulent,True,True,True
4.221419917450916,23,0.5580563878926064,0.7769621039522724,23.835296921529945,34.07464216628906,71.3517724465476,0.014740390240732048,5.020096555854693,5133.662746476333,Turbulent,True,False,False
2.0141033714452714,18,1.4956839578584742,3.606292753206735,35.42231124145253,80.8654666003765,0.10947969448421538,0.10458612940377923,0.0036750570294242745,818.9448882025633,Laminar,True,True,True
3.0230184601340486,27,0.611017509069542,0.8882659635687836,29.497472744877633,38.22308994573366,15.811257027440737,0.021685913420861094,0.7966286978646259,2788.54192533169,Transitional,True,True,True
1.1268964743868872,13,1.4120907260265156,2.625665345105204,24.357179438344705,112.4045392474801,0.16354952255407887,0.16203916240872066,0.0030717230058975027,801.649426091001,Laminar,False,True,False
1.8841555148986844,4,1.1620218432933345,1.9303857781486355,6.148087373173338,56.153664578599546,7.66611356821698,0.05466975715106159,0.24073583595659426,5687.794756274768,Turbulent,True,True,True
4.965214679025481,5,1.4824672618773467,0.8121839656160539,9.412336309386733,38.931707846171605,125.94023673982778,0.024965177781988823,10.422005202342284,16159.772350717269,Turbulent,True,False,False
3.1150166651327003,4,2.466739247154375,3.4267640821553282,11.3669569886175,59.52234013563482,0.7726721022817904,0.06442500244518432,0.04011477458818159,4934.131808239655,Turbulent,True,True,True
3.2140860133019644,11,1.9904341266549386,2.864461775054051,26.894775393204323,64.97030063231075,0.28366977120981834,0.07546331803192546,0.015195650734034089,2247.340013745349,Transitional,True,True,True
2.0618090003578047,13,1.04059574825718,1.6259076810076716,19.52774472734334,60.8506021826594,1.754813153021504,0.06472171527913163,0.06030149254743326,2220.991156065424,Transitional,True,True,True
3.4878076029834917,7,2.3532923400602472,0.942878130004471,19.47304638042173,45.20631590214199,9.464251974164892,0.03628672376867726,0.5501581665340638,5644.5420495069975,Turbulent,True,True,True
1.4330582802725316,16,0.5614034872753313,0.8257700647339699,16.4824557964053,52.44216347571249,14.357002091574717,0.04484260456378902,0.34290701212035335,2410.998650139633,Transitional,True,True,True
1.501805137208853,6,1.9998812815308553,2.1156852816627127,14.499287689185131,100.56809691035137,0.4323251613953601,0.1415541428213669,0.010821135805469971,2270.997216897489,Transitional,False,True,False
2.2441327815238417,10,1.89159793220447,3.8954052502389502,23.4159793220447,108.69706837430803,0.11335783561276187,0.1609816938066132,0.004239833915686495,1448.033887634579,Laminar,False,True,False
2.520919113625345,12,1.4538254263516093,3.944892910514751,22.94590511621931,86.31310808006089,0.19596354905023927,0.11691783252416096,0.008233470939576767,1453.0176576320778,Laminar,False,True,False
2.4514871111115912,14,0.8881880938700338,2.4868264724489406,18.934633314180473,59.9465232989934,1.2384256516599796,0.06402298782811847,0.05059974205190689,1937.3577481151451,Laminar,True,True,True
1.76811760553961,9,0.7341070113675547,3.0696580765417014,10.606963102307994,67.41247845598528,1.6569708167973185,0.07668614681771328,0.048828654550744775,1928.585281539452,Laminar,True,True,True
3.6294865484464776,6,2.063127519219605,1.6048379033166091,14.878765115317629,47.85742141568585,4.571907614198164,0.04174999181905447,0.2765612864412044,6158.1832021673345,Turbulent,True,True,True
1.156190780396365,17,1.588572354990355,3.8039269245022718,35.005730034836034,88.08424960817732,0.0529072298232351,0.11372213339179196,0.0010195141889656003,470.94954512035156,Laminar,False,True,False
1.525073119942124,5,0.6246088600863535,3.0133492484342494,5.123044300431768,51.24453610165371,7.005100863610729,0.04305321419254799,0.1780548504929347,3130.739014273735,Turbulent,True,True,True
1.0077815449280996,7,1.3753123957329638,2.3273697366041306,12.627186770130747,155.87191726617186,0.36333750324462394,0.24746457580983314,0.00610274717250309,1451.8970659813492,Laminar,False,True,False
4.875581898229943,13,1.6750438062765758,3.7004915447142186,27.775569481595486,45.98692930176314,0.41783075484430526,0.03902233943798337,0.0339528010807108,2605.2252477191623,Transitional,True,True,True
2.5770094635314993,8,1.0753822381898503,1.9263118662016008,12.103057905518803,46.36521594428398,4.783801744189118,0.037146295074386694,0.20546503944056413,4007.2228131969778,Turbulent,True,True,True
1.9641594783658314,6,2.664573218831229,2.8752596076879295,18.487439312987373,104.57101567450802,0.1672093748072046,0.15181555222433088,0.005473764639986597,2206.544722783115,Transitional,False,True,False
3.10238803363403,14,1.4931765457226671,2.6426735394120398,27.40447164011734,64.33184683189994,0.42235499256652526,0.07402521090155709,0.021838484581399628,2000.724036103206,Transitional,True,True,True
1.0607322444997145,17,0.9063329705422641,1.5609072368884498,23.40766049921849,94.91631222123544,0.7918467012590769,0.12626617212576313,0.013998955478770593,944.3420152061416,Laminar,False,True,False
1.2703307740748349,14,0.5619208035156132,1.0606212208336254,14.366891249218586,63.32079065676644,8.00359172345375,0.06531352903810872,0.16945348115723238,2088.2222862378517,Transitional,True,True,True
2.7291653285979125,19,0.5904739440514377,1.9945751866534234,20.219004936977317,46.47853918015518,4.1439376675587,0.03768426719529651,0.1884915167695351,2074.872142148389,Transitional,True,True,True
3.891349763615125,7,2.365121564176504,2.6283852513230594,19.555850949235527,50.120916332093444,0.8711531311047257,0.04654379103597023,0.05649935884661584,4157.004340058373,Turbulent,True,True,True
1.8212364677370636,23,0.9063156325539519,3.8683295927257166,31.84525954874089,59.17494796313663,0.2471322950243153,0.060448465403261493,0.007501439134230632,619.2717823352641,Laminar,True,True,True
2.511249419267943,17,1.3806980740668777,0.6021881178240333,31.47186725913692,44.72128717572281,10.117904576955212,0.033712210292269555,0.423476366551454,2781.8072610588533,Transitional,True,True,True
1.1069423077065408,15,0.5159049308347148,3.1038440427010268,14.738573962520721,66.55059522228815,1.3889912895649257,0.07010107895221226,0.025625553724254714,761.2707982285325,Laminar,True,True,True
4.916279236557517,6,2.9820443818839206,3.2446903902002395,20.392266291303525,50.108364247435574,0.6031741364040876,0.04728964223239998,0.04942287471386545,4913.702078732744,Turbulent,True,True,True
1.229827002332196,7,1.3195336075048774,1.6676686332239028,12.236735252534142,94.6737329624944,1.0956999861095464,0.12764632959564295,0.022458690489542205,2196.16646073684,Transitional,False,True,False
3.593016288015975,30,0.6226229676861285,3.3901940546764573,33.178689030583854,45.8360397955266,1.2139358405149951,0.03766698407734876,0.072694854126279,1114.480492420511,Laminar,True,True,True
4.987837744194848,4,2.454191228018333,1.8660978469829284,11.316764912073332,46.565651069170165,7.5179133554173125,0.04024620960850651,0.62496886652895,10777.633623800632,Turbulent,True,True,True
3.5747586884511113,7,2.469362907757888,3.863571430045471,20.285540354305216,57.05426919022426,0.26078948405137325,0.06008298737968016,0.01553765789948882,3011.116801710309,Turbulent,True,True,True
1.829332212458695,28,0.572402325203246,1.3854575733811076,29.527265105690887,59.9796244335445,2.9866337521779975,0.06209278627609874,0.0910590888279265,1246.0539216010168,Laminar,True,True,True
4.214285922805913,9,1.848167403111039,3.6500388448384955,20.633506627999353,47.00372809347829,0.5429537903557123,0.04059279147758666,0.03813604192383653,3180.126222713072,Turbulent,True,True,True
2.263777047911713,9,1.5747077255538893,3.9468803036524003,18.172369529985005,94.19269085142571,0.20024176278198755,0.1320285837005594,0.007555045110320755,1701.026343354611,Laminar,False,True,False
4.5835354257615775,12,0.6609628439475319,3.1489934688524097,13.431554127370383,35.38942431101067,8.500963487416602,0.017639269218986894,0.6494077882946614,3743.546632428733,Turbulent,True,True,True
0.7025242432914995,22,0.6160089020729038,1.597283622346359,24.052195845603883,77.79911120939485,0.9690662872147334,0.08511441199770399,0.011346542668747225,538.7455733935819,Laminar,True,True,True
2.643810285257988,5,1.7198612170727097,0.8580952377906723,10.599306085363548,48.24097174642583,26.254633309188183,0.0410389003607324,1.1568711596418113,7658.938868866565,Turbulent,True,True,True
4.426412490364864,8,1.901343083166262,1.9157706470836435,18.710744665330097,43.95724216513494,3.0868124245523587,0.03466346029057097,0.2277250845242002,5412.659318729163,Turbulent,True,True,True
0.8710498287993496,14,0.8997679993154396,1.8730797174762661,19.096751990416152,104.63332773026784,0.5894943760500906,0.1427459319152072,0.008557982922276846,837.8626711696265,Laminar,False,True,False
3.06493223872861,15,1.6634941502606375,3.4533174758330936,31.952412253909564,80.0605134096918,0.17108413185116628,0.1054258582822256,0.00873935452075893,1491.1251194373015,Laminar,True,True,True
4.676259181935057,4,1.3563867610410993,2.748528058577655,6.925547044164397,42.77995223139831,11.678571559615026,0.03248257857987903,0.9102004581255899,10634.530716469642,Turbulent,True,True,True
1.520705472659751,22,1.1350693153829725,2.4997477801960852,35.4715249384254,75.42357314253084,0.23580938831878004,0.09138418736598142,0.005976610455348619,710.1069496344858,Laminar,True,True,True
2.0161321225197795,29,0.7387603268304863,3.091263180468984,35.4240494780841,53.23826994970149,0.5050767619120452,0.04933892562548597,0.016971691400485815,677.8029406785317,Laminar,True,True,True
1.7710660832571685,24,0.8391044216896557,2.873669262662648,31.63850612055174,62.10350746100774,0.4279373007327015,0.06608175435052148,0.012631753984805177,742.1794826525876,Laminar,True,True,True
4.227240916744481,14,1.551830708992202,2.4189022340143906,28.22562992589083,44.47286470282658,0.9254133528362267,0.03554152943238023,0.06519908650018326,2839.5020195579577,Transitional,True,True,True
3.1035216902396776,21,0.634563506104029,0.5147907417178663,23.32583362818461,36.118671265450594,94.63752983544346,0.017600554116933825,4.895160442583391,4801.373398192887,Turbulent,True,False,False
4.262564372533362,12,1.0005795563059658,2.7058913245569745,17.50695467567159,38.885940714539984,3.2632593128334544,0.02439589172942244,0.2318308814203597,3578.5987761189886,Turbulent,True,True,True
3.096713653897638,4,2.5837332717515844,2.9444055849268267,11.834933087006338,59.74159341273234,0.9688588553534505,0.06483620456487126,0.050004640767877785,5229.3295462409,Turbulent,True,True,True
2.8074363382867,11,2.4075823336784783,1.4189869936376567,31.483405670463263,60.21506236896692,0.8109595046680942,0.06530431895578677,0.037945286371403174,2490.528653925603,Transitional,True,True,True
4.498281757679744,26,0.7104463562012238,2.9401704998093607,30.97160526123182,43.94984985908269,1.6109386974747615,0.034700617448311655,0.12077426925985148,1769.6645410718565,Laminar,True,True,True
4.859051905024074,18,1.0432907799609814,3.9956383202097454,27.279234039297666,46.372923652277066,0.647705121474545,0.03978428737535876,0.05245388007324562,2000.4360961960879,Transitional,True,True,True
1.2860478176966552,19,1.3388942434371482,1.1022176594600874,34.43899062530582,96.8449458700033,0.7416689359444623,0.13250028182210066,0.01589702860874627,1035.379887438019,Laminar,False,True,False
2.590307909375307,13,1.728102241276432,3.7479419001940033,28.465329136593617,92.0223398411255,0.1316878196537179,0.12848921140617633,0.005685200013623575,1358.7044444909563,Laminar,False,True,False
2.6524597362540128,15,1.7865658155341104,3.603387370714638,33.798487233011656,89.30920079735178,0.11441733569376666,0.12319310777436347,0.0050581229342862525,1225.0574191969379,Laminar,False,True,False
4.179910973066745,10,0.5323148880721256,2.703248572707179,9.823148880721256,34.98746567773209,24.905541530400313,0.016532184964805588,1.7350491055514965,4823.930105148368,Turbulent,True,True,True
4.30182420726884,10,1.8821252815260001,1.2391192200449581,23.321252815260003,41.87286987307134,5.885388102402075,0.030400560416991063,0.4219650834680878,5146.461944676968,Turbulent,True,True,True
3.8360979080388806,9,1.912581343521382,3.521676609073443,21.21323209169244,50.397812628435624,0.44036713192553684,0.04704432021701722,0.028154857225810563,2928.8074525532575,Transitional,True,True,True
3.479911854342237,15,1.6598041116096174,2.9836016082455186,31.89706167414426,67.11001427534438,0.2692533807511152,0.08008475903291537,0.015616300524958828,1865.6245555369937,Laminar,True,True,True
3.24722516661604,18,1.7249514057513577,0.9433147386886456,39.54912530352444,47.32698998659869,2.6258253533208045,0.04022238909870435,0.14211076950736284,2524.6120467144747,Transitional,True,True,True
4.891329652618013,14,0.6378065348053864,0.620000069187163,15.42929148727541,33.93269109179943,269.48926617601904,0.014923365505557628,21.96934731181717,10372.153225082171,Turbulent,True,False,False
3.05874958088018,14,2.0107604088754814,3.234980599915121,34.65064572425674,87.05748123295372,0.13351820227191052,0.11941030357334821,0.006806645753984691,1555.223962730278,Laminar,False,True,False
1.1214939253319278,9,1.6015205604738199,2.910334792072743,18.413685044264376,143.9304799478641,0.14804047062258413,0.22502952756180747,0.00276710814177513,1031.295553037954,Laminar,False,True,False
4.25238606802837,11,1.015383967265054,2.550297394549715,16.169223639915593,38.95094359955124,4.182205963685999,0.0245178168946694,0.2964059062267251,4048.3809023369536,Turbulent,True,True,True
1.8446151265609052,17,1.2065157775054474,2.3994109313944163,28.510768217592606,85.83726252525258,0.3443437353141272,0.1138732372866836,0.010586361048282061,1123.6313451501662,Laminar,False,True,False
2.8696809370439875,23,1.1184771972795091,1.717584199579363,36.724975537428705,62.798750495809685,0.8773631001542033,0.07058287611467293,0.04196253605630553,1642.7597187364258,Laminar,True,True,True
4.739816546537205,12,2.502567609077465,2.83579703004249,35.53081130892958,49.76860845314894,0.3125258905789896,0.0465011556422152,0.02468858978979285,2762.84135809323,Transitional,True,True,True
2.8968310963659403,10,0.8437871736629086,1.2159976344723225,12.937871736629086,41.05155296812661,20.580547467458516,0.027135479955624788,0.9936394980661521,5251.522373264805,Turbulent,True,True,True
0.6136334731830977,19,1.1843165611558664,1.0504011062795775,31.50201466196146,106.69789457506836,0.494395532126391,0.1399446997870473,0.005056294125082051,539.6555843355635,Laminar,False,True,False
4.890550288540558,9,1.0032829625969848,2.6730635275379075,13.029546663372862,37.86735631431763,7.150266697513219,0.022792227107216744,0.5828123143444203,5519.283219874337,Turbulent,True,True,True
3.002839626086539,10,1.0646287094530873,2.846277025880348,15.146287094530873,46.1695837410597,1.7181420903677167,0.03754691241435407,0.08598841920338897,2867.0725779687123,Transitional,True,True,True
0.9365324508261011,8,0.7060369767658671,1.7770387909152041,9.148295814126936,102.3056367295101,2.3219312508951133,0.13924568372093238,0.03624273275084192,1760.4624596888714,Laminar,False,True,False
4.887573475436678,4,1.8681174970234098,3.141541360554135,8.97246998809364,45.87796338469107,4.148783069615382,0.0388116491051954,0.33795803477321495,9107.707030332464,Turbulent,True,True,True
4.4816564873750435,15,0.7052947719738507,1.0627658423083821,17.57942157960776,35.30837052253871,46.05575484227115,0.017405791375833934,3.4401012078303177,6310.068204578505,Turbulent,True,True,True
0.845934101032101,19,0.7699827866226525,3.919333310375772,23.6296729458304,65.88409388714693,0.2103937236480763,0.06475696503455271,0.0029663204246171953,354.53353407368076,Laminar,True,True,True
3.1604000531882983,9,1.5906483310032833,1.3760030759657578,18.31583497902955,45.67578440311863,4.672134634345592,0.03679822961701583,0.24609690911481163,4419.94565858838,Turbulent,True,True,True
2.1226439622293736,8,1.2628823271464833,0.9812033919661575,13.603058617171866,48.95256451973787,11.122021107637147,0.041125672064182606,0.393468182531894,4415.009299199779,Turbulent,True,True,True
4.623475171702801,26,0.5794589553585079,2.2884979509656365,27.565932839321206,37.055483220427774,4.95432440516027,0.02099850819648698,0.3817699313303294,2315.29565840587,Transitional,True,True,True
0.872807204762249,18,1.1557929429156941,2.3951952745834464,29.304272972482494,90.89809814540706,0.17008977478984702,0.1153087368183414,0.002474259681549447,509.894682778392,Laminar,False,True,False
3.68365893095938,13,0.7215299843874913,3.9511762483928075,15.379889797037386,42.945568369101494,2.0556825369828924,0.03198459335687754,0.1262072222762378,2264.39130451205,Transitional,True,True,True
4.792713799380656,11,1.809838044975634,2.592212018113077,24.908218494731972,42.73848609729235,1.1175763948914064,0.03247441998342214,0.08927039682763548,3695.8788778490994,Turbulent,True,True,True
1.737669018603515,15,2.1861785880129068,2.9449668131158058,39.7926788201936,107.94171683920615,0.06741972494881673,0.15760200996553247,0.0019525527881054884,843.0345516693466,Laminar,False,True,False
3.331274759197301,7,0.7577214915243877,1.011352481965229,8.304050440670714,39.275972672248,97.40605082958425,0.02423216554366467,5.408105308694722,10045.008715866892,Turbulent,True,False,False
3.535426180618186,13,2.187547152177382,0.9906081039798353,34.438112978305966,44.432543738682696,3.1952072759644943,0.034794751206538896,0.18827365759910983,3195.2674048827084,Turbulent,True,True,True
3.7314637494695213,7,0.6304805061923366,2.442790459681288,7.413363543346357,37.36765180377942,29.18626748586364,0.020878808038535677,1.8151249850970184,6476.85583985916,Turbulent,True,True,True
1.1519505449603584,8,0.7998890782792061,0.7575416303317404,9.899112626233649,56.31049374073888,20.132731974092597,0.05012880760556566,0.3865318594849466,3452.3833294578662,Turbulent,True,True,True
3.7090525918262567,22,0.6588298364207058,1.2858578627603063,24.994256401255527,36.48338863628325,12.590106160924176,0.01908697965321966,0.7782894314590588,3237.235843372483,Turbulent,True,True,True
2.7198739071039015,6,1.7118231366679106,1.1347671674571864,12.770938820007464,49.07004402392643,9.953243138146025,0.04284926431583561,0.4511927717084054,5946.431925866251,Turbulent,True,True,True
2.4700272722831245,21,0.5254274049893127,0.7485087876963421,21.03397550477557,38.13099574696413,40.18939992443577,0.020435993709499643,1.6544818978341616,3447.6143088407252,Turbulent,True,True,True
3.1789704006246784,28,0.9198708298106923,3.0637514443582083,39.256383234699385,54.93267440116577,0.47593617281704736,0.05533860850523032,0.025216450099533088,1064.226815678084,Laminar,True,True,True
3.475447605365534,10,2.4725618348351803,3.890431165956371,29.2256183483518,77.91671745906643,0.10988566214559463,0.10169285360320142,0.00636503102279855,2039.5445544714348,Transitional,True,True,True
3.0704858480016757,12,2.521720948786247,2.636551808384438,35.76065138543497,86.26276784831673,0.15083795536851202,0.11783885934371514,0.007719096788342076,1852.27492725701,Laminar,False,True,False
1.8292697775324989,26,0.8650790616998639,3.6317071424748084,34.992055604196466,56.28423898312871,0.2706933007657024,0.054701746884518926,0.008252851234520237,584.2329786303578,Laminar,True,True,True
2.428911515695108,4,1.000515757732303,2.1018995284558475,5.502063030929212,48.74547377421043,14.570509194328583,0.04156632933041982,0.5898412928607691,7308.624811622609,Turbulent,True,True,True
3.5303944015807778,4,2.549418971547023,1.989713551540135,11.697675886188092,53.7423369147049,3.214387787709979,0.05340853621448601,0.1891342775040155,7260.629383683135,Turbulent,True,True,True
2.124394867653547,13,1.1599305387300562,3.421617731085522,21.07909700349073,83.74687076215962,0.32794575945169324,0.11071987211100516,0.011611438137465364,1331.875167422644,Laminar,True,True,True
2.3179846243168805,6,1.5150739015763297,2.5065898675000633,11.59044340945798,55.40861404398419,1.5173950786999977,0.05460908793689181,0.05862164102401163,3587.0500698167602,Turbulent,True,True,True
0.9288797203296955,4,1.61975557814442,1.1499646057321047,7.97902231257768,87.98018279492993,3.1894903258844036,0.11046818387801016,0.04937754803169624,3130.7435249310242,Turbulent,False,True,False
3.811195115765406,8,0.6450993642643059,2.4239826633505315,8.660794914114447,37.13645509551712,22.865815999783305,0.020497093687630228,1.4524347709394103,5796.243170301579,Turbulent,True,True,True
1.4912666838885302,16,0.6620192472760664,0.9034995135467494,18.092307956417063,57.63566228352022,8.053359081004135,0.05562155932298874,0.20016176818154363,2223.11000548932,Transitional,True,True,True
4.900526700885117,4,1.2675638483489107,0.9448721565124236,6.570255393395643,39.375313139463124,176.55203412848053,0.025814131021548992,14.41996595570332,20677.400893872236,Turbulent,True,False,False
3.8982389202353818,11,2.810357025468205,3.2641268797332783,35.913927280150254,70.02767576371181,0.12510982386206115,0.08636384525747676,0.008128466411381334,2178.463457447196,Transitional,True,True,True
3.256771232453773,19,1.510575582332146,3.508240742782406,37.700936064310774,72.22591547083607,0.17280193294032994,0.0900332296986989,0.009379606068541211,1275.3114157005891,Laminar,True,True,True
4.093334823371819,25,0.5043116106407975,2.2072794722113094,24.60779026601994,37.56913823756008,6.687503416214401,0.02162271421677896,0.4562365102501402,2254.742554016401,Transitional,True,True,True
3.785735759249121,6,2.970480302492965,2.187069183471825,20.32288181495779,52.89093242981703,0.9954706038111993,0.05198065570745222,0.06280981103548952,4568.141419611726,Turbulent,True,True,True
2.1705823847364556,12,2.5117445691191804,1.340881978213476,35.640934829430165,94.79903901285762,0.44571931365662054,0.132968348826311,0.016124508179331396,1753.1618525942936,Laminar,False,True,False
1.8429798909144357,8,2.983333253650724,1.1167775782228053,27.366666029205792,90.88522812186926,0.7458709138284274,0.12396224656834177,0.022910418256729428,2098.0648605878205,Transitional,False,True,False
0.8463567576888683,14,1.9743880972015153,0.5849344594757155,34.14143336082121,111.07788879738379,1.5167452352187738,0.15515304998012042,0.02139512632533002,882.0319218084336,Laminar,False,True,False
1.3119495407367021,13,2.1487810017283326,2.286488373766669,33.93415302246832,126.31897648195417,0.09874644614097101,0.19166925868949355,0.002159172577733807,849.6453299976273,Laminar,False,True,False
4.115669208312427,5,2.1620019137873694,3.62981404129963,12.810009568936847,50.14301547476305,1.0416080448274538,0.04678954649282207,0.07144856928711436,5306.884079820154,Turbulent,True,True,True
4.271113641179385,25,0.8331150205448505,3.8483780446321916,32.827875513621265,49.138234993244595,0.6805197187600626,0.04490723783189212,0.048442950898127696,1362.701175978555,Laminar,True,True,True
4.5128403604306415,14,0.5504610465175986,2.613915813654006,14.206454651246382,34.41420639101162,15.190283522424055,0.015639650878992706,1.1425220761063302,3803.799631920997,Turbulent,True,True,True
2.472879095898746,12,2.3739166564653296,2.336099175780179,33.986999877583955,101.77619416261022,0.16587379594089247,0.14773310931571848,0.006836430708993455,1633.7408462439205,Laminar,False,True,False
3.8150135122922917,10,1.2298587698785808,2.08423931064874,16.79858769878581,41.70999665636592,3.8578896975764487,0.029647955974087346,0.2452983554197896,4298.477128448595,Turbulent,True,True,True
0.8827676585184879,10,1.4348176896285514,3.10532055422202,18.848176896285516,131.55099376570166,0.12133810979080417,0.19680055954303488,0.0017852226511514567,726.0411461661631,Laminar,False,True,False
3.7473690192850935,13,2.4441869496700352,0.8767571256394514,37.774430345710456,43.130080181099295,3.883507126700206,0.032420033237876816,0.24254890487948705,3241.1971213071424,Turbulent,True,True,True
4.165370848944816,14,1.7919291485777629,2.8129095399745383,31.58700808008868,51.452719704116596,0.4092243138259542,0.049450675369769444,0.02840951712483458,2412.654386275473,Transitional,True,True,True
1.506648082230568,8,1.7923196639849768,2.734557585367086,17.838557311879814,134.62629059636453,0.20031467209180373,0.20970133058183982,0.005030061942496019,1553.4848231034607,Laminar,False,True,False
1.4650228016495614,20,1.04084702533927,3.6603001655000953,30.3169405067854,68.91842201039219,0.1727362550515562,0.07801421641417187,0.004217709205368069,581.8277574363723,Laminar,True,True,True
1.5655949686849628,14,0.8020865649644924,0.6230435903450029,17.729211909502894,48.768820968327006,19.465788087330363,0.03834600955175494,0.5079256648502016,2930.0885715214654,Transitional,True,True,True
1.7903476614071623,9,0.6454172283082483,1.9128056960470867,9.808755054774235,48.142704335451235,7.317527036067574,0.03824765504014154,0.21834862360512106,2903.62398024662,Transitional,True,True,True
0.7549259868491918,5,2.419391233431203,1.5881287435208042,14.096956167156014,245.96003597969434,0.25696615452093796,0.4228581060627577,0.0032331737964760164,1406.833081180674,Laminar,False,True,False
2.2170144825826914,15,2.0740095682413573,0.6941830804056424,38.11014352362036,65.41558404058628,2.5912444710924256,0.0743402887798178,0.09574710867207056,1993.7231746643204,Laminar,True,True,True
4.851207682285628,13,0.5666799991156508,0.518630437141471,13.366839988503461,33.51271462354111,612.6104350829271,0.01405908058541869,49.531674148710614,12839.154732187544,Turbulent,True,False,False
2.2979946874972805,8,2.710633413688444,3.3691672772627514,25.185067309507552,120.2948952233396,0.08864684281316768,0.1843276465461325,0.003395166230801097,1764.2234398742316,Laminar,False,True,False
4.843025877325928,8,1.9871715366985034,1.2424689139805705,19.397372293588028,41.35576599317689,9.417109101100126,0.029740171977072672,0.7601217177704903,6999.330867060572,Turbulent,True,True,True
1.2123451278046489,10,0.7644193344008178,0.8326868235274811,12.144193344008178,57.30583904583522,12.300608246999385,0.05274181274906929,0.24854304128805646,2834.499496702731,Transitional,True,True,True
3.4661004490305283,10,1.7963025140052122,2.251142568556988,22.46302514005212,48.37717146961866,1.017310446885471,0.042602595571435344,0.05876833661255298,3197.7468276798477,Turbulent,True,True,True
4.037676974524601,5,0.915425471339075,3.7372060623758734,6.577127356695375,40.05383697281599,9.249752236065044,0.02654365099218755,0.6224585270602879,6481.071370515873,Turbulent,True,True,True
4.37880446750955,18,1.3836200992108267,1.3312198436578886,33.40516178579488,39.4581037818408,3.5663180903574694,0.02562983715765515,0.26027015977695694,3345.975172291004,Turbulent,True,True,True
1.0518928143705406,8,2.11612346882232,1.7105485813243737,20.42898775057856,173.49352795785586,0.24192731481710913,0.2833065998661939,0.004241360067601278,1283.0516928950021,Laminar,False,True,False
2.7671126210803343,4,2.7441555260852617,2.403616646701002,12.476622104341047,62.42890921087272,1.1163916188245824,0.06965731689312263,0.05148635564196345,5018.008850278223,Turbulent,True,True,True
4.213190580532409,4,2.1387774018457346,3.2884276472880813,10.055109607382938,50.244661875710676,2.0545414263457515,0.04707377129996274,0.14426957641322566,7247.008653422334,Turbulent,True,True,True
3.6181928685101106,12,1.0637104658488743,1.207350366565175,18.26452559018649,39.80999436100102,12.712490880731353,0.025642761985129547,0.7666040640943667,4957.53280670852,Turbulent,True,True,True
3.6884411113605213,4,2.4692336191654904,1.6160357457754837,11.376934476661962,50.934785758411266,6.249561491242075,0.04796809309238003,0.3841856588712139,8428.417930353078,Turbulent,True,True,True
4.365456996198615,18,0.7691908823140019,2.719013919364154,22.345435881652033,38.49547123037362,2.9481830034998926,0.02369452391205217,0.21450276864504086,2596.2058886342065,Transitional,True,True,True
4.505596283870589,10,1.3170866873097824,1.5690462247245862,17.670866873097822,39.84838445949749,8.320706626595122,0.026502880139541902,0.6248290809327395,5829.346147384328,Turbulent,True,True,True
3.039186702987652,10,1.5321795389128714,0.8778574974821582,19.821795389128713,43.40428370914741,12.077306356705217,0.032073625204427726,0.6117531481201123,4708.879323203021,Turbulent,True,True,True
4.51079249790407,17,1.835200027471324,2.5818171357804154,39.198400467012505,52.12181131276908,0.3707679210377031,0.05105341305094873,0.027874285944672665,2243.152181188279,Transitional,True,True,True
0.6833832964139377,9,0.7392808191358431,3.900913986503431,10.653527372222587,98.93115170805433,0.40215707481819324,0.12680476002674954,0.0045804571244240574,611.0398484047453,Laminar,False,True,False
0.8383980743531403,4,2.201880245119478,2.2477313205396396,10.307520980477912,224.63815240293007,0.21740571295753788,0.38211217495393685,0.003037875518282855,1758.9442611605568,Laminar,False,True,False
1.4221391049991545,10,1.2284496457506353,1.4959482240865771,16.784496457506354,91.03384767787452,1.142659489023782,0.12194887268557972,0.027083679050651212,1949.1956945280203,Laminar,False,True,False
1.8890582434370051,10,0.5886353310193766,3.3663164244788852,10.386353310193766,61.457459636372676,2.4267223229193977,0.06529716928234933,0.07640366347739144,1783.5613604961043,Laminar,True,True,True
1.5848211718101035,4,1.8721698401495313,0.5155733852637436,8.988679360598125,54.38086796689409,51.45324979532716,0.04968161151863804,1.3590699939011395,6196.073322572912,Turbulent,True,False,False
2.5085794785531363,16,1.33884294268215,2.108793352229122,28.9214870829144,74.73991598853394,0.5187935318576599,0.0937433689553343,0.021690580127070473,1698.1276574504463,Laminar,True,True,True
0.5453282516782948,7,1.4336032963341445,2.6713172227138613,13.035223074339012,187.9601901211473,0.13785932609359167,0.2995319190328998,0.001252976421269438,708.6619289257268,Laminar,False,True,False
1.308439520667177,9,2.306929919908697,0.829212131640529,24.762369279178273,112.79567394834059,1.2889263136096865,0.16459322900123383,0.028108035465912833,1731.0089563540773,Laminar,False,True,False
4.929900836071701,18,1.3417516193482357,2.7484539482553716,32.65152914826824,43.01032748686812,0.7946030188976001,0.03310165641893641,0.06528856812013961,2500.370923591874,Transitional,True,True,True
1.066384194665298,23,1.2026185359680692,0.5417753538136525,38.66022632726559,85.15407245595702,3.0124827521226933,0.10681359624194202,0.053541066559424325,992.4878611987896,Laminar,False,True,False
4.937230824517534,13,2.0189736249088637,3.856367593780726,32.246657123815226,51.0171797735702,0.23086744627644828,0.049119694641392146,0.01899743120222877,2413.742194912187,Transitional,True,True,True
2.0068852705909044,14,1.3667394044407997,1.793280664759477,25.634351662171195,85.2190660549009,0.6085942341386834,0.11326763082271891,0.0203563134043246,1693.903112189526,Laminar,False,True,False
1.1300166004126702,11,1.3898696567552338,2.0636146233565467,20.288566224307573,129.09643455906405,0.30737275163953476,0.19545821246746953,0.005788938531119918,1110.7557031664871,Laminar,False,True,False
3.7432777400020774,8,2.278094403686676,1.2094326087916347,21.724755229493407,45.38773654826076,4.749372820574574,0.036931148839729463,0.2963036926371281,5009.892205144839,Turbulent,True,True,True
0.6649492782570671,22,0.8928407621473771,1.885259677254929,30.142496767242296,83.18304861824944,0.28882116376492256,0.09472478731054615,0.0032008570731808573,406.25787443292444,Laminar,True,True,True
4.907057536186719,12,0.9526784272630524,1.6160588019803912,16.93214112715663,36.7843063337792,14.681434692975495,0.020636025611124056,1.200710745869976,5944.3465575094015,Turbulent,True,True,True
3.763014423438076,6,0.6098203589334623,1.065915063564626,6.158922153600773,37.20582932631552,241.76839857122752,0.02058749754228058,15.162966182584244,13975.362428519396,Turbulent,True,False,False
4.708622996479382,17,0.7579124818475711,2.72282475523397,20.88451219140871,36.41887825552935,4.154912213948195,0.019781582035727087,0.3260652533158255,2971.3763033013643,Transitional,True,True,True
1.7813762367520565,11,1.2795550772105186,3.9875224669747826,19.075105849315705,96.9178566809451,0.20041903679275813,0.1357574797361642,0.005950361825589257,1148.0932249421744,Laminar,False,True,False
1.4655753284808077,4,2.814228593703526,1.0667574283712347,12.756914374814103,73.51224508616045,2.669003115523237,0.08720556572937424,0.06519375196248779,3525.2504160254257,Turbulent,True,True,True
4.456759638332324,7,2.126141569116725,2.5190152432468156,17.882990983817074,46.28496673988552,1.5862985022634972,0.03934104644443957,0.1178291856539162,5118.051948792108,Turbulent,True,True,True
3.8810242019595957,27,0.7763154735457842,3.998131386423412,33.96051778573617,48.24811419154193,0.6488794621072508,0.042788348022911454,0.04197194827654607,1124.1995828831473,Laminar,True,True,True
2.8525609909954137,12,0.5373423605705812,2.2481432568090502,11.948108326846974,38.49008747723569,12.347274288969084,0.02193545427672763,0.5870225496972307,3186.6669006162447,Turbulent,True,True,True
3.674489494334001,21,0.5031843656272262,0.5814781851878855,20.56687167817175,34.398478882823504,164.8212063930251,0.01488066587312984,10.093896522243782,6023.750374826022,Turbulent,True,False,False
0.5622211132353134,15,1.4702058752842806,3.0762243650760714,29.05308812926421,106.62426177688315,0.04947389810609598,0.13765294722795018,0.0004635878344883291,307.84298173379443,Laminar,False,True,False
2.28373316370833,11,1.0517127418227632,0.8697183333668773,16.568840160050396,44.779847160429284,14.757387345677877,0.03325844440056024,0.5616989148502368,4034.704755490781,Turbulent,True,True,True
1.287576389274675,8,2.2952181235940214,2.9981463970974955,21.86174498875217,168.47775384187273,0.08197362241184732,0.2757791817308393,0.0017591216793468656,1135.3639805066994,Laminar,False,True,False
2.8194585311454814,30,0.8307347306124914,3.8503926696092625,39.422041918374745,49.8272661945513,0.37115941923128115,0.044550583082228666,0.0174411431827773,749.6833967627574,Laminar,True,True,True
3.4511564221661986,10,2.52310370893346,2.9393968516758457,29.7310370893346,65.80048140395976,0.2039468937832677,0.07743123774898773,0.011730877204349531,2359.158100274827,Transitional,True,True,True
0.9652545495284808,8,0.8748923733210208,2.7189390798783126,10.499138986568166,121.45327724912647,0.6888615957782943,0.1779981829989118,0.011082113155340799,1253.655071530063,Laminar,False,True,False
4.40917611914219,12,0.590512033640189,3.8965152098161306,12.586144403682269,35.49736536563304,6.838032414506048,0.01773099777369045,0.5025014870660046,3057.7458895138266,Turbulent,True,True,True
1.1277810540781028,21,1.0814055838812244,3.912385486666535,32.70951726150571,68.25929291301195,0.10442104912004545,0.07375868587579545,0.001962734680742437,401.56793584511007,Laminar,True,True,True
4.3728152727004,11,1.4331685440517594,1.5419303659655965,20.764853984569353,40.490445327236586,5.67328605120761,0.027690019094990838,0.41347053151864627,4989.430001549531,Turbulent,True,True,True
1.9056641211481464,29,0.6847815746547596,1.285702673096295,33.85866566498803,62.517703037295206,2.223658805494277,0.06748403684005307,0.07062578005509314,1245.2578524013363,Laminar,True,True,True
0.9070628447159207,5,0.9087913603156745,1.5571030122949745,6.543956801578373,79.81479220223054,3.834402757584393,0.09376478132093642,0.05796740455135117,2747.1147499671574,Transitional,True,True,True
0.5495750599799096,7,2.8753597139831193,0.9333668243694109,23.127517997881835,198.5736093783387,0.3475153255379047,0.3209626727979764,0.0031830959312738635,769.7205489396697,Laminar,False,True,False
2.224169925618142,28,0.7664199254769056,2.1926148811394226,34.95975791335336,58.8180906536075,0.8657095628917524,0.061166184006176766,0.03209141956839772,1002.4062272682315,Laminar,True,True,True
3.809792891356616,15,1.4054647663673108,0.662033065534813,28.081971495509663,38.29404639282793,21.989281361644153,0.022810886563121403,1.396243463627207,4587.213378520313,Turbulent,True,True,True
0.7526459330438651,18,1.542612331462681,2.865880673642722,36.26702196632826,95.36769436490411,0.05554756852740447,0.12161567681214472,0.0006967941923771063,354.17014971642107,Laminar,False,True,False
2.6424520644517258,25,0.6102113888436953,1.6904930437531025,27.25528472109238,51.41834288106982,3.2051189535562363,0.04739084490493357,0.1411562199273005,1715.4978447463407,Laminar,True,True,True
3.023261850352776,12,1.4377200641638628,2.387237808034497,22.752640769966355,54.05635740658007,0.7761230738355308,0.05335283157177945,0.03910705467175818,2459.527929050314,Transitional,True,True,True
4.5175227052462334,29,0.8667196754537152,2.263026205568831,39.13487058815774,45.27250131537819,1.3191678304319605,0.03735954583181476,0.09932284376677991,1858.5624843140952,Laminar,True,True,True
1.930591214404355,26,0.9735942062486662,1.2698087429969032,37.81344936246532,71.26344856838378,1.1758356421204965,0.08507302844181465,0.0378342993376889,1235.9291858451165,Laminar,True,True,True
3.5902150535975488,27,0.7222491477191704,3.0632851192082393,32.5007269884176,49.68279318460329,1.0502705785278594,0.04535736591417284,0.06284495402302212,1311.6362611315285,Laminar,True,True,True
1.4570767997874905,21,0.6229138138480415,0.6561489009327306,23.08119009080887,58.5908306492384,11.491786363122195,0.057305467114410064,0.2790735882969935,2025.6070794187406,Transitional,True,True,True
1.871664848476946,8,0.5011238151856385,3.7233361561650358,7.508990521485108,53.260640203646034,4.520140063459525,0.0488327386111955,0.14100312111615912,2068.0012389707563,Transitional,True,True,True
2.8019234762002396,15,1.1452706520159386,1.7547403437078772,24.17905978023908,51.155697881113625,1.6015652779934642,0.047175504815157226,0.07479105585128418,2405.189301157457,Transitional,True,True,True
0.5417797344057643,9,1.5434086239505924,0.5096896651736949,17.890677615555333,156.96419298890532,3.084149388097063,0.23736708716588029,0.027848827272515454,1094.8494445440879,Laminar,False,True,False
3.0425694616460155,8,1.905371579037816,2.9273199062170656,18.74297263230253,55.15980652959219,0.5495060473415432,0.05558993520065008,0.027865171977186482,2938.6329292532796,Transitional,True,True,True
0.5000592585029336,23,0.648604933210774,2.9446185430644434,25.917913463847803,68.78137444059728,0.2381267061761943,0.058785412653321586,0.001984624402003561,225.94009395783155,Laminar,True,True,True
4.113050665805467,10,2.157530606383879,2.97583932334046,26.07530606383879,49.554191952897796,0.44934583334301703,0.04560967343878469,0.030803036316806812,2991.888427957787,Transitional,True,True,True
0.8330886833683138,15,1.4027998580735974,2.3465885009207845,28.041997871103963,108.7370870180545,0.12916420617892083,0.15020065477809058,0.0017934206410651764,553.1252015627417,Laminar,False,True,False
3.9317857426477745,5,1.3367695469775314,1.462909768217722,8.683847734887657,43.07544990065655,25.054803479882608,0.03249089023881114,1.6418353184507382,10488.066865892059,Turbulent,True,True,True
2.117630852926146,10,1.5026890235659758,1.54828656557675,19.526890235659756,60.22331649991478,1.4272787123365889,0.06365112688226657,0.05037415728281102,2591.763801520745,Transitional,True,True,True
0.5151061124915569,10,1.3441338971971843,1.5976871308433196,17.941338971971845,162.39323375663523,0.26552290284666635,0.24684975104490273,0.0022795411710469942,653.829260485275,Laminar,False,True,False
4.034999734147432,10,0.6184194063411825,1.8613204487933426,10.684194063411825,36.146968433831404,32.838992506186635,0.018727549169042453,2.208422100535543,6076.049246858331,Turbulent,True,True,True
1.8794933936528377,6,1.5268821749183534,1.8156063966648124,11.661293049510121,59.69944761069364,2.1345071759486975,0.06174237806394638,0.06686320226500254,3499.480026244707,Turbulent,True,True,True
0.7991963850850108,4,1.2521443696676142,1.9852322133416673,6.508577478670457,124.33833279332393,1.0709540313219092,0.18067061139976728,0.014265043173744822,2304.5397073646604,Transitional,False,True,False
2.629085206768412,10,1.2286810701668451,3.2665764810075997,16.78681070166845,61.82628729287616,0.6084277570046073,0.06817904585463602,0.02666014025546832,2183.9061898137516,Transitional,True,True,True
2.093715166517694,22,0.9697281054916282,0.9702116804129359,31.834018320815822,62.60214195648213,2.783830934838377,0.06833115539676111,0.09714248415487067,1831.8527682801773,Laminar,True,True,True
3.848786326170777,7,0.6157988779184191,3.943438274299171,7.310592145428934,36.70562255121375,12.836652671792875,0.019672307111001767,0.8234255546166664,4503.161005279985,Turbulent,True,True,True
4.799473793636112,20,0.9628403073470402,3.616171571696256,28.756806146940804,45.70491793181489,0.8030448951365541,0.03841151270685356,0.06423654882201918,1956.9320937688638,Laminar,True,True,True
4.512726788025777,9,1.7475487137476056,0.9402522437389252,19.72793842372845,39.95556779049139,18.26247916517798,0.026722293425950557,1.3735596490743545,6965.997659709414,Turbulent,True,True,True
1.8734740619147237,5,2.6149797700032584,1.7167916171068598,15.074898850016293,71.56375381248826,0.9306457184367483,0.085446390651789,0.029059010238720685,3229.951856026255,Turbulent,True,True,True
2.4080660413866166,11,2.9684287438102084,1.3574950977588078,37.65271618191229,88.94756414252097,0.41235047437698275,0.12191922348489224,0.016549452908281238,1889.647232335018,Laminar,False,True,False
4.411083010747081,15,1.769725055978225,0.930552593314106,33.54587583967337,39.21850521294304,7.119882154335295,0.025174688365580407,0.5234398534918291,4066.581184461939,Turbulent,True,True,True
3.664441396820415,20,0.8302684037367509,0.5929946267747828,26.10536807473502,36.11098415855141,52.59790934111314,0.01829493773932196,3.2123659395963693,4807.026467132015,Turbulent,True,False,False
4.318656441024098,19,1.3659700975768883,2.2812013890298863,34.95343185396088,46.70641082777608,0.7941175723445538,0.040080680372188746,0.05715868281227047,2327.1413786869884,Transitional,True,True,True
4.88421045797835,8,2.5182260620059598,2.3409619121057363,23.645808496047678,45.85879283232552,1.168173842842445,0.03877128072148605,0.09509344833246378,4691.638909516727,Turbulent,True,True,True
1.5078283318852885,15,1.9510465930272072,1.2632170992961254,36.26569889540811,110.20849387166015,0.41132519727012595,0.1608732133550204,0.01033679643437002,1167.785382230966,Laminar,False,True,False
0.5136214544408351,23,0.9828595808877258,1.798224120198018,33.605770360417694,87.46760108699488,0.1848254502209107,0.09691773271009019,0.0015821719426691054,299.83695408129654,Laminar,False,True,False
4.498686067141797,10,1.4696326839966896,3.458156696218469,19.196326839966893,42.448536402108076,1.0540248237481888,0.03169827804480708,0.07902877981695941,3408.925008119307,Turbulent,True,True,True
3.0002585905921157,20,0.9718417822580379,3.7594731582281273,28.936835645160755,60.66573519426348,0.40847816206506615,0.06653509268264403,0.020425668580083222,1183.9428288447548,Laminar,True,True,True
3.218780507889733,4,2.823867146430685,1.5854200710620852,12.79546858572274,54.93867766994059,3.8356479833517327,0.05540660209015609,0.20576848273231868,6814.702151090668,Turbulent,True,True,True
2.9512081319948775,4,1.3984447204661252,3.3996540663236914,7.093778881864501,50.53985031738057,3.0579411490268877,0.04620360488950017,0.1504103464361652,5741.885914227593,Turbulent,True,True,True
3.8413449204236976,10,2.2007072470987343,2.1985293372179138,26.507072470987342,48.60472217046015,0.7941032555569726,0.04346326332518051,0.0508404084504283,3260.5426358087043,Turbulent,True,True,True
4.204849072371467,18,0.9831954096747332,2.8787429456666938,26.197517374145196,44.30536588622081,1.179658337454559,0.03518840360605066,0.08267142109935117,2258.6891547584737,Transitional,True,True,True
0.8470313757147284,18,1.0473875561529602,3.272551350326797,27.352976010753284,80.09410283302222,0.12876635114737858,0.09319901987153109,0.0018178189926354978,406.75536007928474,Laminar,True,True,True
2.4578156494852967,4,2.968492296208825,1.3231037004712127,13.3739691848353,59.917917026686005,3.424434787070715,0.06398088988015327,0.14027715683840422,5346.312979438883,Turbulent,True,True,True
0.5879873729117056,17,0.7784315237946102,1.3557565088129035,21.233335904508372,102.55014698724762,0.7907064649824698,0.1306263442287059,0.007748756951489065,605.1601125013556,Laminar,False,True,False
2.8478385253707064,24,0.5373938898348356,2.8863032995962867,24.397453356036053,49.28387337847282,2.222556496995343,0.04351466060490457,0.10549136694927166,1294.1739975236635,Laminar,True,True,True
1.887006855057409,4,2.088441626580765,2.605225372127406,9.85376650632306,70.35990138765176,0.8940488784700281,0.08309377143512486,0.028117939373822193,3753.056556011852,Turbulent,True,True,True
3.093279443144389,9,1.9195328638988622,2.763385931463435,21.27579577508976,56.18949917215686,0.4958713442822034,0.057726856926022835,0.025564477261875232,2740.5890363121507,Transitional,True,True,True
2.4826023508015798,9,1.491259616811743,3.650882735412614,17.421336551305686,76.24505255194481,0.30969787427646533,0.09669361763534542,0.012814277845283415,2003.1084110471822,Transitional,True,True,True
4.122260601761969,5,2.8185589214426634,1.034910547963437,16.092794607213317,45.421490412734386,12.226652772367245,0.03735208716152892,0.840024150249221,7989.091841059167,Turbulent,True,True,True
1.7014435609235672,24,0.5576748837233196,0.9548111841014977,24.88419720935967,58.84068354557303,6.808388652033789,0.05922362347490265,0.19306815053779958,1750.2448963263034,Laminar,True,True,True
2.8321288824235604,17,1.274180689079782,3.879844149137808,29.661071714356293,71.98573924403192,0.21749413854427954,0.08889036318109188,0.010266190525484758,1206.9839121007494,Laminar,True,True,True
2.621681254701548,22,0.544605868138281,3.0384025584668497,22.481329099042185,51.1561383240612,2.0079534405438344,0.04682328999499933,0.08773689825645416,1241.9190115420408,Laminar,True,True,True
1.2717803212264127,6,0.9695309225126476,1.9833252792423486,8.317185535075886,69.20078560348233,2.4786896610983997,0.07708643039559976,0.05253914555687185,2680.417526780141,Transitional,True,True,True
4.607868206701655,18,1.5525016323359193,1.564010904331747,36.44502938204655,40.67875429774537,1.9627727174325178,0.028234508377109818,0.15073663336064516,3067.203298544078,Turbulent,True,True,True
0.7113756516547161,4,1.18714521529498,2.1652601177013135,6.24858086117992,160.1535891249133,0.7997028325150604,0.25007824100362397,0.009481485393508722,1980.9174567554305,Laminar,False,True,False
4.528800320019802,12,0.9940803612646074,1.802278349495468,17.428964335175287,37.7926806859588,8.997108026520428,0.02240783699483559,0.6791017618293073,5039.5637397602,Turbulent,True,True,True
4.379715113962167,6,0.9990375943857506,2.1378151527858207,8.494225566314503,39.594405684599195,19.4634767573,0.025903124277377166,1.4207413887366358,8689.291693021298,Turbulent,True,True,True
1.6483908844175246,14,1.0895537212446265,2.5064163027072253,21.753752097424773,91.25606030692492,0.4441888811492952,0.12378216854250924,0.012203281710768624,1222.6439486199615,Laminar,False,True,False
4.5326520551485405,8,0.6293679700827035,3.285112329501014,8.534943760661628,35.54470686977004,18.15745184518506,0.017914589543746345,1.3716901903723118,5404.70731602383,Turbulent,True,True,True
1.0788943625756353,11,2.9837226876306513,2.7272945046053105,37.82094956393716,149.702889096082,0.03502123726927549,0.23606770366423174,0.0006297369243374177,641.2932490296099,Laminar,False,True,False
1.639501810399551,5,1.6250848897594148,3.8253086380424417,10.125424448797073,94.7219150329829,0.3094154555457347,0.13066654581747036,0.008454786658880562,2246.4560838922584,Transitional,False,True,False
2.1466812392036845,23,0.9275981027812775,2.657937906858157,32.33475636396938,65.26835572239236,0.4727323053972834,0.07383316685092695,0.016913426186030915,972.0073149136812,Laminar,True,True,True
3.987950841038091,5,2.39012158633899,2.5428855479026073,13.95060793169495,50.89786683122442,1.7367218900736359,0.048187270572153114,0.11543269203614033,6037.427731361277,Turbulent,True,True,True
0.8814116557170162,13,2.455354393305182,2.4228175196645196,37.91960711296737,133.03292014771884,0.04522982533899447,0.19973933346691908,0.0006644349206639095,518.9938751403481,Laminar,False,True,False
4.022204462291786,4,0.9069711536984721,1.9259810976990024,5.127884614793889,40.5261749696788,54.860911724936045,0.027474616994473837,3.6776967324238914,13254.055793196645,Turbulent,True,False,False
4.636261791850879,16,0.6538172595313608,2.7871358432361193,17.961076152501775,35.4056258863144,6.59270505582811,0.01770737756063032,0.509425109254633,3144.51095158192,Turbulent,True,True,True
3.1754135327979034,8,2.8800762646443334,3.6726394736920653,26.540610117154667,79.24384613785097,0.11073711641189442,0.1039558814525868,0.005860602300622439,2261.897251748945,Transitional,True,True,True
3.8724367559925694,8,1.7009674210164003,3.636356777879636,17.107739368131202,47.07340974276531,0.7331800325342486,0.04043071659668917,0.04731988844575753,3386.52791764388,Turbulent,True,True,True
2.4514298965151475,4,2.905364299032487,2.7837079322539386,13.121457196129947,69.03266898765816,0.5510914849742792,0.08219514220253221,0.022516035699681268,4022.55449215664,Turbulent,True,True,True
2.0675295422173514,8,2.4388522546602847,2.314791278388972,23.010818037282277,100.71064780456403,0.22476466898492756,0.1444611177147089,0.007745126552884032,2030.1074363286268,Transitional,False,True,False
2.897639458060673,22,1.0359076244039072,3.7485545839308676,33.289967736885956,60.65187269182664,0.30426457661496203,0.06633750523401405,0.01469415071482731,1027.9510501494535,Laminar,True,True,True
2.013158245948041,5,1.7964832142147653,3.3331417380355233,10.982416071073827,68.86305559969064,0.5280002709683514,0.08057795310263761,0.017715801656045606,2930.9350443953185,Transitional,True,True,True
4.241480932629318,20,1.3117020804998167,3.7704914047925566,35.73404160999634,59.15595382183962,0.27687198066731356,0.06491913666477515,0.01957245377966206,1558.1893264780942,Laminar,True,True,True
3.060202414189109,17,1.5582648605483977,1.9023481144970689,34.49050262932276,64.44186331362658,0.5546694651318159,0.07418130127490506,0.028290013937889418,1942.3706059306523,Laminar,True,True,True
2.394878718250439,5,0.7171630463204549,3.2182959649441565,5.5858152316022744,43.97066551028633,9.773489937850048,0.03193252009159478,0.3901053842531981,4544.666550550217,Turbulent,True,True,True
2.3687439373296684,11,1.7730589802417076,2.142701323189659,24.503648782658782,77.46647939796874,0.4209232076298072,0.09885785156757985,0.016617654935907715,2053.493006811739,Transitional,True,True,True
2.4401203536615808,10,2.0218352893965212,3.9021882952550695,24.71835289396521,105.75136104060456,0.10633354936224049,0.1556053189493489,0.00432444430126469,1538.0780189304635,Laminar,False,True,False
4.135632884186899,16,1.5709470399813448,3.3078247912538115,32.635152639701516,57.89169166164348,0.2976682875290491,0.06230377722216924,0.02051744597474561,1978.3147387682925,Laminar,True,True,True
2.547511738212102,20,1.0694652382836178,2.1537526638861793,30.889304765672357,68.91840626501673,0.6553541182221133,0.08218801680519049,0.027825371814274594,1475.6400321887247,Laminar,True,True,True
0.8187430848680264,10,2.3273959368361528,3.161105251752597,27.773959368361528,153.54152913148783,0.03654602593192394,0.23950688121578959,0.0004986967668528381,557.0289658004697,Laminar,False,True,False
3.95541889485708,14,1.0110764576784688,1.1805745046245621,20.655070407498563,38.30200094584472,13.510208151321267,0.022965860446162528,0.8906422099198046,4813.677100084196,Turbulent,True,True,True
4.458971798963242,7,1.960343693331223,1.8238808879767374,16.722405853318563,44.33480142909343,4.132404615960138,0.03544231772058055,0.3071045940745297,6285.555712178571,Turbulent,True,True,True
1.8590495358252943,7,2.193455064192451,3.858491768281782,18.354185449347156,134.29458791707867,0.09938054088257699,0.2108484604102343,0.0030792224732970235,1638.63306872093,Laminar,False,True,False
3.1014819431318927,17,1.741597557665488,2.889925543359981,37.6071584803133,79.38814971226691,0.1856684160131053,0.10413646154069037,0.009597453994575773,1470.8906864162057,Laminar,True,True,True
1.2419469555128098,5,1.245119816251868,3.964767294063358,8.22559908125934,124.92835696930165,0.35779827100793893,0.188269767046932,0.007406107889434283,1780.2812868673393,Laminar,False,True,False
3.354906346086449,5,0.680409158021805,3.891471069853761,5.402045790109025,39.24905346183453,14.112326574753725,0.024208755170948337,0.7890922330614285,5480.238372884395,Turbulent,True,True,True
4.173427255777774,12,1.0785206373599785,3.0369210311426476,18.442247648319743,40.367151099294375,1.9569140097774291,0.027286207255547045,0.13611730442697495,3155.578936246863,Turbulent,True,True,True
2.4999234193193485,11,2.5414259879743066,1.002892551556461,32.95568586771738,61.356918188323746,1.418692995671345,0.06695751068099165,0.05911039741171864,2394.336413415863,Transitional,True,True,True
2.5520121314895032,11,1.695073440997339,0.9621115897619532,23.645807850970726,48.09550134667256,4.568506300562643,0.04055216844242771,0.19431472503036828,3260.259350616045,Turbulent,True,True,True
1.309202850451251,21,0.9898313839204854,3.284615475071512,30.786459062330195,69.16451046640395,0.1955889053626441,0.07733731448270373,0.004267759206956893,544.6175375766011,Laminar,True,True,True
1.8177446031369429,6,2.3925998773627795,3.821018941949698,16.855599264176675,135.244072876188,0.09878346237820076,0.21257153668036124,0.0029927184269525945,1820.6266810053135,Laminar,False,True,False
3.084229017804986,7,2.3753179389756593,0.839815489625815,19.627225572829616,46.15220040825564,10.176716451387948,0.03763860805834533,0.5231220697557349,5117.212768688527,Turbulent,True,True,True
2.4269543936819833,17,1.7470614873301518,3.408679586394322,37.70004528461258,86.78813587098605,0.10618750492393302,0.11764687584839383,0.004295203860487774,1033.9641770430285,Laminar,False,True,False
2.6141002984366843,4,2.695867070926288,3.46489852012718,12.283468283705153,66.99961820884764,0.44163231976507644,0.07849433156595502,0.01924118631495286,3961.0604250913893,Turbulent,True,True,True
3.939250644768798,20,1.5192356065279975,0.9978723901980397,39.88471213055995,41.020369788609365,3.817778967738572,0.0283876657534168,0.2506531376708154,2921.9021410978835,Transitional,True,True,True
2.9763939911327357,8,2.1138921681511187,2.8715141517066085,20.41113734520895,59.11945011161137,0.41490712810564595,0.06340406536645596,0.020582118049529745,2786.658623131455,Transitional,True,True,True
3.266059494818759,15,1.239395015810973,2.2766866211104486,25.590925237164594,51.45966920882614,0.9449931715556437,0.048513303120797324,0.05144006534163671,2312.372412727008,Transitional,True,True,True
3.94950737079454,4,1.909788816460933,1.107057560587414,9.139155265843732,45.11128444599482,32.420011298072716,0.0365789819671462,2.1340512263830074,12221.194011003576,Turbulent,True,True,True
1.7572250290273415,4,0.5867832002174949,1.093119660650658,3.8471328008699794,46.89860929228195,135.3646239104778,0.03560795814376246,3.964435086339408,9764.884627130206,Turbulent,True,False,False
2.8242217777155507,6,2.588817258667383,1.9867485120706223,18.0329035520043,57.43863068807056,1.0240287643406067,0.05978192023496494,0.048201405620964796,3841.3744346276726,Turbulent,True,True,True
1.217580544819843,17,1.2822470821225815,1.4282084117512128,29.798200396083885,102.37242851039021,0.5059434821659821,0.14292603035093657,0.010267115677728415,986.7119664013422,Laminar,False,True,False
4.278474182353018,8,1.71249685804367,3.75431377099284,17.199974864349358,45.21154646255745,0.8134416653719837,0.037059657082693716,0.058004819402404595,3652.992625513511,Turbulent,True,True,True
4.20486937803706,9,2.0893078863414227,1.529411929985779,22.803770977072805,44.13426886800107,3.1785708542278157,0.03484622609631988,0.22275792084772736,4821.020054718393,Turbulent,True,True,True
0.6501930149972096,15,1.2557180386772502,1.9799783721440116,25.83577058015875,113.02317049767147,0.1742785238429178,0.15391387712096324,0.0018885779811114972,500.2270472257,Laminar,False,True,False
2.644463810361423,8,2.3603580651085982,2.1967247727371895,22.382864520868786,63.948474476839436,0.47611794789153167,0.07245525095826065,0.02098461137771169,2708.5983827682503,Transitional,True,True,True
1.1171504257498996,5,0.9385312604927325,3.78205837577632,6.6926563024636625,113.4661406418409,0.7085061246290917,0.16405096012575437,0.013191798646263353,1767.3774087657982,Laminar,False,True,False
4.173303966120445,4,1.807690031221441,3.8907320697893204,8.730760124885764,48.28935739631985,2.147592395793845,0.043130517984397806,0.14937593104960936,6836.743839348152,Turbulent,True,True,True
1.1596194630603545,13,0.9580553159967746,1.5725001168150707,18.45471910795807,105.19215820575022,0.9974661039678444,0.1479747511409917,0.019278018465068256,1316.255459204788,Laminar,False,True,False
1.6229471250242231,6,0.653381968352061,2.4252962657300308,6.420291810112365,49.754243410830256,7.846049113296457,0.04064167089530372,0.2122287141870557,3280.746817325674,Turbulent,True,True,True
3.130211461073048,20,1.2274179533261487,1.5259304304379318,34.04835906652298,53.27013761427735,1.3001612728711265,0.05194302242478831,0.06782966195974205,2122.591457117576,Transitional,True,True,True
1.3241617994600197,19,1.2052472651388129,2.771529920212725,31.899698037637446,82.10225386803876,0.1744366677262747,0.10333697370687653,0.0038497061971372237,654.3951805684635,Laminar,True,True,True
3.60770775326008,15,1.815970209725238,2.6391905549096943,34.239553145878574,63.564743476990614,0.2986085614348132,0.07314070116533301,0.017954873704636908,2015.8611142863044,Transitional,True,True,True
2.450393744091552,5,0.6052462446156743,1.595119678295583,5.026231223078372,42.08686004653368,67.35981045534058,0.028301042099786407,2.750967635715987,8316.773178739499,Turbulent,True,False,False
2.052560428100489,6,0.8049621631332944,3.036209774740791,7.329772978799767,48.318310198206504,4.270371653198977,0.03962568263361247,0.14608659781063804,3325.560483154012,Turbulent,True,True,True
4.123829107377777,4,2.764552380428376,2.9732599469972874,12.558209521713504,54.019865675716346,1.328981702321507,0.054550165455005385,0.0913415571200983,6709.315676162869,Turbulent,True,True,True
0.7462396699117687,9,2.4982177966541577,2.272517391259676,26.483960169887418,178.38924635207502,0.060837987566806105,0.287494643297563,0.0007566619959991612,648.9846266655047,Laminar,False,True,False
2.536920033408731,10,2.0165751661022924,3.0360247527403645,24.665751661022924,90.1232642648277,0.18501513445321202,0.12457414894090495,0.007822810017969393,1874.8898767998219,Laminar,False,True,False
4.531894770760523,15,1.1823620323680633,2.707716955186483,24.73543048552095,40.592806537152114,1.4713374920084719,0.02801025836204448,0.11113244476761829,2900.1070916914405,Transitional,True,True,True
3.9307046768019123,22,1.2500245101020033,1.228186068393851,38.00053922224407,41.562978755528036,2.9082001499540966,0.029464941332270535,0.19052126550834317,2692.113867237304,Transitional,True,True,True
2.9562313719205573,23,0.5830829069113476,0.680515101838069,24.410906858960992,36.629398419341484,45.99361031915649,0.018390986574410306,2.266129228889658,3798.267518255067,Turbulent,True,True,True
3.627547368740936,11,2.9328646149801827,2.0914093426912626,37.26151076478201,61.138284707392415,0.3057107581923428,0.06830959891019445,0.01848300427460716,2450.9304750988654,Transitional,True,True,True
1.1617750651313037,21,1.1535897424342996,3.9846926156135822,34.22538459112029,69.1365311907761,0.08879972813482508,0.07588652229500507,0.0017194218322913078,402.0394659696414,Laminar,True,True,True
2.0092157232334187,7,0.7645397145201395,3.499509509613919,8.351778001640977,53.030372419377485,2.386266952453785,0.04889856048522949,0.07990875134504064,2513.5655502036093,Transitional,True,True,True
1.5340002032438655,5,2.6248055504159433,1.8208579024063902,15.124027752079716,93.87912209881218,0.5026250370648155,0.1283772979726048,0.01285044848354804,2576.930627664407,Transitional,False,True,False
0.7718340955803461,18,1.2290858913462914,1.346721090161838,30.623546044233244,105.3521411450949,0.37009471732638155,0.14205989550007325,0.004760862023777859,621.6157866910119,Laminar,False,True,False
4.41528178410097,6,2.208860593615783,3.8674170239205488,15.753163561694697,48.63251284637842,0.703273955674276,0.044005805982789914,0.05175254476202106,4522.238511135129,Turbulent,True,True,True
2.6465715082951444,8,1.1133283657084938,0.7317536186354758,12.40662692566795,43.072957681322734,45.22013374116792,0.03070855107050522,1.9946386260111824,6695.174093476896,Turbulent,True,True,True
3.6966601114683546,4,1.9899012931870796,2.7995648526502146,9.459605172748319,51.237157824842754,2.812846367226747,0.04858151160985623,0.17330228275692972,7205.204624912708,Turbulent,True,True,True
1.830399892752165,21,0.9553564164197712,2.4523544216843955,30.062484744815194,71.74964843058939,0.4646308102328025,0.08563742281235409,0.014174336420324556,955.0978080396895,Laminar,True,True,True
4.636865445134547,11,1.399914817894231,1.4024929897837093,20.39906299683654,39.486453752040646,8.323024988922963,0.025869437371925628,0.6432124495021373,5616.740649858426,Turbulent,True,True,True
2.195967558821075,7,2.7969699401669987,2.8088544724415176,22.57878958116899,104.25000104797772,0.14428801405846853,0.15194691192939333,0.0052808632999852695,2089.6439137586844,Transitional,False,True,False
2.580827651709524,10,1.4586022031945707,3.78404122031226,19.086022031945706,78.7806776953068,0.27358048406502067,0.1019854799902289,0.0117677346373847,1838.1992299416754,Laminar,True,True,True
2.13599432786135,9,2.3917935670588437,3.7305152288188776,25.526142103529594,128.41116546750715,0.07556634009156023,0.20008524683881823,0.0026901545635469055,1447.5255959968902,Laminar,False,True,False
4.866764732966433,6,1.8876439943056897,2.221580261278046,13.825863965834138,43.933580697227946,4.333627672821031,0.03491029493277501,0.3515124387315464,7370.775029307425,Turbulent,True,True,True
4.834320339856258,12,1.8407600244953946,0.9621742749445699,27.589120293944735,38.9755344791303,10.474632139513602,0.02497435818939426,0.8439621200760448,5366.920446589735,Turbulent,True,True,True
2.320828800977907,4,2.715362717544461,3.6949703139736467,12.361450870177844,73.41892923094804,0.29642178857279244,0.09063732638915714,0.011465737069285342,3379.764331112518,Turbulent,True,True,True
2.020265312588479,9,1.1802957515966204,1.0285896232100817,14.622661764369584,49.32598514009938,8.563101410193948,0.04152895860141978,0.28832894578653867,3794.692727560269,Turbulent,True,True,True
1.127946497927719,13,1.0540950089317584,0.9129195738729617,19.703235116112857,100.02543227290728,2.336914863800257,0.13729283617989652,0.04393191560964553,1647.1056812120228,Laminar,False,True,False
4.994922603939299,23,1.1497912547226425,3.6361691039984625,37.44519885862078,50.66353541456675,0.4261375467113743,0.04844607055008001,0.03547540107426471,1694.3991584612663,Laminar,True,True,True
3.9373281338515875,4,2.7726228514001616,3.3098852995638874,12.590491405600647,55.65170311810142,0.947232784312117,0.05764854869662492,0.062159438182977846,6042.863943187882,Turbulent,True,True,True
3.839702911812967,13,2.5184397245928003,2.7662116491825506,38.739716419706404,68.32236563527388,0.17294952293935156,0.08289694823985357,0.011067913113781528,2086.997003009481,Transitional,True,True,True
2.024718428848911,7,2.710076377981667,2.4794834095861047,21.970534645871666,106.3102386600129,0.18155897464030982,0.15551313181915982,0.006126763364619124,2081.229499648733,Transitional,False,True,False
4.715328424483339,4,1.4444001033149128,1.421107615693455,7.277600413259651,41.92814848167359,45.2994197222509,0.03080446851782876,3.5600273571488468,15361.52280201136,Turbulent,True,True,True
2.8331092075164053,18,1.6392848137979692,2.4351008417032256,38.007126648363446,79.75517357969518,0.24774324387137658,0.10443099004261518,0.01169806108853299,1442.4892098344114,Laminar,True,True,True
4.314827762966363,16,1.3208052734242903,3.0852063374194634,28.632884374788645,47.89340635637242,0.6019728786518128,0.04245171471895917,0.04329015482266039,2285.5027146521616,Transitional,True,True,True
4.48918846097582,21,1.4243892064147288,1.3870806420381074,39.91217333470931,40.58394766222956,2.2522802137922344,0.027962332996012855,0.16851517244400419,2839.2197663315465,Transitional,True,True,True
1.1003772668818441,16,1.4122939216091852,3.5519223166174654,30.096702745746963,90.17841371080348,0.07923925765193247,0.11727915501877917,0.0014532179627463285,517.3147161034018,Laminar,False,True,False
2.384642822947872,14,2.347830611466037,1.2545456506907855,39.36962856052452,84.63534831838663,0.5502553195573955,0.11323609335056267,0.02186937330952385,1765.5910869271756,Laminar,True,True,True
1.6532906111945709,12,2.839771620845756,0.7855639241602586,39.57725945014907,102.0887187454478,0.9815402386846381,0.14547335768885636,0.02704618768544984,1419.0694194034409,Laminar,False,True,False
2.365840311095405,11,1.075651789036514,1.483543694821519,16.832169679401655,47.61318882834793,4.021557542090717,0.0391438143711219,0.15857271577446624,3138.1462421952006,Turbulent,True,True,True
1.49830414136899,19,1.3629639301516039,3.6447701427745693,34.89631467288048,77.78152112343615,0.09517612303765759,0.09595860145379582,0.002376712988446115,588.0158295536298,Laminar,True,True,True
2.442143059572493,11,1.4664522004359732,3.87440504428151,21.130974204795706,88.06842850473025,0.2109626892420263,0.12024433840397027,0.008586684456019384,1552.2130950954577,Laminar,False,True,False
4.80430216267409,15,0.7071859081408012,2.3201465952338056,17.607788622112018,35.1892292529556,9.621599511074875,0.01738314869221912,0.7704178556573499,3950.5978977710074,Turbulent,True,True,True
1.5253951068945966,12,2.3824745386834394,2.8005696641478406,34.08969446420127,130.12368508135592,0.06784194961613611,0.20081350391339908,0.0017247629664440631,915.7988359458875,Laminar,False,True,False
4.99403312627032,9,2.329419157685016,2.5664402759297946,24.964772419165143,44.83695154465001,0.9534321104676974,0.03679238968080831,0.07935785905542508,4232.177423418957,Turbulent,True,True,True
4.402030006469966,16,1.8818746669388335,1.3306046098188284,37.60999467102134,41.792889199399035,2.1425354902387945,0.030316747203043098,0.15719175863263352,3197.986146783822,Turbulent,True,True,True
3.5515039789644125,19,1.4366110706236537,0.6507891973424562,36.29561034184942,39.054713070202716,12.379049142194434,0.02405751644213843,0.7327373714049922,3343.773616209931,Turbulent,True,True,True
4.17227808366481,12,2.180750307101315,1.0485231201972032,31.669003685215777,41.81817915867758,4.4556720270592285,0.03018731366423374,0.309838379108293,4020.416795079347,Turbulent,True,True,True
2.446562824568887,5,2.647729146366802,0.8304684218995132,15.238645731834009,51.938905762698,10.073737211821438,0.04799593787339382,0.410767182781976,5253.104228314471,Turbulent,True,True,True
2.1280295787794374,6,1.7998990660630627,0.8737993802321302,13.299394396378377,52.11293242901718,11.277814167730329,0.04746356533019905,0.3999920355484658,4953.337078479119,Turbulent,True,True,True
2.4127964144283105,14,2.129953037648807,2.243673237034101,36.3193425270833,99.30709691724282,0.18271956869605013,0.1426500050078832,0.007347752003261952,1471.4139534220637,Laminar,False,True,False
4.55344845141874,13,1.875938781469546,2.8672884484107746,30.387204159104098,46.67758770858172,0.5012295402643554,0.04019485119930256,0.0380387145653676,2757.446141147772,Transitional,True,True,True
0.84735331447732,8,1.2880217258888074,1.740021123907725,13.804173807110459,161.01796903342472,0.5147947323957124,0.2550532070502412,0.007270217046182864,1306.1601389843063,Laminar,False,True,False
1.502792512886807,29,0.7116751794138729,3.2651637654964794,34.63858020300232,53.279893116999446,0.3855297406912096,0.046984030903573136,0.009656186796765701,486.57178143455036,Laminar,True,True,True
1.5822053676777776,11,0.9544906915156816,3.9120984810460806,15.499397606672497,87.39339436549866,0.3872251258276251,0.11569165246754205,0.010211161209736188,1103.6449484057744,Laminar,False,True,False
4.01465658775642,11,2.8247491249517513,3.516031784687286,36.07224037446926,70.70896139805978,0.10913754559059095,0.0878334634279917,0.007302496106280543,2149.299146127609,Transitional,True,True,True
4.578335597953678,13,0.9263535933927511,1.6440811702514053,18.042596714105763,37.06787628150351,11.68115278575579,0.020992607394218685,0.8913372937360251,5116.1301299914285,Turbulent,True,True,True
1.139189967130897,15,0.8086058845011036,0.6690214776964007,19.129088267516554,76.87367006337598,6.964702728916486,0.09111522974041966,0.13223532454718068,1919.2160404955002,Laminar,True,True,True
1.1583696251141662,13,2.3772767604913065,1.201235192912716,36.90459788638698,127.04534850492138,0.28919118909929786,0.1916677422777714,0.005583171488387893,929.7907756684467,Laminar,False,True,False
0.6591892852589324,10,2.7646583889398513,3.5671144850182297,32.146583889398514,158.26001460791855,0.016271379670309935,0.24468961762146904,0.00017876531891747213,388.74848409402307,Laminar,False,True,False
1.3316855040341258,12,0.9713939286091023,3.0183708863660548,17.156727143309226,94.88651894146128,0.4141975117516956,0.12896690282159878,0.009193013703445626,1038.620827200699,Laminar,False,True,False
1.6250399788515444,11,2.828624393446255,3.396743585342491,36.11486832790881,138.71787357659719,0.03808496698529626,0.21858035060721537,0.0010314932324057933,886.1152976501759,Laminar,False,True,False
4.045583284434529,4,0.6795630114299775,2.979960595764898,4.21825204571991,38.07548874268237,48.985226666978704,0.022593919725321328,3.302896903136093,10320.019044500128,Turbulent,True,True,True
3.1988977192221606,9,0.5439348757729419,2.6668959139363464,8.895413881956477,37.2917967370138,18.04079504456861,0.020085052201723668,0.961844302017083,4133.560732231134,Turbulent,True,True,True
4.390690496085737,10,0.6649381939335235,1.8914992313647105,11.149381939335235,35.93663401536176,30.317721951556333,0.01859579415078855,2.218595560594472,6413.299981403899,Turbulent,True,True,True
4.730211167364063,13,1.0516455744714825,1.7377974411909696,19.671392468129273,37.59905774438678,7.924397958298807,0.022155889062375162,0.6247345952830333,4870.8368149783255,Turbulent,True,True,True
2.336628047876628,17,0.7932237860419804,2.812772853469439,21.484804362713668,64.66514849709648,0.9687401051527842,0.07317169018089344,0.037726421680049166,1423.3091568049051,Laminar,True,True,True
3.1647394809161438,12,2.02697892170047,0.5583522390091888,29.823747060405637,40.907202007249694,17.067299717148458,0.02726730827326195,0.900225954124811,3809.1180755956275,Turbulent,True,True,True
1.2850828230484383,21,0.9139300048646513,0.842830202042963,29.192530102157676,84.89950049058251,2.464934597366804,0.1086009885591615,0.05279408518356497,1300.718254890003,Laminar,True,True,True
3.8096409793922437,9,2.1704851836258605,1.124366083787864,23.534366652632745,44.02715082086095,5.3391200662160205,0.034276944800580536,0.33900217663586635,4797.219852529666,Turbulent,True,True,True
1.0323958021156685,7,0.9063251215401984,2.27941209788307,9.34427585078139,113.79434250502423,1.0706533176868185,0.16364987066548228,0.01842229984501808,1728.7099728290034,Laminar,False,True,False
3.4046712943599005,24,0.8214055136615765,2.6566536158504053,31.213732327877835,53.459377416174135,1.0050693416227492,0.05269209910800903,0.05703217893773631,1523.038505390638,Laminar,True,True,True
2.855068723111037,6,2.4217203795107864,1.8002444774225332,17.03032227706472,55.21907600732709,1.5607862370030168,0.055397862336401094,0.07426919947882472,4208.570425725384,Turbulent,True,True,True
1.6172786330610265,6,1.2333520689886717,3.0115433136043133,9.90011241393203,76.43444068105886,0.77050593717281,0.09397098762777518,0.02076871314727079,2371.1034589638175,Transitional,True,True,True
3.5334688383016424,16,0.6543876180933379,3.978699742605664,17.970201889493406,47.5114201595866,1.7146932913674935,0.040950249311771963,0.10098025520486527,1779.8962606158361,Laminar,True,True,True
2.7524576395784064,13,2.554222143438069,2.1208857633256883,39.204887864694896,93.79465805019228,0.1821122039505921,0.13236112540677447,0.008354268783737802,1691.1010110801687,Laminar,False,True,False
1.3999333288565277,16,1.6854633489173998,0.6767652781679774,34.4674135826784,93.94487819786464,1.97361466316431,0.12761042871692196,0.04604881575472778,1383.086489894475,Laminar,False,True,False
1.7907778478139431,23,0.8416657618708091,2.4642607899151674,30.35831252302861,66.06979814283116,0.562693030421367,0.07410377350989673,0.016794303566631353,879.4366767259498,Laminar,True,True,True
3.576689771469709,5,0.6241698588851764,1.1494244039971857,5.1208492944258825,38.144781955526526,242.99991165360464,0.022266186337021352,14.485588307991511,15060.552004135834,Turbulent,True,False,False
0.78134157265599,12,1.3825370732807978,0.9705468986038781,22.090444879369574,138.3587185257199,0.8818830499067624,0.20829991785188792,0.011484198151880178,1033.251769225056,Laminar,False,True,False
1.069618843111051,10,1.2659778481248716,0.8210437165437583,17.159778481248715,99.58052910060249,2.753702914734926,0.1357073185737836,0.049090208765505,1913.753533351078,Laminar,False,True,False
3.2193654324235217,15,1.7542494150508752,0.7698488413295688,33.313741225763124,42.654770393712795,6.525226333994092,0.030839599826120438,0.3501181349733373,3175.0945142084583,Turbulent,True,True,True
2.4534348179843875,11,1.0714173510958374,3.4219844938557786,16.78559086205421,68.69917553744045,0.5951876447240813,0.08153295236515602,0.02433756818000304,1853.4909795923509,Laminar,True,True,True
4.325080454662803,8,2.32320344959833,3.566488203928638,22.08562759678664,49.29344266935992,0.41984149589481207,0.04525969326295494,0.03026413746585075,3427.642680943658,Turbulent,True,True,True
3.8061631057431846,11,1.7504428806925318,3.9564365132375663,24.25487168761785,57.87886800954872,0.2611442555567964,0.06197692762597159,0.0165659605129508,2264.018193454749,Transitional,True,True,True
1.5234798505726994,11,1.5093311127111746,2.551550043319252,21.60264223982292,117.50360609892897,0.23816907175860927,0.17556148607920255,0.006047429697564076,1273.5255038217774,Laminar,False,True,False
3.0239569416216017,15,0.7619954995338294,1.2781512465484788,18.429932493007442,39.35905782481774,12.395823294500072,0.023959326522141187,0.6247405983086375,3689.8340463955856,Turbulent,True,True,True
2.069189550034176,8,0.5351342198002156,2.9235953719244954,7.781073758401725,44.19177270327449,8.130079953323817,0.031428951316528515,0.2803779413393331,2792.3996621957126,Transitional,True,True,True
1.6147734608187116,21,1.337254226459749,2.2914043030748266,38.08233875565473,82.27596506412439,0.20757019519541092,0.10564023213161235,0.005586314040975154,791.279845222445,Laminar,True,True,True
4.369098749425749,13,0.873474883763853,1.6925448963094452,17.355173488930088,37.128767317623584,11.736659944666544,0.02096386373396778,0.8546437714446313,4890.715561687089,Turbulent,True,True,True
3.2343674116189587,5,2.8912709275768034,1.9457164030111171,16.45635463788402,55.934338447815335,1.4801317554420281,0.057419468879217755,0.07978816524506764,4993.767232258163,Turbulent,True,True,True
2.3676427879481157,8,0.5886173374994242,1.3557651134708686,8.208938699995393,41.14972950343302,42.26686293758822,0.02622152635205414,1.6678805533895378,5683.6640165995095,Turbulent,True,True,True
2.6515789569551647,6,1.7692059771572226,1.2615138360950167,13.115235862943337,50.5571239263133,6.786856129154864,0.045687151903605956,0.299931414932487,5444.91898378806,Turbulent,True,True,True
3.257625535976424,11,1.3155278506727504,1.184983303162646,19.470806357400253,42.6255154695515,7.751501273847226,0.03083358846240456,0.4208581415306417,4422.456566807222,Turbulent,True,True,True
3.634986199955619,8,1.7914312705557796,3.076353846754154,17.831450164446238,48.374538571935545,0.8326140375257075,0.04279022486102736,0.05044234227158795,3485.5015308550633,Turbulent,True,True,True
2.3827041036318297,15,0.6009955471390513,1.0132866233978,16.014933207085768,40.02188459618359,24.92067330708303,0.02400425576983801,0.9896431759009157,3674.3735029840186,Turbulent,True,True,True
1.4018340118884203,8,0.7679662742804945,3.3884679669403317,9.643730194243956,88.56814083100409,1.0529589254625655,0.11687089125646766,0.02460122724724847,1574.2350905617225,Laminar,False,True,False
2.5712143133618985,20,1.265308236663468,2.696362018154814,34.80616473326936,73.65571254369007,0.3017530815007248,0.09171470242563355,0.012931197370928717,1211.7523025511284,Laminar,True,True,True
4.654910994357489,27,0.9292394986197647,3.3025499575689117,38.08946646273365,48.995678001060234,0.6499844550681091,0.04489991699646746,0.050426996434300035,1521.2740670480541,Laminar,True,True,True
3.341825374303073,19,0.9267333623827705,2.0193026461795434,26.60793388527264,47.09561494599393,1.7626730815400218,0.039885088246630084,0.09817576050819056,2229.3384037286924,Transitional,True,True,True
0.7946752909747473,7,1.2519053703441876,2.589570114965025,11.763337592409313,167.35036797223546,0.2909894696747488,0.26659224109225454,0.0038540356914061407,1103.5131187447814,Laminar,False,True,False
2.564912561231612,13,1.334107225717825,1.3809521394413322,23.343393934331726,50.57298449656183,2.254111043722731,0.04553549570319216,0.09635996217425555,2713.524700177176,Transitional,True,True,True
4.27319022258581,11,0.871579499592749,3.9227455565243154,14.58737449552024,38.709023124005206,2.4846545218659677,0.024050451391188943,0.17695669015568788,3025.6310045423415,Turbulent,True,True,True
1.1984051493222196,9,2.549098262246381,2.4438518805288143,26.94188436021743,167.2520707056122,0.08109640566100125,0.27249620450946915,0.0016197725022611248,995.8360053453442,Laminar,False,True,False
4.76213467957998,6,2.37371570339832,3.190671060873229,16.74229422038992,47.76306700729417,1.034115163417643,0.04250430149953881,0.08207659470651128,5326.194371605835,Turbulent,True,True,True
0.8475009008840053,13,2.5869635798100963,1.055945217552783,39.63052653753125,128.1616273306713,0.2503566905944612,0.18934348106961005,0.003536292013685734,668.2399172810387,Laminar,False,True,False
1.7050627379527254,26,0.6264885450558904,1.4837625869413338,28.78870217145315,63.89219781801819,2.1552379940148825,0.06934460448027026,0.061246933250245925,1160.4241823743455,Laminar,True,True,True
0.6154291263605225,15,1.1398170725774,2.9155431627297728,24.097256088661,98.8231034854706,0.10857847678939309,0.124263541446317,0.001113705951867541,377.7819863101351,Laminar,False,True,False
2.1528122635812426,12,2.3741144109648067,0.5745581416971418,33.98937293157768,57.88895316434791,4.7491265669066545,0.05909345285393666,0.17039963190893548,2271.8636476594083,Transitional,True,True,True
1.5033350051881083,6,0.6331266711828463,3.643519300669354,6.298760027097078,63.31298193338377,2.7691109223038413,0.06705366403596624,0.06938168971246819,2187.686650013269,Transitional,True,True,True
0.5238368676570753,6,1.5599978178974503,2.7846063259184883,11.859986907384702,215.57523651339244,0.11857662609208695,0.3536793760034645,0.0010352468064903843,750.3752400565214,Laminar,False,True,False
2.295500261108214,13,1.3534296565253179,0.6361079638188976,23.594585534829132,44.90569214233042,13.480349262156272,0.03354243556807372,0.5157357541851607,3314.100967160976,Turbulent,True,True,True
0.8676826044806554,10,0.561038715870067,1.0350533374927333,10.110387158700672,81.65863737773245,7.81608426839261,0.09673243907766195,0.11303133924731963,2029.9570646638072,Transitional,True,True,True
4.357138179562587,5,2.495398276889663,3.45950846739869,14.476991384448315,51.01067356365134,0.8952005657744859,0.04871863492889257,0.06500854272503402,5464.372046874751,Turbulent,True,True,True
3.3071016264146236,16,0.8098293663825415,2.9463787377483537,20.457269862120665,48.64735250549993,1.5014342796918805,0.04294334994502295,0.08275659580539477,2054.7633454328056,Transitional,True,True,True
0.6203411858481467,10,0.5704356869546505,1.0958626947630432,10.204356869546505,122.65080104589026,4.2325292621389226,0.17210408797521437,0.04376020369353734,1390.1502441742402,Laminar,False,True,False
3.6272678094220683,26,0.5398560974167295,3.958079209818947,26.536258532834964,44.157490964608414,1.7147713776722624,0.03434770568387872,0.10366558364581549,1158.1824130415398,Laminar,True,True,True
2.9002028145439693,13,1.4847005377782938,2.31597463267091,25.30110699111782,60.92633663621422,0.5891206097825722,0.0668908225550804,0.028476154176621256,2191.8365294127457,Transitional,True,True,True
1.8577116143468895,16,1.7174215571149056,0.5127539866886904,34.97874491383849,64.42528764004493,5.670873106131059,0.07110428500302822,0.1755807805457848,1944.0308906163607,Laminar,True,True,True
4.369164265931912,20,1.1782422458209223,3.991380092238621,33.064844916418444,55.75776732396591,0.3442338171568786,0.058221913135917,0.025066901550786225,1577.9507968040498,Laminar,True,True,True
3.1297682243533456,12,0.8076081153524757,1.4293373946274985,15.191297384229708,39.74805277558463,13.290726680869518,0.02489820168601228,0.6932815674058438,4353.709251119294,Turbulent,True,True,True
2.089519647198401,17,1.5765541947871449,1.3054689590248318,34.80142131138146,84.20972784721889,0.7197414996874476,0.11153252671289207,0.025065233408349395,1592.5166038670038,Laminar,True,True,True
0.8412044456408501,4,2.3090276945326345,3.198295887487616,10.736110778130538,268.05896978603045,0.09536526731868,0.4690110715682467,0.0013370281138033614,1425.8862158579273,Laminar,False,True,False
3.21038183042908,18,0.6242175656199351,0.708237301379739,19.73591618115883,36.52435683517347,63.85208427565115,0.018566264486451444,3.41649285322628,4998.222361165108,Turbulent,True,False,False
3.772798924260636,19,0.7639129472972745,1.3464543524726715,23.514345998648217,37.1141803904534,10.600520073428575,0.020414117375761674,0.6665605121605767,3513.4672259114755,Turbulent,True,True,True
2.7447646722051147,13,2.4745989013750638,3.32582308322681,38.169785717875826,104.99783029126085,0.07630898704243916,0.15475281642851318,0.0034908368634307472,1359.2084631092912,Laminar,False,True,False
4.289644450674014,8,0.6239203019367624,1.9975560643176853,8.491362415494098,36.054535121377356,45.616356003456836,0.018754392814060442,3.2612991398366473,7637.817204295889,Turbulent,True,True,True
2.062438775182304,13,1.1910120727260594,2.7846008223479237,21.483156945438772,85.61910822205914,0.41668922976932754,0.11426085857586941,0.014323267077951826,1490.107220535749,Laminar,False,True,False
1.1013086165130366,4,1.9411086027017586,0.8902622679404371,9.264434410807034,75.77019545876261,5.7530720682952765,0.08847377798085125,0.1055984640039011,3631.083057000877,Turbulent,True,True,True
4.824811818161898,11,1.9824840583199903,3.471035133707766,26.807324641519894,45.77643552492876,0.44129684532620217,0.0385702939135575,0.035486237244123725,3003.27253994933,Turbulent,True,True,True
2.4893825451659435,15,1.9828980014135444,3.4138148342668613,36.743470021203166,95.59512710774443,0.09233443591291625,0.135409554321154,0.003830928884655953,1148.2989521392694,Laminar,False,True,False
0.8060301064379889,12,1.3353973271347281,1.2666503594203418,21.524767925616736,137.5364649163094,0.5548056957560378,0.2072195353987635,0.007453168233377359,963.9148324916277,Laminar,False,True,False
3.489729225903491,18,1.7371276314738842,3.1724731733265212,39.768297366529914,74.43453630865758,0.16895391720711794,0.09474543651713203,0.009826723711809303,1474.5412996617906,Laminar,True,True,True
1.9998891311539253,18,1.456880738883164,3.5297188187890725,34.72385329989695,80.67591455161205,0.11984368981214374,0.10415624351218856,0.003994568211544812,831.9798686050858,Laminar,True,True,True
4.87493829167003,20,1.0426774369430656,0.8942807125734656,30.353548738861313,35.68976857410841,18.74873484973563,0.018427628312695954,1.523315423989076,4698.971236406987,Turbulent,True,True,True
0.902037012029955,8,0.81890007782545,1.4185752869035326,10.0512006226036,105.79215525066363,2.3656555448701573,0.145631114319925,0.03556514765311287,1881.741683709498,Laminar,False,True,False
4.971154530976627,26,0.9755215851106278,0.8539976572522098,37.86356121287632,34.99390414857501,15.860688019560055,0.01709303338598414,1.3140988518807115,3902.3914456874923,Turbulent,True,True,True
3.372823858634592,5,0.7295885856712718,0.5130984992216576,5.647942928356359,38.06915966780764,989.4650897232062,0.021871753982977686,55.62152436507412,20269.627570494657,Turbulent,True,False,False
0.8562270937166501,14,1.8068389469297668,1.308125307958298,31.795745257016733,127.38153877816319,0.2650822351650828,0.18795635242300335,0.0037828431968552076,733.1481787512542,Laminar,False,True,False
3.9989846044352744,6,0.8620825442882358,1.6795695475706456,7.672495265729415,39.22276156396149,40.95388538866134,0.02484701629700411,2.7295659526843905,9791.884358170602,Turbulent,True,True,True
4.040892054217339,17,1.738911996860441,2.8586328691554352,37.5615039466275,61.113321744609564,0.27304388819916625,0.06866545620118428,0.018389014637943644,1930.5730913522348,Laminar,True,True,True
4.20015492118484,13,1.2530227258061295,1.232272336964067,22.289295435479684,39.17124873047749,9.237517739741474,0.02491634445330822,0.6466500932351235,4854.314356975985,Turbulent,True,True,True
4.903040181901404,8,2.1776702479521886,2.872443642372315,20.92136198361751,45.08699454501905,1.0321890203134596,0.03723899918950273,0.08434773736523894,4531.669095155704,Turbulent,True,True,True
2.8131325051979346,12,1.0711186137113924,0.9951009733396168,18.35342336453671,42.2879934961636,12.669766128997969,0.029460560189924496,0.5940288488456665,4236.589306193996,Turbulent,True,True,True
0.8443006197361402,6,2.0220059246017072,2.5656827500748514,14.632035547610243,217.48505242902715,0.12567938775241624,0.36792597024602824,0.0017685197494570616,1145.3436597745101,Laminar,False,True,False
1.3164970362376918,14,1.9573618236271786,1.7238817775850543,33.9030655307805,120.5857773969949,0.1958130012756769,0.18024074901190854,0.004296453930603934,953.8524285465379,Laminar,False,True,False
2.0251708017967216,14,1.55483289667055,2.345885839225584,28.2676605533877,97.00646807228152,0.2721526983143935,0.13690717824847215,0.009185928304275025,1384.7548094744723,Laminar,False,True,False
4.973520175851513,13,2.4301082286334887,1.9603800171950763,37.591406972235355,44.11949577601145,0.8234049292623805,0.035345593534725,0.06825368380970061,3253.8056571998054,Turbulent,True,True,True
3.9949863230205187,15,0.5131503082093326,1.2549883452642363,14.69725462313999,34.754583215894186,59.38193163116711,0.01590705812596581,3.9538334116842027,5624.599660498151,Turbulent,True,False,False
1.8339693132346007,8,1.7676155324172946,1.7752315799934943,17.640924259338355,75.30524341281225,0.7750342150332243,0.09276391419654423,0.02368981611796334,2416.2038015995577,Transitional,True,True,True
4.83051139556062,7,2.604141908547371,1.1965528883441143,21.2289933598316,42.927436689396785,7.220949688075309,0.03287581542045299,0.5813479959169613,6779.785777755857,Turbulent,True,True,True
1.4121741805073658,5,0.999908882298967,1.4205372630629496,6.999544411494835,58.74678512228077,9.050171914765537,0.057303344694176805,0.21300698511974667,4357.192378801946,Turbulent,True,True,True
4.01646779369339,26,1.015606930004144,2.2613009748442825,38.90578018010774,51.22542843590158,0.8700447764151631,0.04886801389758702,0.05824178039237782,1760.315859910377,Laminar,True,True,True
2.5817574277928745,15,2.1291763574003326,2.6493088216065823,38.93764536100499,97.1241970554551,0.13098933988591802,0.13867452676733796,0.005636378353535905,1344.9862042484588,Laminar,False,True,False
4.413902239253131,6,1.274032174269815,3.0161222983450973,10.144193045618891,41.83617654172262,5.01026185259855,0.030412114719345282,0.36858010017382137,6402.98415006511,Turbulent,True,True,True
3.098257665582394,18,0.7366097807242293,2.417582597840892,21.75897605303613,48.22658206497732,2.106133327618137,0.0418084976854371,0.10875572878385746,2037.702351859167,Transitional,True,True,True
4.202039867646791,7,2.5221028529992098,1.7645850539173076,20.654719970994467,47.20954900268558,2.2561640762982056,0.040994481897704715,0.15800818994262592,5229.066436774108,Turbulent,True,True,True
3.7100439802443788,5,1.5611978285780461,3.9758909361878794,9.80598914289023,47.372761427526896,1.6588288815645285,0.04086676198525626,0.10257213510506658,5003.932755022718,Turbulent,True,True,True
1.8070462316530396,19,1.5328600554694602,3.660013630683411,38.12434105391975,79.57276837715565,0.08566877966815255,0.10118205847482324,0.0025801240911608268,683.8987358853803,Laminar,True,True,True
1.8005372559332335,8,1.2749993741737127,3.1575908698562687,13.699994993389701,89.75178495839592,0.44723404921181176,0.12151130351498325,0.013421026128795737,1896.0004484920082,Laminar,False,True,False
4.369343043660197,8,0.7861124690559027,2.675994383761893,9.788899752447222,37.318125433240596,13.868884562297522,0.02134276411755681,1.0099652380933497,5890.736349068487,Turbulent,True,True,True
3.0527910751763434,15,2.1776409278169897,3.8581361459328494,39.66461391725485,91.5646423183316,0.07440883179786356,0.12841544308595423,0.00378591029378026,1259.0892911009,Laminar,False,True,False
2.059381437920327,22,1.249417304339447,2.5342885003763884,37.987180695467835,74.71327983486839,0.24913597750031335,0.09243884328518397,0.008551100126371357,923.80572391973,Laminar,True,True,True
2.432383066573978,28,0.673192483761232,1.0188476193375755,32.349389545314494,50.64904165053113,5.122053397513422,0.045381920829141796,0.20764659916998934,1917.1106724593585,Laminar,True,True,True
4.709187214667878,16,0.6707286291753043,2.565509574382173,18.23165806680487,35.191158640967615,7.633451989726896,0.017326508973661225,0.5991225752300495,3396.013360349301,Turbulent,True,True,True
3.895587630580506,22,1.056870369833462,1.8197521079728538,33.75114813633617,44.78903722171307,1.6131731868156771,0.035884055779121224,0.1047376252090548,2298.5360766860126,Transitional,True,True,True
2.780678511809008,4,1.3539882368891512,2.771497403521675,6.915952947556605,50.97954972827944,4.639737928019757,0.04678396923036171,0.21502699261449648,6292.15781347296,Turbulent,True,True,True
1.518788827628207,19,0.5039276270456354,1.7092920418237196,18.574624913867073,65.03504414954654,3.6661959567621323,0.0705951875399979,0.09280295765043386,1348.6621480112665,Laminar,True,True,True
2.1274825963741124,4,2.87151029346636,0.656732493820827,12.98604117386544,53.01217526496389,18.816224060223718,0.04926031239381076,0.66718648696003,5629.002730251856,Turbulent,True,True,True
3.9779103260651087,8,2.2905141299429483,2.6892336679117133,21.824113039543587,49.192198845668585,0.7267920327810724,0.04476682659590363,0.04818522553502798,3728.5635559240504,Turbulent,True,True,True
3.4353089839736373,9,0.9398692177188857,2.842109004663618,12.458822959469972,41.08731701774901,3.9833281441242843,0.02798567360051718,0.22806604932708646,3768.670506705173,Turbulent,True,True,True
3.816402838888617,13,1.350914207468863,1.0829419725086156,23.561884697095216,40.23512233459516,8.934069879536903,0.026699580506287006,0.568266827518232,4504.015156563662,Turbulent,True,True,True
4.292615241148326,18,1.6662101640004159,3.7663356455962953,38.49178295200748,64.67596474083385,0.176404759859188,0.07599957372477247,0.01262062934637768,1639.192498413544,Laminar,True,True,True
3.3970565221273517,9,0.617723609385797,2.0867435891105988,9.559512484472172,37.67092579334726,23.179824897940097,0.02110572147756462,1.3123862558552897,5211.496399551631,Turbulent,True,True,True
4.042422488283226,10,1.3128366567242424,3.2455355241761454,17.628366567242423,42.769151346433794,1.3352693125329198,0.031978463646476565,0.08996204494829264,3311.431812873362,Turbulent,True,True,True
3.4466075688332998,5,1.214352220943475,2.145165839950664,8.071761104717375,44.7939943974155,10.572080928941581,0.03541276050776755,0.6072969024668039,7661.763633284328,Turbulent,True,True,True
1.3176671001134772,22,1.116451320199316,0.8144751508234531,35.061929044384954,86.31585333431967,1.7604493182474383,0.11171060723877539,0.038661435801197505,1158.2469954385408,Laminar,False,True,False
1.7012278065450293,9,2.652781117244223,2.3380169196969516,27.875030055198007,146.00026654967388,0.11870352653232073,0.23354171684885117,0.0033656956678623277,1414.2750003089252,Laminar,False,True,False
4.6539926313610716,6,0.5394689913217916,3.697164918554933,5.73681394793075,34.79747631748272,38.69812444211725,0.0165029036018772,3.001679766685124,6836.556383452143,Turbulent,True,True,True
1.292111144160983,17,0.6454439179324818,0.9416519670027936,18.97254660485219,72.16231570527074,5.455428707138699,0.08318752955918027,0.11748367047782761,1788.2641993657942,Laminar,True,True,True
1.6314849897682375,9,2.731040030438022,1.336805312698838,28.5793602739422,123.9140684678109,0.383590865136198,0.1890077227080634,0.01043037897803199,1664.025728987463,Laminar,False,True,False
1.9381935110114066,13,1.0575363488169347,2.4100963654714667,19.747972534620153,81.71469583887577,0.6668665357331315,0.1060047597542392,0.021541939871143532,1605.4788487553074,Laminar,True,True,True
1.4750227143258936,13,0.5967351771757721,2.631288856682973,13.757557303285036,73.29016561357433,1.8231200938636738,0.08682429609898701,0.04481905915654791,1312.5096141152267,Laminar,True,True,True
3.5984221645503065,14,1.7769644099856263,1.8190608847142087,31.377501739798767,49.05100603195757,0.9331088893010133,0.04410293336837856,0.05596199515332807,2668.9794903436978,Transitional,True,True,True
4.065713518184454,4,0.5972268649966085,0.6699799108632749,3.888907459986434,36.57956613766269,1701.5062565305036,0.019619686283511916,115.29728314085823,29951.128672767205,Turbulent,True,False,False
4.7721687286617565,19,1.2859616055860552,1.8927249224168008,33.433270506135045,39.65240345033892,1.8987248796843958,0.026289328145836077,0.15101725825269882,2950.5187935238423,Transitional,True,True,True
2.6893096223150854,6,0.8835058434216863,2.5960159630482273,7.8010350605301175,44.353380311881295,7.610592540592565,0.03335580612733988,0.34112066251558326,4810.097612698294,Turbulent,True,True,True
1.651095346350533,4,1.4580497245156376,3.8315390493610813,7.3321988980625505,71.94224421420238,0.7036567805930061,0.08516883584806936,0.019363407264418504,2913.8966808868695,Transitional,True,True,True
4.157744088799189,4,2.0167775674491826,3.6275584923890456,9.56711026979673,49.85413817785062,1.8732021296795283,0.04624717506893208,0.1298049180300185,6876.521369670359,Turbulent,True,True,True
3.7231158907368695,6,2.4712978947258404,2.586118577862938,17.327787368355043,52.015885011469685,0.9910271792135337,0.05016662753527115,0.06149515065136738,4581.529451172241,Turbulent,True,True,True
3.3942846352537903,8,2.9976325453422485,1.7572078155823654,27.48106036273799,53.494432008738315,0.8122856198269821,0.052749274542175074,0.04595214331360545,3332.0094747767725,Turbulent,True,True,True
1.5794018541160753,15,0.9624307168999275,2.710192272746295,21.436460753498913,84.20946039793398,0.4732675302931343,0.10930764023209186,0.012457993580631868,1070.5548737013198,Laminar,True,True,True
1.1392389348939638,10,1.578466174542627,2.3316663374526794,20.28466174542627,139.481674830147,0.2066897441212842,0.2163317822383649,0.003924483399103962,1087.9457511270025,Laminar,False,True,False
3.9034562936387336,6,2.414786985257937,1.227121295992333,16.98872191154762,46.15502082987555,7.179950023922921,0.03862346947006091,0.46711035181489174,6670.416673492752,Turbulent,True,True,True
2.7003925830828908,7,0.9449569733107089,3.1382473751626714,9.614698813174963,45.161789998403066,3.229466573125944,0.03499458690670845,0.14534712635639033,3527.8624856268275,Turbulent,True,True,True
1.606702462306011,17,0.7730558733507477,3.022122599373551,21.14194984696271,70.48796316184931,0.6300603547722059,0.08201946191699942,0.01687199205689837,929.9042463604335,Laminar,True,True,True
1.8313008385139504,10,1.7957000330049184,1.6628524507846374,22.457000330049183,91.07727604440716,0.5583527436808938,0.12429654584912017,0.017041864128156427,1977.1937123303262,Laminar,False,True,False
0.9673322958083779,10,1.100763082037331,0.7587932517351132,15.507630820373311,98.21706760735759,3.847471641181204,0.13155778561059694,0.062029726262024035,1942.4517731621997,Laminar,False,True,False
1.5501580192817883,10,1.6281758247623537,1.1859799524914851,20.781758247623536,87.23449350039014,1.1935534510640573,0.1151858215190657,0.03083660756014003,2056.893161054104,Transitional,False,True,False
1.304282191662133,18,0.7707536619223669,1.1602663791881174,22.373565914602604,83.81704881794224,2.2699000138857253,0.10660092283077488,0.04934316941607967,1401.187245003723,Laminar,True,True,True
4.721210928479398,12,2.1670065867436548,3.72385932210043,31.504079040923855,52.04672098252348,0.22520307011489696,0.05104541601708649,0.01772051992922606,2493.8878388700664,Transitional,True,True,True
1.6558112366050268,17,1.4056820171349598,1.0046824339286997,31.896594291294317,89.14221150787847,1.220535395221038,0.11959359335010925,0.03368293703468587,1508.9091338422952,Laminar,False,True,False
4.121181950018886,27,0.6491253296568753,1.9169849362723819,30.526383900735635,39.66405105794846,3.9315466632117544,0.025836294767829258,0.27004365240142103,2221.0923061164403,Transitional,True,True,True
4.186916008302395,14,1.795164238499233,1.7377187252625326,31.632299338989263,43.60697455673797,1.4381876190920957,0.033776962704561944,0.1003595127553167,3160.9735336555964,Turbulent,True,True,True
2.5579840974770147,10,2.888557584879648,0.6847418327525461,33.38557584879648,51.68964587611101,4.0103159558276475,0.047753622136060894,0.1709720740144243,2673.0822900180515,Transitional,True,True,True
4.521516715497435,19,1.4778267398364093,0.689017074317714,37.07870805689178,36.797348753269254,15.803554028089259,0.020412054530459942,1.1909338950378732,4100.972227272243,Turbulent,True,True,True
4.995360462909583,5,2.7859737562515043,2.546796343361809,15.929868781257522,48.58975808198279,1.7846885300538322,0.04429876841359842,0.1485860420273189,6995.646623728152,Turbulent,True,True,True
0.5959125744572332,11,2.140640020292836,2.6469976643265545,28.5470402232212,149.67859772924285,0.04030047605970045,0.22520873135046324,0.0004002593406764698,422.52507224491967,Laminar,False,True,False
4.569398164484784,9,1.3617724044959696,2.2903101402121844,16.255951640463728,40.81527067147895,4.00212212714025,0.028481248395005238,0.30478815836330997,5191.104905223438,Turbulent,True,True,True
2.89326491004896,12,2.3060204926333787,2.522624853274643,33.17224591160054,85.12825571328739,0.1866244198324478,0.11528276243946381,0.008999231420991108,1864.5135430578382,Laminar,False,True,False
1.1308474608604215,18,0.7235900728332254,2.036005573159336,21.524621310998057,79.31393500682006,0.8826725934563757,0.09590256981722754,0.01663613435135376,850.0999057249934,Laminar,True,True,True
3.8183042548372153,10,2.4856099821483224,1.638169596997172,29.356099821483223,47.72923533559869,1.2352681436235986,0.04168968420071919,0.07861049347771425,3457.4744917250355,Turbulent,True,True,True
2.4622394857978636,22,0.9208542788179959,3.875767066337748,30.75879413399591,58.93522486860445,0.3341679569104807,0.06202602497722796,0.013713358973223073,871.2766435455153,Laminar,True,True,True
2.143954426237204,21,0.6078164169062081,2.4481289015532433,22.764144755030372,58.62742287534303,1.721332825481747,0.0605427751769398,0.06150765217031641,1247.4828180290817,Laminar,True,True,True
1.956162100414029,4,2.7154004288944766,3.184071131536297,12.361601715577907,81.63608066352376,0.3007766032644811,0.10591572935612138,0.00980612986662074,3095.391845701404,Turbulent,True,True,True
3.3281428861981284,22,0.8814390364000564,0.7555094239969722,29.891658800801242,37.86913246715026,17.59609654257849,0.021414420103155526,0.9760387255506346,3450.866621290587,Turbulent,True,True,True
3.265799809174524,7,1.0950916493287108,1.5246942823565863,10.665641545300975,42.9641150837558,14.858668923585238,0.03152184451724202,0.8087573022538684,6649.815725173687,Turbulent,True,True,True
2.2643922974063453,17,1.7388021303062642,1.8659063918094438,37.559636215206496,90.53283600640316,0.3039573020221068,0.12471060119213509,0.011471309557321212,1379.801113848723,Laminar,False,True,False
1.1574598307090533,7,1.5596860071948395,1.9585056921034092,13.917802050363877,136.92398285421052,0.4556164342200989,0.21141524620144314,0.008789295347010971,1754.980459320989,Laminar,False,True,False
3.202793953201052,9,2.113055342449406,2.942660700703326,23.017498082044654,58.99345132098574,0.35150858227497966,0.06349383389447456,0.018763492696809658,2628.3773367277286,Transitional,True,True,True
0.965093207580574,20,1.2623055014320301,0.5607173671043533,34.7461100286406,93.3935823642613,2.6709512442888173,0.12187630088369719,0.04296194839403366,988.3961468864538,Laminar,False,True,False
2.5458868043617233,9,2.335817325448697,1.084909313127514,25.022355929038273,53.18176046215025,2.316566164318119,0.0507111198076658,0.0982952538194725,3087.8920395073615,Turbulent,True,True,True
3.341725057064799,15,1.2667354948253804,1.836707661833947,26.001032422380707,46.15186069145541,1.6246332430151305,0.03799745046891782,0.09048462694540176,2680.5231225058915,Transitional,True,True,True
3.7208719033325095,5,0.9980610376767516,3.8159454779166206,6.990305188383758,41.819336455648696,6.063568112783036,0.029771199429366617,0.3760293370799555,5772.340453106833,Turbulent,True,True,True
4.989928787573712,8,1.2492812536588203,2.823533289254991,13.494250029270562,39.60483778916779,4.546752343786263,0.026325792054459302,0.37813284017045534,5718.651393174775,Turbulent,True,True,True
2.8387102412049057,12,1.700778750776683,3.1275716129364075,25.909345009320194,78.48234509147542,0.23702904630872415,0.10189535510009587,0.011214279686993452,1829.4685112228672,Laminar,True,True,True
4.358119587219175,24,0.8794015851185489,1.858478397902371,32.60563804284517,39.7444716628518,2.6783065811764457,0.026186974867104702,0.1945396728667182,2476.608686220975,Transitional,True,True,True
0.7547849774386912,6,2.4307052097966224,1.1895995519895561,17.084231258779734,216.18696227510145,0.406732593534109,0.36330839748495514,0.00511659419057038,1297.5101468097282,Laminar,False,True,False
2.9384921800597263,15,0.5914643335545678,3.6417749675608038,15.871965003318518,50.00415172648151,2.2150652759225657,0.045111107022272744,0.10848253319367167,1728.0024653780913,Laminar,True,True,True
4.913101783034499,4,2.071277156481934,1.1011424885928585,9.785108625927736,42.608003604698595,40.29524944469281,0.03228702791051692,3.2995776982423353,14457.361363903292,Turbulent,True,True,True
3.736659421487915,4,0.6760156349219475,0.7838530899509064,4.20406253968779,38.14732419755507,754.3143147467121,0.02244351512536473,46.9769281826917,23894.26174362261,Turbulent,True,False,False
2.997249713201688,9,1.3314645208401439,2.0379195345856336,15.983180687561294,46.36538543780131,2.583447611096911,0.0379295781847114,0.12905396019053,3690.7429466780477,Turbulent,True,True,True
1.868534639949642,6,2.82596742609445,2.70884608233417,19.455804556566697,116.53523294720281,0.15167176563406307,0.17536904409138912,0.004723399133159508,2101.023005443169,Transitional,False,True,False
1.2827191947060799,7,0.7897050070325918,2.7891656061868835,8.527935049228143,85.87841729723486,1.4569941640911919,0.11053818792948615,0.031148573014241857,1911.927645377653,Laminar,False,True,False
1.1135702856820893,7,0.7140848813417981,1.8390352729665036,7.998594169392587,72.85875664978683,3.6376959813618903,0.08279477855994713,0.0675138358864958,2326.656320936317,Transitional,True,True,True
1.6206019833555434,11,0.86531968889642,1.3967199737396803,14.51851657786062,59.40000020224277,3.5831296773656893,0.05992035348093697,0.09678045102931575,2432.021233094936,Transitional,True,True,True
2.9158239351921864,7,2.3952390002281283,3.484718251382488,19.7666730015969,66.53541367960177,0.2320603301615477,0.07813555906604054,0.011277451084894035,2645.2881405317203,Transitional,True,True,True
3.53608359694034,8,2.6611504820925895,2.2409992144487854,24.789203856740716,53.11891169260385,0.6264395246515102,0.052168243857096064,0.03691904212658848,3366.8972621808343,Turbulent,True,True,True
3.692364144989434,5,0.6658972018652621,1.2791228356704463,5.329486009326311,38.3463522781437,172.29606359749334,0.022795371343546825,10.602996792503395,14177.326393615323,Turbulent,True,False,False
3.2429954061289776,7,2.8149146190265997,1.1027647885761387,22.7044023331862,48.754466557025324,3.765314989041068,0.04307156222274343,0.2035149868681461,4415.737991690415,Turbulent,True,True,True
3.532525626131011,10,1.0572783100386194,2.2958121007159047,15.072783100386193,41.46758860118629,4.0067358813113225,0.028861498781089404,0.2358982862978478,3933.9057829139224,Turbulent,True,True,True
4.2015930858365,11,1.90357528950317,2.3297784530174246,25.93932818453487,45.22486394466628,0.9822861652257797,0.03702474762070315,0.0687861126687581,3369.1522856196466,Turbulent,True,True,True
0.7353726160892389,7,2.761608945216044,2.963989897091397,22.33126261651231,213.65471733234733,0.03704081947649753,0.35774061594483436,0.000453980072008687,685.1290684932827,Laminar,False,True,False
2.6095902028615026,12,1.6469976526151384,1.2074704114066424,25.26397183138166,50.890781352500355,2.3217680343750056,0.04626714385102884,0.10098105193036705,2844.787137610395,Transitional,True,True,True
0.709397643097202,6,0.8581097111179208,3.5426722770910963,7.648658266707525,141.42671616841739,0.48142794885789075,0.212568090884371,0.005692064204015132,1003.2115726487239,Laminar,False,True,False
1.2926644915120753,28,0.8452369705510155,3.0744078558021553,37.16663517542844,58.68817770314607,0.23863569816469693,0.056244020983640175,0.005141264890411616,439.8098676964264,Laminar,True,True,True
2.504521252654257,11,2.859087596612677,2.8251360378676584,36.44996356273945,117.48399979717009,0.08467579996675291,0.17922224143774676,0.0035345390100372212,1495.7009761237994,Laminar,False,True,False
2.891251492190473,27,0.6010634580241604,3.8273109104504166,29.22871336665233,46.87780339992918,1.0178417257205352,0.03877839417941719,0.049047273471720394,902.9457835092461,Laminar,True,True,True
4.803933246877616,21,1.190349671388824,2.6990341896009675,34.997343099165306,45.07571015183623,0.7771658233708912,0.03715588046657066,0.06222421228714069,2196.24486192081,Transitional,True,True,True
1.4086185986294357,11,2.4269730978109836,3.7893760368188727,31.69670407592082,132.59428247165454,0.03752255890619661,0.20497261761036784,0.0008809162390572853,769.2176343554472,Laminar,False,True,False
4.999762658545401,20,0.6005809235662014,1.2080676528714533,21.511618471324027,33.75968940409905,38.22342827422495,0.014641167501266508,3.185134489450973,5161.181109390209,Turbulent,True,True,True
1.152852943638833,18,1.6356216515549125,3.574877948145281,37.94118972798842,87.58346623633743,0.051347985168816786,0.11268453088346748,0.0009866112641965595,458.9928684492082,Laminar,False,True,False
2.5192547108048977,8,2.171200994586033,1.8177469988557668,20.869607956688263,59.19495457485395,0.8783535867682922,0.06267775414049803,0.03687994018697331,2947.865165405604,Transitional,True,True,True
1.9384849189000182,4,2.138868775296049,1.728133508288876,10.055475101184197,65.68611250522538,2.377687002813513,0.07394870921443132,0.07681850661364299,4679.634172475414,Turbulent,True,True,True
2.6744983811045655,18,1.4177814731404057,3.4532465769638767,34.0200665165273,76.37245437365337,0.1779527822303684,0.0973643209266267,0.00793224046646956,1139.02459181689,Laminar,True,True,True
2.5831301290976887,14,0.75929098833374,1.7687215759993782,17.13007383667236,44.15121382791507,4.745256946393229,0.03273152232136816,0.20429360314230738,2725.3539797344934,Transitional,True,True,True
2.2867173525338678,15,0.9515557980612245,2.557381205996087,21.273336970918365,70.03902685148734,0.8044618371792315,0.0837850269763204,0.03065961404215039,1622.2939697780257,Laminar,True,True,True
3.37850739557759,10,2.226282832301761,1.554516437123276,26.76282832301761,48.826327628696326,1.4440598809605443,0.04339326738846671,0.08131278312470155,3336.761381646099,Turbulent,True,True,True
0.8932445667352398,11,0.7322460502295429,2.3033248853335384,13.054706552524973,103.31147789100626,0.9211920650179533,0.14051272802166265,0.013714163449948373,998.8981505884144,Laminar,False,True,False
2.3888236116406305,6,0.882167929751786,1.0455337502217443,7.793007578510716,44.90465740857525,45.51787816616161,0.033785272964216635,1.8122363685851397,7712.175497591059,Turbulent,True,True,True
2.5778058652731497,10,2.0487781689595517,1.2526367901263153,24.987781689595515,53.83759258185807,1.7670768270536268,0.05209277354395092,0.07591968348611844,2915.6406037109496,Transitional,True,True,True
2.427668033268623,16,1.0956423224468745,3.7255424560791313,25.030277159149993,72.54608410444546,0.3075462473665865,0.08916451532612649,0.012443669891393108,1175.1665935381047,Laminar,True,True,True
4.973943634741304,29,0.629767970188742,2.3598269290698006,32.263271135473516,38.09070856037584,3.3922651257912295,0.023288265434172853,0.28121559216306996,2142.271029104484,Transitional,True,True,True
4.661818077228591,20,1.0333745332802484,2.398118596112555,30.16749066560497,40.485637337415326,1.5982636781234578,0.027884416033543916,0.12418024178089655,2536.4487358442384,Transitional,True,True,True
1.5567395737772778,11,0.9778849826856163,1.0388561934321991,15.75673480954178,57.940044340253536,5.079986083300789,0.05663617039243857,0.13180358950186957,2620.336172217804,Transitional,True,True,True
1.953534433258281,12,1.4540263548854213,1.156865359582142,22.948316258625056,64.22961391441106,1.853945366960922,0.07109290084179368,0.060362435195630344,2328.27814431784,Transitional,True,True,True
2.103302382436596,13,2.409446496462716,0.690741580829068,37.322804454015305,70.74624540267443,2.265802249311925,0.0846506911972825,0.07942778781846617,1948.7414227346417,Laminar,True,True,True
0.8234974998538713,18,1.4405568499301933,1.2821506036013837,34.43002329874348,107.07134658877405,0.31753404431894716,0.1466679911677019,0.004358141526919023,627.4407145301874,Laminar,False,True,False
4.063282285522578,6,2.126307345188317,1.8873348825212655,15.257844071129902,47.12330924044627,3.501446262254713,0.04070505468970026,0.237122742852147,6300.441509076819,Turbulent,True,True,True
3.369278598107035,19,1.237981636146246,1.541250699074561,32.521651086778675,47.82484480201457,1.612464976650471,0.041378634837621664,0.09054739560042653,2382.5518754251666,Transitional,True,True,True
2.6740833783669835,8,0.527165444983416,1.3252874280862978,7.717323559867328,39.000321970078076,73.37531244311529,0.02261922108243369,3.270195056443645,6737.855397323704,Turbulent,True,False,False
2.5185060130194383,21,1.150352775735382,3.4858625885574233,34.15740829044302,66.85893866453844,0.23603623817179747,0.07800402421877713,0.009907644752102669,965.9263029798028,Laminar,True,True,True
1.0092133289321277,7,2.2870936367955057,2.2637713287859498,19.00965545756854,196.71680740878776,0.12762982939542727,0.32917461426411815,0.0021467620832533118,1182.9731443169467,Laminar,False,True,False
0.9349274179590501,30,0.5454898392744285,2.405862691186787,30.864695178232857,56.13795618069945,0.7091758636262562,0.046883943809215456,0.01105046598431625,394.2933483146102,Laminar,True,True,True
4.136492718572966,24,0.8137592475759174,0.7770231993733017,31.03022194182202,35.51159325494301,25.477713847506987,0.017544303699048094,1.756472963601638,4045.7042265007217,Turbulent,True,True,True
4.293629234391804,13,2.446538864064089,1.5081447088633075,37.80500523283315,45.316048325582955,1.1845355738132846,0.03728053259422932,0.08476594281502983,3118.554541867718,Turbulent,True,True,True
1.023629851568652,11,1.0324690892341892,3.0656947809226938,16.357159981576082,106.67301061990676,0.2907363085273255,0.1492878405471077,0.004960106072390734,847.9003881413266,Laminar,False,True,False
1.4700338796061287,10,1.0402463044190629,0.6129384637459939,14.902463044190629,51.55921055091651,19.11296159127247,0.04332927704506106,0.4682783513130199,3320.3957225719587,Turbulent,True,True,True
3.1858685973928313,14,2.13372617237021,2.490097046546275,36.37216641318294,77.7529242522811,0.21032128608958564,0.10098890972448316,0.01116759967860141,1837.7333594574704,Laminar,True,True,True
3.4408654669644556,6,0.9505685890596298,2.031215329498251,8.203411534357778,41.79827405120816,16.20959894179533,0.029414352211887936,0.9295841538694524,7181.648928730403,Turbulent,True,True,True
4.462621134684278,26,0.5003122663429842,1.4012804924111628,25.50811892491759,33.73748460501312,22.553771653192754,0.014250323204575501,1.6774823007730193,3370.4124621944134,Turbulent,True,True,True
2.693941021293854,9,2.5531951082548034,2.751518152006728,26.978755974293232,85.35276857952235,0.1737142656216307,0.11536378197507696,0.007799599769034126,2107.0146600751896,Transitional,False,True,False
4.635785610307291,5,1.4770380573925932,1.3099637580849963,9.385190286962967,41.4510340369005,34.31469795781443,0.029797875036097977,2.6512597169146193,12422.241957359724,Turbulent,True,True,True
1.592211131748539,14,1.9423020452491322,0.6630566317391628,33.69222863348785,87.53476557313742,2.235134785852817,0.11603155048601121,0.05931344144988737,1630.0052250794024,Laminar,False,True,False
3.660045301227425,4,1.7732854441752357,3.116066239819071,8.593141776700943,50.0257158847492,2.9066651378489032,0.04611968441900144,0.17730876800042406,6988.099657613785,Turbulent,True,True,True
2.8079023945255814,8,0.7591516167717234,1.209177345340577,9.573212934173787,41.09934450494763,38.01149079554537,0.027073734010086187,1.7788759337383158,6658.528062206376,Turbulent,True,True,True
2.303510361555568,12,1.8786357704544465,3.7852309111671794,28.04362924545336,103.28884159380362,0.10195675778076596,0.15033053376906422,0.003914307466310094,1265.551429778369,Laminar,False,True,False
1.5787407967992553,11,0.8813647787332541,2.9981359267281693,14.695012566065795,87.67625998676948,0.7022540906535649,0.11623742429413747,0.01847795304389909,1381.4214921712583,Laminar,False,True,False
1.3114600087137052,19,1.438528864771781,2.149568026927927,36.33204843066384,92.03135435923775,0.17727425688033252,0.12308992013156769,0.0038748016412166082,718.3253378751771,Laminar,False,True,False
2.93921341130975,9,2.1604520306520527,1.6297193144360222,23.444068275868474,52.35442740025418,1.281873758309175,0.0498128600556466,0.062795009033806,3217.4637623155986,Turbulent,True,True,True
2.985965075150687,27,0.7074778155818185,2.409902409476923,32.1019010207091,53.175972660618555,1.295493048629794,0.0515326078361617,0.06447161663848426,1324.6925089073318,Laminar,True,True,True
2.3422600549381687,20,0.706235432371456,1.5567725739951697,23.62470864742912,54.21281270867341,3.014308012969589,0.052281827086559145,0.11767155420097854,1932.4262255687063,Laminar,True,True,True
3.2265223806346004,16,1.1724711295140846,1.688503694078228,26.259538072225354,45.88200193640989,1.9799801429226844,0.037303977963137606,0.10647417073920228,2631.9919712580645,Transitional,True,True,True
3.8576380095907483,10,2.8503330857349036,1.7263182184672299,33.003330857349034,50.07466947796105,0.78944867957174,0.04641898028047801,0.050756787215619534,3147.4406128339765,Turbulent,True,True,True
1.3796961789222135,5,1.3795992324490653,3.9650871994311156,8.897996162245327,115.2807735949689,0.32114478152668885,0.1701314440732928,0.007384703799219695,1927.8583619785552,Laminar,False,True,False
2.5874071633309663,15,2.19820838202966,3.698258233256986,39.9731257304449,97.26322690270369,0.06604339963003093,0.1389647572855315,0.002848019421557862,1092.3594499150602,Laminar,False,True,False
3.3307770981374754,6,2.0185252383332006,1.9065671762279064,14.611151429999204,50.09317150391308,2.7256317908274044,0.045865917776174756,0.15130786578072253,5281.14789703581,Turbulent,True,True,True
2.4005744124746315,10,2.9483114534260126,1.475068547581984,33.983114534260125,86.05190681573455,0.39486661233718345,0.11610925943601494,0.01579844476528637,2026.4916544082655,Transitional,False,True,False
3.879570686687216,8,2.091149684042113,1.6524939926603979,20.229197472336903,46.07081291058766,2.799001552811656,0.038432356271021116,0.1809820729380017,4837.0778111322015,Turbulent,True,True,True
0.768281776542589,15,1.76067413273491,3.197280627859365,33.410111991023655,107.50428318311758,0.04167739386514241,0.14627797317091154,0.0005336663700062802,385.75415283842847,Laminar,False,True,False
4.572982790847297,8,2.620052027865657,2.8932154994435098,24.460416222925257,48.49564571927915,0.5677693621204456,0.04384446712848181,0.04327332536911908,3871.545879217949,Turbulent,True,True,True
1.3795533957046977,12,0.8162359224890982,2.959532607030127,15.294831069869177,87.27819473430584,0.6886986561545421,0.11412520684051998,0.015834942828587675,1136.9354367536725,Laminar,False,True,False
4.001286412241946,14,1.9600389429414915,3.7889459468560727,33.94054520118088,68.67742611401633,0.1503508326163295,0.08375841549914156,0.010026612393616373,1856.3691110853083,Laminar,True,True,True
1.7678116392875305,7,1.3369185540990136,3.0504876080133725,12.358429878693094,82.7855772128024,0.5222503890144135,0.10743093569641968,0.01538733860536868,2149.3839671266437,Transitional,True,True,True
2.7037949180389473,4,1.923605401444218,2.3074299037715056,9.194421605776872,56.72785398635547,2.755085664424453,0.05813342064988504,0.12415311030387988,5965.55705651495,Turbulent,True,True,True
1.1091670690452935,11,1.3119114917164583,1.1730514978229154,19.43102640888104,121.03681695599532,1.0386905978910876,0.17909959797330544,0.01920135676846269,1515.1940419574328,Laminar,False,True,False
2.422116395318219,9,2.40198903475558,0.8621358740460114,25.61790131280022,51.93446544159161,3.6648674588996726,0.047927691459836205,0.14794559264781862,3078.7159900597917,Turbulent,True,True,True
3.4936794212777182,7,1.1692758121725586,2.1526649890018197,11.18493068520791,43.241171786970284,6.565993966036247,0.032363369941684164,0.38232463332290845,5610.182897193895,Turbulent,True,True,True
1.3999458277289363,7,2.870689973170811,1.2761085058754857,23.094829812195677,133.63242178508835,0.44901771335546325,0.2069856076663528,0.01047667457313947,1800.8774371347629,Laminar,False,True,False
3.6571547798850923,7,1.611909843581569,0.7373961823241753,14.283368905070983,41.28353010275262,43.814911739752986,0.028632205302740663,2.6706318983213513,8304.043307197551,Turbulent,True,True,True
3.63674199212609,9,1.5415402993111962,3.620755864238568,17.873862693800767,48.22976702821491,0.6603858154750109,0.0425025930782256,0.04002754710237339,2922.879841969045,Transitional,True,True,True
1.7329634985791207,17,0.8525996117071126,2.6243826310485914,22.494193399020915,74.94780492274239,0.6509140853706947,0.09159169956255117,0.01880017251097379,1094.7675553279023,Laminar,True,True,True
1.921828191257892,10,0.587360694291822,0.9998791503874718,10.37360694291822,43.02171480214947,38.56353307315316,0.028555573259356433,1.2352080835748638,4521.222701847953,Turbulent,True,True,True
1.0369490423502685,7,2.3616264241515683,1.5375553502365045,19.53138496906098,182.49080715387373,0.28307517770635704,0.3011040052565026,0.004892242240595651,1418.6321239657295,Laminar,False,True,False
3.088266571905047,10,1.2283673873163155,2.29372065070194,16.783673873163153,45.58156273144017,2.0813761716647545,0.03650343269324911,0.1071307409085327,3274.149231628595,Turbulent,True,True,True
4.2284419052219455,5,0.8893299158817807,1.7080677669049553,6.446649579408904,39.28434391234882,55.28157048811677,0.025165454733561098,3.895915153973896,12157.822877628756,Turbulent,True,False,False
1.6422405818223018,10,2.157956280507891,1.3085624790248631,26.07956280507891,108.44762978072504,0.5579891887647273,0.15813261322626354,0.015272541500125665,1768.9971044767697,Laminar,False,True,False
3.4542042725789104,14,0.8811251701881491,1.40438692442358,18.835752382634087,39.09118422888648,10.01441900087807,0.024016322595912024,0.5765308150038074,4031.070135941691,Turbulent,True,True,True
1.54774688980118,26,0.7377929731834921,0.5880232538158157,31.682617302770794,64.45036872400695,7.993734923702594,0.06960311035496362,0.20620463943426273,1676.5911091453308,Laminar,True,True,True
4.879081903985844,11,0.7410248359147884,0.9371057078872751,13.151273195062672,35.22391985351959,108.34672702252972,0.017498437811562916,8.810542586195314,9869.6915058258,Turbulent,True,False,False
4.419338382858392,7,1.5901813281133157,2.7715819200404734,14.13126929679321,43.565561492156114,2.593437692006667,0.033874894977057396,0.19102131226394573,5404.817378063601,Turbulent,True,True,True
4.7074317058868465,21,0.7484432785892648,1.3529885951136627,25.71730885037456,35.0651266166809,13.897996881829336,0.017073305344387862,1.0903978528306657,3983.2110231979577,Turbulent,True,True,True
4.371351815618334,5,2.985641803892977,1.5986808527526737,16.928209019464884,48.46195161638321,3.842084538275644,0.04363192994331746,0.2799183870358394,7121.221209047407,Turbulent,True,True,True
4.297211465159814,8,0.6973738380552792,3.4780828341456624,9.078990704442234,36.547069895839556,11.093969411366897,0.019745369657262517,0.7945522091443018,4803.708596441317,Turbulent,True,True,True
1.0885744696227757,14,1.9356862029408581,1.018378282190271,33.59960684117202,120.38750097954127,0.5230888513879303,0.1775555357513306,0.009490352816086718,982.8653720289047,Laminar,False,True,False
4.678675835426786,6,1.0845481856526946,1.5422239383085374,9.007289113916167,39.211762540148534,36.436174885615934,0.025347788713430977,2.841217516211926,11084.936348931013,Turbulent,True,True,True
1.077080075981557,15,0.7687229606738208,1.640848379283101,18.530844410107314,94.04191048426517,1.2297309324684982,0.12472327913259895,0.022075311436334014,1112.758297210405,Laminar,False,True,False
3.2129160692682746,14,1.8753354267435183,1.4436337568305673,32.75469597440926,51.531801010578576,1.1559293862433824,0.048584688440611264,0.06189840166667961,2581.9749346705407,Transitional,True,True,True
3.629360370237313,7,0.5706567529409265,2.1415820101820056,6.994597270586485,36.979277481790234,47.599605705064505,0.019993566109398758,2.8792687097480503,7138.1888092655,Turbulent,True,True,True
0.7351886705640467,27,0.5389378607171977,2.1418456620227597,27.55132223936434,62.35781954639002,0.7513404924002849,0.05514192421934588,0.009206283629145029,379.2775991080593,Laminar,True,True,True
3.9515714081510525,12,0.7505500943648614,3.073279421979095,14.506601132378337,37.80628030733602,4.676180119614787,0.021970876856631825,0.3079709943339026,3215.6884376015496,Turbulent,True,True,True
1.712569052271598,10,0.870239314363191,2.2339686475869347,13.20239314363191,69.18614920090039,1.5742574790408936,0.07996949946256268,0.04493374398187564,2060.066216608559,Transitional,True,True,True
0.5118316702678292,21,0.9839668975208528,2.71106940541412,30.66330484793791,82.45448533167291,0.10358938231627346,0.08679352909977547,0.0008836721095491827,246.30489758820758,Laminar,True,True,True
4.434626773414083,4,1.8963819804358253,2.7287125703676067,9.085527921743301,47.28114037011234,4.619957509839976,0.04131727858985859,0.3414631210861968,8950.769324818726,Turbulent,True,True,True
4.695759415322358,5,2.1378594866123914,0.8606144586475843,12.689297433061958,41.23888520406102,44.724227000429366,0.02941322383683823,3.5002368338380103,11695.517715628868,Turbulent,True,True,True
1.1603490914501622,18,1.0390491919080818,3.7490691620705086,27.20288545434547,73.76005521305848,0.14756301628792892,0.08511834829967345,0.0028537435313557295,502.73043911835236,Laminar,True,True,True
3.726274585821424,6,0.5890094533444302,1.429477767211979,6.034056720066581,37.22594691276439,137.98852516483177,0.020590027748735754,8.569718907611543,11488.980621737317,Turbulent,True,False,False
1.4304502835576078,21,1.4270215043458498,3.8356880079082876,39.967451591262844,73.75664031109285,0.06790448094964047,0.08745325016799185,0.0016188997338207568,483.3124377674085,Laminar,True,True,True
1.748452965331722,11,0.6625081225372114,2.749122753208928,12.287589347909325,67.98326555876791,1.936054214150465,0.0777361848050346,0.05641832886290596,1739.735115662186,Laminar,True,True,True
3.8436842577334422,26,0.8367690820683309,1.8080025411103382,34.255996133776605,44.55141167609987,2.1172054862153646,0.03535892233149375,0.13563115662921457,2087.2288906007507,Transitional,True,True,True
2.8199145720164953,7,0.8919092788636358,1.4489063499651336,9.24336495204545,42.95821533333965,21.532785059011385,0.030813306778245567,1.0120102394000878,6426.20536359783,Turbulent,True,True,True
1.073940483353852,5,2.835240680515833,1.5091171583049072,16.176203402579162,173.16275319093026,0.33637385490389127,0.2829259059022702,0.006020758338718056,1846.1565106293642,Laminar,False,True,False
2.755272490290112,10,1.9166066923281098,1.9402352124722964,23.666066923281097,57.632517777264525,0.7551676943601412,0.06004218610260985,0.03467821289710514,2667.57486018173,Transitional,True,True,True
1.1559344010792596,9,2.831108078923106,2.707200959191552,29.47997271030795,170.76852828116816,0.05162205087927361,0.2790879302084845,0.00099452840776027,865.9591200643391,Laminar,False,True,False
0.6712206473098024,10,0.6933600056394474,3.249041962196839,11.433600056394475,97.97007904845628,0.5383209087089668,0.12450104791239247,0.006022201813400562,635.7528288777157,Laminar,False,True,False
3.0536352430538707,9,2.6996641082782133,1.3438427177992989,28.29697697450392,52.48964267917752,1.3454498801055443,0.050266746934345935,0.06847521952754825,3133.2883664304522,Turbulent,True,True,True
1.6936279010042816,23,0.8809475796456854,1.101680435402021,31.261794331850762,74.20418231624014,1.9001639999048259,0.08991159069101025,0.05363617944537851,1386.8606376323062,Laminar,True,True,True
4.5567952603823185,22,0.7949124872659383,0.5852093782931813,27.988074719850644,34.38354677669299,74.44497895724817,0.015609090484669567,5.653842121194165,5604.066697811751,Turbulent,True,False,False
3.987232016498529,14,1.491646380505327,3.2995014071786843,27.38304932707458,53.12702631944569,0.4130258370249123,0.052644939009121476,0.027447164017113893,2219.666879920455,Transitional,True,True,True
1.3097110620980668,13,2.125817353802589,1.5973491509317208,33.63562559943366,127.24343147329085,0.21070716589508617,0.19349942164579023,0.004599425100602114,1010.423833071767,Laminar,False,True,False
0.9692080729107986,16,1.2966603363773404,3.5331143649802477,28.246565382037446,88.69101493268552,0.08675128891465547,0.11253447151540649,0.0014013341591916858,468.3322499330108,Laminar,False,True,False
4.056607645152543,19,1.3750274558603186,1.3481120162395026,35.125521661346056,41.2459225901417,2.6559819273261898,0.02894445418894718,0.1795712765296401,2927.678716057846,Transitional,True,True,True
1.8041945851701104,4,2.817846442981634,1.0353911221862322,12.771385771926536,64.57899204741385,4.237196972274025,0.07118191902175636,0.12741213056126638,4371.00693073909,Turbulent,True,True,True
4.7040457081574925,4,2.595698190152342,1.4925565000466863,11.882792760609368,46.539620415721686,10.461184825094438,0.040020092534724064,0.820164859645463,10741.31604107374,Turbulent,True,True,True
1.3068429207908947,9,2.8724109986338613,0.8428761727513676,29.85169898770475,126.5261654719779,0.8532542509727259,0.1920407753951904,0.018584487958640736,1459.3934379370692,Laminar,False,True,False
3.3560711106979837,9,0.6514102830381328,0.7694678284221117,9.862692547343194,37.50191990065016,172.7166069249106,0.020715976719398302,9.660820247307862,9799.76627479178,Turbulent,True,False,False
1.955478502917268,13,2.408172365764631,1.7180542539330486,37.306240754940205,113.73009765801933,0.2165782615659302,0.1701011916786519,0.00705856891152283,1361.2582164061864,Laminar,False,True,False
3.545316804121928,12,1.6147188925298221,2.6273163345805437,24.876626710357865,50.772621426847685,0.6378418003505476,0.047486261890677076,0.03768918755256966,2600.6591100162414,Transitional,True,True,True
4.230569177622046,11,1.6879330021167638,1.4344110426185606,23.5672630232844,41.76979439595472,4.319042436012133,0.03013806696077644,0.3045334634439094,4599.485534856234,Turbulent,True,True,True
2.8215706181890274,17,1.1560306822740096,3.4524957200128554,27.652521598658165,69.85795844146767,0.33167865006644903,0.08461578813796139,0.015597578895134879,1344.8189492025565,Laminar,True,True,True
2.2498881208771273,14,1.0999188198159,2.3710351361353967,21.8988634774226,73.60912742197802,0.6884205720547721,0.09082221528880269,0.02581448778722447,1728.892265439078,Laminar,True,True,True
4.623293821233886,7,1.2514037464369492,1.4253517143475904,11.759826225058644,39.81858187747042,23.003244643587315,0.02652458342320688,1.7725126471504786,9213.585160396136,Turbulent,True,True,True
2.2775603176440145,6,2.6107353710089534,0.6192587246900625,18.16441222605372,49.04870922585977,14.771932736009365,0.0417790903247676,0.5607327969073584,4388.34542636538,Turbulent,True,True,True
1.1721127672867588,7,1.0412404067660548,0.7735223914349877,10.288682847362384,60.03913119396844,13.509033530008614,0.057800968071698836,0.2639018445704668,3445.366174393607,Turbulent,True,True,True
3.6172679170259054,7,0.5854561069166193,2.696878031863674,7.098192748416335,37.08029343461102,27.85222172378409,0.020182343137795194,1.6791491343222693,5878.733104951811,Turbulent,True,True,True
2.2549085052553837,8,2.5066248411124556,1.8283220472469508,23.552998728899645,75.3298346002118,0.46077647170661956,0.09427786994681264,0.01731681308454705,2427.9461701533014,Transitional,True,True,True
4.49238317421416,9,1.3866706823662271,3.438996706377037,16.480036141296043,41.69707207816907,1.5225661633321228,0.030190861431391814,0.11399917689635061,3862.4315399955385,Turbulent,True,True,True
2.950098491861095,10,2.26008053649499,3.253291186111978,27.1008053649499,82.41101818919287,0.15428757865410161,0.10994410655485587,0.007586059218339422,1998.0352136817285,Laminar,True,True,True
2.6721085562351683,14,1.5635510709588418,2.5209663963031277,28.389714993423787,78.16329765884129,0.32913711820547337,0.10094119531878624,0.014658168495523857,1744.8946107719166,Laminar,True,True,True
3.133235203275732,10,2.394157196106594,1.8990250671383277,28.44157196106594,56.7983721294447,0.5989000763606316,0.059003928053851566,0.03127491337496091,2725.1949022498097,Transitional,True,True,True
2.5384925429712175,15,2.013295560698781,3.9539711567573264,37.19943341048172,93.58823817735598,0.07062726967277666,0.1315076106116768,0.0029881132899126795,1058.9929771258314,Laminar,False,True,False
1.6730874995634635,26,0.9422181662824567,2.913054750078467,36.99767232334388,62.17265188542111,0.27287736042093175,0.06574421541201193,0.007609128343902245,623.2669182325651,Laminar,True,True,True
2.5209258683828346,10,1.4715158501856869,1.2143163095210403,19.21515850185687,48.32475967549146,4.147739733546533,0.040941151010492546,0.1742690731602797,3504.8150254882617,Turbulent,True,True,True
0.9858749750820549,15,0.6683863541599895,1.7857112829340274,17.025795312399843,89.52273965939949,1.375096378976909,0.11444892926984165,0.02259455180598807,1000.0521398596048,Laminar,False,True,False
2.627989709863602,9,1.374193764693274,0.5219101190831941,16.367743882239466,42.007539642321944,55.112834320961085,0.028539268872682013,2.4139326912817216,5750.464412297832,Turbulent,True,False,False
2.0798980936762765,10,0.7979283370771189,0.9493456743086135,12.479283370771189,44.41210406174593,23.25826691529767,0.03190542039078886,0.806247083655694,4444.930107441333,Turbulent,True,True,True
2.6070554104586994,12,2.301848274118011,3.86513871569203,33.12217928941613,107.0575990918883,0.0700497228315176,0.15859541776097855,0.003043725148484004,1315.4667657929588,Laminar,False,True,False
4.004148218624117,6,2.0605071364274528,2.63791165829877,14.863042818564717,48.38473487306749,1.671850220485966,0.043175603427983426,0.11157226803608698,5303.847965100163,Turbulent,True,True,True
4.90063151392533,13,0.8738900489765653,3.407840056588884,17.36057063669535,36.81481331599395,3.1933948625567075,0.020693194179372564,0.2608275249975441,3287.5570997959685,Turbulent,True,True,True
1.1530088614389156,5,1.458241217322574,1.4852473961916262,9.29120608661287,79.44586233361726,2.09927957099547,0.09641101103434788,0.04034146579992437,2925.392728425184,Transitional,True,True,True
2.9821559568665506,4,1.2612705162437592,3.795112992689919,6.545082064975037,48.75401627355302,3.2577615940154168,0.04268253930532395,0.16191921906073575,5505.721650652442,Turbulent,True,True,True
3.1610623650868734,18,1.3750148856466466,0.5080133807121273,33.250267941639635,38.84700187668065,23.628679859795103,0.023141618588570577,1.2448621773580746,3482.47186731083,Turbulent,True,True,True
3.3141615280804357,4,0.8643346676189132,2.4338359349840344,4.957338670475653,42.41675258102497,27.06847602751627,0.030491419450815866,1.4951550312360327,9380.467017886705,Turbulent,True,True,True
1.5943949630597465,21,0.5411292580112904,3.534188816316412,21.363714418237098,53.893595768640814,1.0633237622968466,0.048761590134111285,0.028255967511797188,695.6631601507092,Laminar,True,True,True
3.313162460314466,5,2.321902805354172,1.7477909445449955,13.60951402677086,52.01032681427961,3.3162548773083076,0.04967725858283787,0.18312151947221067,6079.878429073633,Turbulent,True,True,True
2.079500842020849,16,1.7310072656890294,3.1634023399588505,35.19611625102447,93.19796164404634,0.11198646547251744,0.12947581384403242,0.0038812658207506463,991.5684569728421,Laminar,False,True,False
1.2870949171463661,18,1.4539137054321936,0.6228689848035656,34.67044669777948,91.40418328752403,2.4749553970064944,0.12162785981980051,0.053091708527517094,1285.6741492998808,Laminar,False,True,False
4.101690068844914,24,0.8172016648254739,1.9534923377508084,31.112839955811374,41.28103389616665,2.53172542891022,0.02905366682242475,0.17307255081338635,2303.281035635463,Transitional,True,True,True
0.9390307832671666,30,0.6613184437136173,0.8666320947857276,34.33955331140852,73.924170652566,2.2895970187395283,0.08252363239012565,0.03583336803121915,764.9502235603223,Laminar,True,True,True
4.260766655373795,5,1.8591928090842251,3.8158586572195374,11.295964045421126,47.477795707769374,1.4606113703280523,0.04157817730682424,0.10372207038589318,5607.016556603756,Turbulent,True,True,True
2.0535171523390856,29,0.7908198658731947,3.757410490204597,36.93377611032265,51.36905757458646,0.3294272907054875,0.04573044375017427,0.011274743198538549,581.355494348205,Laminar,True,True,True
0.99292033927544,17,1.0209427666706177,1.5446746653001222,25.3560270334005,99.46152267728391,0.5782636395526174,0.13443006656605716,0.009569495486253927,850.075471184621,Laminar,False,True,False
4.216056076319099,12,0.5175360950077563,1.142465415057937,11.710433140093077,34.68434385643061,115.15859717075261,0.015955456684785443,8.091918389035584,7903.155852521288,Turbulent,True,False,False
4.837625952440111,8,1.776166600117069,1.369106341756952,17.70933280093655,41.12879268142946,9.517017137411315,0.0292829086190852,0.7673294848959713,7179.064522430654,Turbulent,True,True,True
3.8186119410141184,8,2.44181524761822,1.8902714123371258,23.03452198094576,48.60286575549101,1.3638921114191513,0.04343724871197363,0.0868029117153355,4114.360107836607,Turbulent,True,True,True
3.4630232965656433,11,2.5370227962315157,1.9521420117572013,32.907250758546674,56.44751221825629,0.48282336571261736,0.05873958793394241,0.02786714272648379,2618.671823301345,Transitional,True,True,True
1.7837567822675868,9,2.0726717253504394,1.1448498352148326,22.654045528153954,76.57336443529204,1.2037044245332515,0.09507927620054789,0.03578526551844483,2300.1468248233664,Transitional,True,True,True
1.8640235355960806,6,1.0702732094198453,3.9734478939227658,8.921639256519072,68.70590336723227,0.8053976847828601,0.07969174679906356,0.02502133733249741,2300.0272118063626,Transitional,True,True,True
1.081056558740848,5,1.7507401401271383,1.7373206001422359,10.753700700635692,112.98411198994913,0.7381658022376395,0.1626568266256647,0.013299983032453333,2314.612368732947,Transitional,False,True,False
1.5557103460084716,7,2.897347842914372,2.121829092216168,23.281434900400605,155.57584352547866,0.14965287592616408,0.2519016531659725,0.0038802754564709265,1653.4158297682704,Laminar,False,True,False
4.679649416175474,4,0.9586651680750307,2.5860969182985807,5.334660672300123,39.51403403803059,33.098638064136374,0.025952971602795753,2.5815003715506517,12323.955799644566,Turbulent,True,True,True
1.7144403917757018,8,0.962344639028151,0.8313988489465887,11.19875711222521,49.46353531152987,21.49577420143175,0.040533443475197696,0.6142203923904113,4461.243852981173,Turbulent,True,True,True
0.8432180163822373,23,1.2054078659245413,3.924467036576722,38.72438091626445,69.74043213823921,0.05384845909969832,0.0724148467860783,0.0007567665144547941,266.86349138964874,Laminar,True,True,True
2.262894983228815,11,2.7298753055281577,2.377622631393371,35.02862836080973,118.70782922421645,0.11916357818971389,0.18105638259937568,0.004494244387818303,1503.9985291321118,Laminar,False,True,False
4.566860257225931,5,1.3778001774350142,2.227472885421342,8.88900088717507,42.36562349965718,11.55588974595633,0.03158020391823244,0.8795688936282106,9460.050431005473,Turbulent,True,True,True
2.9652556112056345,19,0.9491998342812314,3.071568711386626,27.034796851343398,61.71821525950766,0.6144292524888089,0.06858343458793306,0.0303656631438554,1449.3836524113651,Laminar,True,True,True
3.870179690405201,18,1.0168793216077936,0.8863693180807493,26.803827788940286,37.55347127513797,16.2488842930349,0.021388672452513868,1.0481016997107957,4218.392569485938,Turbulent,True,True,True
3.51130808603455,11,0.7865121713745666,0.959331224832928,13.651633885120233,38.07817101540178,49.9007735489195,0.02205804787284166,2.9202831610283337,6827.3923928013755,Turbulent,True,True,True
1.9076005575478132,10,2.979467620123113,1.0504111434047976,34.29467620123113,99.96917649883325,0.643190331690132,0.14239464928104653,0.02044917058902431,1767.5811309563942,Laminar,False,True,False
4.462037136727959,28,0.8472948613075342,3.1653774395518046,37.22425611661096,48.24888056004101,0.8055872962953704,0.0432726930682387,0.05990934054910354,1482.9460517108575,Laminar,True,True,True
0.5585367229131719,17,1.1183380167934704,2.9640280495569296,27.011746285488996,92.03094209972667,0.08881438473142889,0.1082974665247415,0.000826768256590699,300.52095672154593,Laminar,False,True,False
0.5722525910983312,14,1.6622542651288326,2.9385515866072733,29.771559711803654,116.740791953844,0.0438523848771551,0.1583346931121738,0.000418244014529888,331.7490761278775,Laminar,False,True,False
4.017647837159162,21,1.252541782394713,2.6796909186753473,36.303377430288975,55.39382819215169,0.5043131722840686,0.0572058657448393,0.033769212097966066,1816.7587398295202,Laminar,True,True,True
2.8840786472995448,9,2.9422443092428257,1.5851611546467874,30.48019878318543,61.65753072394246,0.6059670314665352,0.06832547025581603,0.029127609607002093,2643.011763298911,Transitional,True,True,True
3.0393225169978915,11,0.5092985626685016,3.990578351559804,10.602284189353519,41.44555299158061,5.204388776709159,0.02815637535312136,0.26363026660438765,2292.8062914250186,Transitional,True,True,True
4.567701240268577,9,1.9195730158549575,3.9989197050544036,21.27615714269462,46.25235481196512,0.4663079895315768,0.03935424669764794,0.035499259702175504,3202.048900014611,Turbulent,True,True,True
1.3742211079696967,11,1.1419733690178553,2.0223980160196744,17.561707059196408,107.2500671145059,0.6144707093649179,0.15402847626047686,0.014073643650639716,1474.213480619733,Laminar,False,True,False
1.526236640877893,4,1.785089744965495,2.8028044977863327,8.640358979861979,78.11261621468691,0.7351561736794339,0.0967965678105488,0.0187003714839524,3105.5060736022656,Turbulent,True,True,True
1.2868717764528794,20,1.2939233197635875,2.5076194646840086,35.37846639527175,83.9456539071037,0.1605889317062276,0.10670886238404556,0.00344428939705772,632.0177780600587,Laminar,True,True,True
3.566626843936119,8,0.5332316933640899,3.2230779510191256,7.7658535469127195,36.3147896980879,19.683928847991446,0.018594850212138535,1.170087150389581,4431.902510532284,Turbulent,True,True,True
1.2875879708925897,4,1.305216814489129,1.6635609961455988,6.720867257956516,69.18328992188897,4.095304474548745,0.07719035441987623,0.08788441297619268,4048.7701365531316,Turbulent,True,True,True
3.921654209942621,12,0.6023609055054489,1.1878123643731184,12.728330866065386,35.87503064555892,62.92138618743536,0.018080596150791172,4.112598650623022,6816.742359933544,Turbulent,True,False,False
0.6004365401860168,5,2.9593058459128088,2.808415057432975,16.796529229564044,289.44605814463137,0.04104624420931178,0.5049255978436306,0.00041076108101115817,777.4577004673837,Laminar,False,True,False
2.553349327618142,17,1.2970795601701735,2.202136035540687,30.05035252289295,74.61841223903114,0.4858352990421642,0.09360094330029033,0.020675120569041146,1602.7821961932736,Laminar,True,True,True
0.6858898924992824,7,0.7894660631782658,0.837800647492084,8.52626244224786,98.02660696475567,6.849325438486445,0.12507262568470817,0.07829805147826781,2248.4411235374937,Transitional,False,True,False
0.7778459615397245,26,0.8927808323405008,3.467542929854748,35.71230164085302,63.27592721964717,0.1132846394210621,0.05805156758646501,0.0014686333213026173,256.20370897761904,Laminar,True,True,True
4.227049832891791,5,2.457866188195963,2.6514727728850045,14.289330940979815,50.338127393488996,1.6299030497683835,0.04727190092679294,0.1148280235692211,6178.549707698177,Turbulent,True,True,True
3.7557209894613552,11,2.7232821757691683,3.0632006037251793,34.95610393346085,69.1893905323017,0.14716482930197705,0.08454719361277203,0.009211833971998878,2203.28089213566,Transitional,True,True,True
1.4586295551917414,11,1.5476089009547471,0.820899850901219,22.023697910502218,79.5375568394627,2.575678922690028,0.09920943300312961,0.06261602335533498,2090.5532154789917,Transitional,True,True,True
1.2618681419944902,6,0.5596000294060874,1.5507220186277846,5.857600176436525,51.68944510085147,19.710226632986735,0.04197486712124499,0.4145284509942881,3721.3274475898206,Turbulent,True,True,True
4.864990200809083,18,1.1022315151277033,1.9120731699838105,28.34016727229866,37.67806451047971,3.262799135224298,0.022398184025837625,0.26455809700124266,3348.1600730464334,Turbulent,True,True,True
1.8560233409300482,14,2.184692057320902,2.7206336640567823,37.085688802492626,112.49920664923891,0.08974328618305973,0.16724507685143253,0.002776093897458732,1009.1865278459748,Laminar,False,True,False
0.6230430849672328,27,0.5904992191885928,2.870771432449962,28.943478918092005,60.80576735444461,0.3353510276568343,0.048514619322120124,0.0034823023136374303,248.9445672480078,Laminar,True,True,True
3.8419031647462702,9,2.6609188327734605,1.4085953478018236,27.948269494961146,46.90857730826957,1.9299445802915938,0.04007151793630018,0.12357766984678645,3916.9248170399046,Turbulent,True,True,True
2.5287568068747204,25,1.0537610725914761,0.5850831002391699,38.3440268147869,46.38482599721513,9.107209209777174,0.03707896106809134,0.3838319546809362,2304.6941095186276,Transitional,True,True,True
3.4655568253923072,11,1.1202922014089183,3.4648638155486418,17.3232142154981,46.83223670027426,1.0189746754277338,0.03951207477001366,0.058855244022174895,2565.725074101636,Transitional,True,True,True
4.41145039881164,18,0.7648122473765541,0.7276015022878474,22.26662045277797,35.055804810891956,64.38412237305992,0.016849559249489974,4.7337893719962105,6132.019832213238,Turbulent,True,False,False
4.6178544767650855,24,0.8454929700995052,1.8692915273599109,31.791831282388124,37.86629762483109,3.36782309901221,0.02261634862729557,0.2592019495787733,2646.534364230142,Transitional,True,True,True
2.124027911569672,9,2.191439167549511,0.7627666843221963,23.7229525079456,53.28390097611805,4.82163268318934,0.04979276225646996,0.17068803997384546,2983.052198580572,Transitional,True,True,True
1.3893433993823616,8,2.5097224571082837,1.3230844651330482,23.57777965686627,134.67037720207856,0.43600856091403106,0.20898307507002195,0.010096093603001855,1691.946279931983,Laminar,False,True,False
4.464193929902368,11,1.49291414834182,1.353161854593908,21.42205563176002,40.171834526094514,7.287996745718485,0.027120159132646964,0.5422505138897445,5324.609600684221,Turbulent,True,True,True
2.8695849919962515,14,1.6293722441321232,1.7006238940985998,29.311211417849727,58.335045870064874,0.8366352972692102,0.06165529919837304,0.04001326821363413,2298.4296936350456,Transitional,True,True,True
4.88002429521562,7,0.9449921498401235,3.8922556688463663,9.614945048880864,37.82340304228271,6.039994287199877,0.022697973753974757,0.4912553144083158,5381.576319174515,Turbulent,True,True,True
4.823969566997106,17,1.5893126308376913,1.71865104561535,35.01831472424075,40.356136413751834,1.8083745521993344,0.02772917494184315,0.14539239675902682,3203.1612559763826,Turbulent,True,True,True
4.00379196359844,9,1.4957862373346318,3.4223016799930273,17.462076136011685,44.54243989046541,1.0066259105054278,0.03549069368269351,0.06717201218052658,3377.665228134171,Turbulent,True,True,True
2.3184765306135495,6,1.2369044948148809,3.8188880333114352,9.921426968889286,55.81000658088611,0.9697890363677106,0.05541319017875433,0.03747388534108112,2853.9483350591554,Transitional,True,True,True
1.0694468908985477,9,0.6551919968420115,1.9473529449839948,9.896727971578104,91.5598987113179,2.4312280866456883,0.1196638946206659,0.043334488638807615,1704.913587404347,Laminar,False,True,False
1.41800749964232,26,0.8363967922480954,3.286337106313517,34.24631659845048,58.71759922126248,0.2634688918797911,0.057286892866264184,0.006226681076799922,493.97363809794047,Laminar,True,True,True
2.7489845116252503,15,1.1641687835179113,2.8715661931787766,24.46253175276867,68.70128134491114,0.5003063123934082,0.0821677665842262,0.02292223839729705,1695.6737304386945,Laminar,True,True,True
0.8454431692108426,19,1.0217227036212393,3.081419810634823,28.412731368803545,78.7039535104524,0.14174829482107806,0.09038680620672221,0.001997335460062752,404.946932984409,Laminar,True,True,True
0.7317016458054441,10,0.8164735331305377,2.061413020451419,12.664735331305376,123.05383951548723,0.7503036401356344,0.17644068292908774,0.009149973472350989,949.3891383800752,Laminar,False,True,False
3.1675772517448832,5,2.1176749820293947,3.1459751728268563,12.588374910146975,54.85934856618899,0.9532336485811091,0.05517567504574293,0.050324020347388296,4494.217552045151,Turbulent,True,True,True
4.7729473137855605,16,1.3747017828236179,1.0708666897656314,29.495228525177886,37.723706745615104,9.074491610234562,0.02243242663515567,0.7218678392506442,4554.814848263913,Turbulent,True,True,True
2.0617695362496047,8,0.8720567555564919,2.3292150870803927,10.476454044451934,49.70522847925419,3.4779847329871107,0.04243083427867381,0.11951338283356734,3006.1557212393413,Turbulent,True,True,True
2.3060225457545083,9,2.048878596661312,2.01330707762916,22.439907369951808,72.44448107671272,0.4856727857107391,0.0886486183882298,0.018666206561806037,2355.294219971235,Transitional,True,True,True
1.6804712144298732,18,0.7382253415751789,2.9743463978131244,21.78805614835322,67.33412277374771,0.7174661346022146,0.07610494896006655,0.02009468644212151,939.0043735121928,Laminar,True,True,True
4.231368642331868,15,1.268499833426207,2.4826688853299386,26.027497501393103,42.44265972258941,1.28804662033749,0.031484440289476286,0.09083666798595995,2808.0633614376234,Transitional,True,True,True
1.544668394177464,4,2.159046412780399,0.9693765877776933,10.136185651121597,65.51511291401705,6.751228980602743,0.07171406873564883,0.17380683380319992,4609.28641912966,Turbulent,True,True,True
4.018905811427754,7,1.1793863718773103,3.3647968755093123,11.255704603141172,41.83901713326599,3.1628054497846736,0.03009736477811532,0.21185028670924994,4717.78177843352,Turbulent,True,True,True
0.9624954237728067,5,1.9349044079241975,2.6345986687868415,11.674522039620987,202.4668582625535,0.18593802232374032,0.3399826081246201,0.0029827415931994337,1573.053856741707,Laminar,False,True,False
4.260235303867191,15,1.8535170594836865,1.2829866907357252,34.8027558922553,41.71892972959708,2.610090401872021,0.03006002410753247,0.1853266546056681,3381.2743789751125,Turbulent,True,True,True
3.22615684523658,6,1.992368485116533,3.2492624494137523,14.4542109106992,53.031037376796775,0.7679785139658459,0.05160154350662483,0.04129365233042551,3830.466648084279,Turbulent,True,True,True
2.5596059589953533,9,2.3691906636557043,3.658856578812054,25.32271597290134,104.90705932003297,0.1008300025393081,0.15419201365737242,0.004301417922418827,1761.723927114797,Laminar,False,True,False
1.6835433662729702,27,0.7717365651018842,3.9218906670545732,33.836887257750874,52.68062310528765,0.29241996563951334,0.04681357603819524,0.008205028221969543,496.06186949126413,Laminar,True,True,True
4.116544280989702,7,1.2424412714244202,1.6396418614062784,11.697088899970941,41.32338010728249,13.82171605297858,0.029151019021580644,0.9482951028558755,7619.248611746141,Turbulent,True,True,True
0.773239280041051,12,2.8182888112726205,0.9145367984948625,39.31946573527145,129.93689304529497,0.30933849423377235,0.1912632811831882,0.003986544576171749,644.5830152360528,Laminar,False,True,False
3.7181017668135175,6,0.6709436134206035,3.2790598445494235,6.525661680523621,37.959642548838325,17.831583967703608,0.022048930191244764,1.1049940642567064,5858.09544449612,Turbulent,True,True,True
2.1940018438593594,4,2.171079693647619,3.087135694651053,10.184318774590476,66.97827725898155,0.7206413533730791,0.07739759311322407,0.026351474301030665,3895.135069200614,Turbulent,True,True,True
2.3998287988629006,6,1.4667362576980296,3.548669548115116,11.300417546188179,57.352356967569136,0.778453372510566,0.05870829726465815,0.03113591369871343,2977.8775040396863,Transitional,True,True,True
1.9898860056439045,7,0.6566236064864326,3.8569599601467357,7.596365245405028,52.69189162836205,2.8693068103660653,0.04815202557061323,0.0951598911307697,2351.7576590198564,Transitional,True,True,True
2.1697159422993795,13,2.148352107120597,2.737661758735916,33.92857739256776,110.1758634068063,0.11666107804995533,0.16371935013459468,0.0042186900148470045,1275.524278870696,Laminar,False,True,False
2.8512764308072267,11,2.9146009364320777,2.152963508621914,37.060610300752856,89.76531303190498,0.17859581353632498,0.12448363263296758,0.008487100562949428,1909.9907128077966,Laminar,False,True,False
3.4473284988224444,15,0.5285249882143843,3.8917764237507373,14.927874823215765,43.24853260869668,3.4572850717171675,0.032322710083928334,0.19863995593806646,1941.4375422903563,Laminar,True,True,True
3.26446363168375,12,2.239626871592404,3.549939457195622,32.37552245910885,85.49502357705498,0.11511394441753639,0.11658185792628954,0.0062630880841785365,1754.5609190848481,Laminar,False,True,False
3.686876391267617,6,2.0276634048965527,2.433928575982084,14.665980429379317,49.36576179114384,1.8117365785675796,0.04482838936008175,0.11132748031194631,5142.82057897859,Turbulent,True,True,True
4.03622581631042,10,0.6172145537348185,2.650856724251131,10.672145537348186,36.06851721233144,16.124717881714247,0.018571730085731163,1.0847167099149555,4611.772048100847,Turbulent,True,True,True
0.9478171326593462,8,2.379202167886383,1.2525497670782688,22.533617343091063,175.86769197864692,0.3507630900608166,0.2865527364613324,0.0055409877710695865,1218.1542593011231,Laminar,False,True,False
0.5302499795105977,8,2.6372745880518673,0.9941435687430632,24.59819670441494,187.49907469167636,0.28607426070534486,0.297859301723082,0.002528181181291975,681.5509220541179,Laminar,False,True,False
1.0880099734930726,11,2.3476192655003905,1.9222587349762332,30.823811920504294,148.13149281424256,0.11576351050564139,0.23303666071751097,0.0020991975666117984,864.9850905536825,Laminar,False,True,False
1.168187326405709,5,2.4865048124640112,2.6814407652030687,14.432524062320056,193.96208245793267,0.1316287076078348,0.32560561540713523,0.0025627831336439222,1688.1399644705914,Laminar,False,True,False
3.9241794765492433,10,0.7444330974700942,2.1033649899739935,11.944330974700943,37.51038107090988,14.76500376799814,0.021353658355717176,0.9656754126258424,5145.452400811616,Turbulent,True,True,True
4.0869781285159945,17,0.9229724209400715,1.8362436283601724,23.690531155981216,38.27594468262481,4.538265757070967,0.02303085916560306,0.3091298815090354,3253.5057729001155,Turbulent,True,True,True
2.000209882274513,11,0.9636819472055089,3.838807238746905,15.600501419260599,80.17165133868042,0.4982640979799019,0.10314887096130716,0.01661054621269993,1413.8403918385677,Laminar,True,True,True
2.6739428204994806,30,0.8027672718739877,2.635122808460295,38.58301815621963,54.43857470919924,0.6570607051365489,0.053495443682031345,0.029282379252203356,968.1056872389198,Laminar,True,True,True
3.3128208984150334,12,2.2778967094162708,3.5659458382090663,32.834760512995246,85.16864099492848,0.11185900256005808,0.11599343912691057,0.006176147355947019,1764.0143022882037,Laminar,False,True,False
4.664409634889598,19,0.9895950790729631,2.42666644418075,27.802306502386298,39.28588292432018,1.9756653591954694,0.025486622273736395,0.15358854227914945,2683.341022666289,Transitional,True,True,True
4.979823693378625,9,1.72538080827695,1.6581673708619953,19.52842727449255,40.973596465651426,5.4808266980994125,0.02905745741015703,0.45489251084162646,6106.368229486317,Turbulent,True,True,True
2.9176757371988984,26,0.9430169257747851,1.021221460712785,37.018440070144415,48.34307081736459,3.5069008726011917,0.041754005677216925,0.17053332647916902,2133.307100171233,Transitional,True,True,True
0.6256199528197335,5,2.3055307576132096,1.6391609105163825,13.527653788066047,272.1509249915169,0.2140134445645978,0.4713000685485689,0.0022315180181882058,1184.4355146500814,Laminar,False,True,False
1.91989317677815,17,0.5099587858970804,2.9091510254662376,16.669299360250367,57.99035797124651,2.403611246549614,0.0584853127659742,0.07691128053129713,1233.3859346369295,Laminar,True,True,True
0.9981071543032686,18,0.9757926089095788,1.6597855342454761,26.064266960372418,93.65627104969164,0.5347522237884083,0.12289487827064839,0.008895667005713214,785.6202389780283,Laminar,False,True,False
1.2208895577336025,9,1.3673803104698852,1.3514252103270694,16.306422794228965,108.48476547114147,1.0380583780476895,0.1551827371863323,0.021122577234605075,1863.1148337207196,Laminar,False,True,False
0.7754680092758496,5,1.2639527677467786,0.833487512317332,8.319763838733893,89.56208305694139,5.786358365903033,0.11056714861778022,0.07478559671605806,2761.138393688118,Transitional,False,True,False
2.846868705284553,27,0.8081887959220081,3.205826205098964,34.821097489894214,53.733545891653755,0.5768066261109538,0.05241228423665551,0.027368212214600705,980.8635139334281,Laminar,True,True,True
1.4061590460747408,16,2.0011622784880396,3.9294892505836883,39.518596455808634,96.14644117041175,0.037513100953051035,0.13205906600548778,0.0008791564375241283,553.3449524471046,Laminar,False,True,False
2.236260867285172,9,0.8807926569540848,2.744889966425058,11.927133912586763,51.876819860508085,2.072465172550468,0.047318624188472456,0.07724287940310037,2559.0222761832238,Transitional,True,True,True
2.862360597673981,4,2.204271758323533,3.116844254739104,10.317087033294133,59.13529279284027,1.0924469105144694,0.06324313606464754,0.052116283195121516,5021.639396422288,Turbulent,True,True,True
4.316641387517288,10,2.9809884222977048,2.107741728786312,34.30988422297705,49.80093896633846,0.5282940755107068,0.04626818117078853,0.03800760118549502,3167.5278784182497,Turbulent,True,True,True
2.396052406729567,4,1.5857818569016267,3.1529847622613847,7.843127427606507,57.25703537928855,1.794871834043382,0.05850820320101332,0.07167678296217928,4720.140193276503,Turbulent,True,True,True
4.2506150159115235,6,1.7764616326175593,1.7990132314881109,13.158769795705355,44.58005110922117,6.492541472167531,0.03577462191454946,0.4599549045503935,7398.619442457887,Turbulent,True,True,True
4.507600159732848,19,0.7325506425609147,1.5059647669232017,22.91846220865738,35.4370872946093,12.838661524765582,0.017681705668760338,0.9645258789964885,3957.451428435004,Turbulent,True,True,True
1.73458886082328,14,2.13896907836523,2.6762795284882377,36.445567097113226,113.51730246212541,0.09041190780955193,0.1687384756564947,0.002613791469537168,960.8015612883619,Laminar,False,True,False
3.4794613180190055,12,1.4432124579939527,1.6775989347496225,22.81854949592743,43.8989748416857,2.5640978445460476,0.03366214471227525,0.1486946544285647,3469.342216813722,Turbulent,True,True,True
2.453649999602767,19,0.9023940350747646,2.58003091756355,26.145486666420528,66.16333759963588,0.7445937528468629,0.07646179087667909,0.030449541022948803,1384.7173791904358,Laminar,True,True,True
0.5475031826275769,11,2.257949140453279,2.4633632045392515,29.837440544986073,154.15868809842274,0.03807330485087031,0.2320337419232738,0.0003474209263166909,393.6544154684401,Laminar,False,True,False
1.5625781414794269,26,0.8732916260192256,2.6993984700044633,35.20558227649987,62.47053885819672,0.3454507944926332,0.06573169929633237,0.008996564340514839,628.1407195675382,Laminar,True,True,True
2.4797312276619374,20,1.1559339256941783,2.7313199329618714,32.618678513883566,71.86066785499796,0.353265242971957,0.08791813685712345,0.014600047577419057,1191.0105518184814,Laminar,True,True,True
3.971896779545372,8,0.7864859010750456,2.446745734217348,9.791887208600365,38.16305870921548,14.076106549585063,0.022703069234019945,0.9318140378805737,5733.965085165859,Turbulent,True,True,True
3.1715503832374465,14,0.5899642771262466,1.5788406031480644,14.759499879767452,37.39594301814291,18.886340276575165,0.02025455518010361,0.9983163290354131,3900.3806609181097,Turbulent,True,True,True
3.2408394773536044,4,2.906574987905516,0.8177422849603206,13.126299951622064,47.84292198247041,21.00646941577754,0.041245521166987674,1.1346432560412159,8123.34231838205,Turbulent,True,True,True
1.6813427129359872,4,2.9913643348473333,3.68530095720816,13.465457339389333,122.12309503217237,0.11250417129796159,0.1856873321318825,0.0031526344764454964,2350.8263306141966,Transitional,False,True,False
3.549684018258737,7,2.146675223988995,1.942871526528129,18.026726567922964,49.127258471112576,1.9210915609527375,0.04420052978681101,0.11365446685876104,4630.206655482368,Turbulent,True,True,True
0.540649174213951,13,1.0781913851198774,0.648351815004106,20.016488006558404,136.6256384404776,2.1414552662372768,0.19663443530948344,0.019296267021788337,899.4533408818771,Laminar,False,True,False
3.249355186009824,7,2.3649148367738064,0.9161194384369986,19.554403857416645,46.06761283610186,8.928089372279718,0.03770653979700058,0.48350889171627154,5282.898615825973,Turbulent,True,True,True
2.7139657266069808,9,1.7181657416415856,1.4409761213720473,19.46349167477427,49.73174903205857,2.6220443811476417,0.044161156448406805,0.11860230973461851,3564.319427810694,Turbulent,True,True,True
1.9247340756274267,9,1.7701565244286441,3.5165821416802734,19.9314087198578,115.58307882135246,0.15057832896224801,0.17368960615539944,0.004830387346744584,1510.5123476821686,Laminar,False,True,False
2.5362457112546264,9,1.6159766629246741,2.0408486334880567,18.543789966322066,55.206118957096955,1.098574428246728,0.05473835018638336,0.046437578035579456,2877.5872503891883,Transitional,True,True,True
1.207579829807039,26,0.8124470610665351,2.640238605030707,33.62362358772991,63.09243840066789,0.33109523636911875,0.06426817112225928,0.006663732153075697,502.3071470839907,Laminar,True,True,True
2.413657429343698,7,2.7361335050453226,3.6370375761249223,22.152934535317257,105.37036976168724,0.09802837491929492,0.15477867827936742,0.003943448590174094,2020.2536997943578,Transitional,False,True,False
2.8618649461020738,6,0.9298486808454396,1.4505301660069128,8.079092085072638,43.55770490013308,25.992866202685764,0.03208708956614757,1.239801210569795,7482.310033668822,Turbulent,True,True,True
4.0128232893130615,11,1.3114770055341238,2.9309651136155304,19.42624706087536,42.78010627102568,1.3756882542117754,0.03197411557782068,0.09200656442225734,3210.8892142944173,Turbulent,True,True,True
1.378403700258187,15,1.3802655401470556,2.2626431316208073,27.703983102205832,102.85566964617243,0.2363153163188687,0.14527145625002258,0.005428965107360208,941.9346748910044,Laminar,False,True,False
4.490165435334075,8,1.6975421608826398,1.097473488713699,17.08033728706112,40.82130414314827,16.028044438878727,0.028437743427073576,1.1994761855908633,7498.458780605172,Turbulent,True,True,True
3.8948144673601472,16,1.3614207242305874,1.8677370439574708,29.282731587689398,43.530983982142985,1.569706187266075,0.03336721599692118,0.1018952394611441,2814.8899779379844,Transitional,True,True,True
3.0158175085961556,14,1.3337970768603975,2.9147221384934143,25.173159076045565,65.4731713348557,0.4363396400707582,0.07617470997815032,0.021932012103665622,1893.3169922773343,Laminar,True,True,True
3.4147570808464813,18,0.6349330792137382,3.777899388299103,19.928795425847287,48.870701655628594,1.6484736536251527,0.043527231387720966,0.09381895135508934,1605.290983047127,Laminar,True,True,True
2.352633274041756,17,1.623632985714718,2.09611379285108,35.6017607571502,87.46709644639115,0.2915705107254876,0.11881748376748905,0.011432641421035516,1389.23537765682,Laminar,False,True,False
2.1426258120731108,14,0.5347942395596232,3.557279152587376,13.987119353834725,57.35519904491946,2.2355002792424736,0.057994165449163186,0.07983067668669283,1396.557365128343,Laminar,True,True,True
0.7981091334710779,12,1.3282694811640368,3.8356512809418177,21.43923377396844,105.81745441161529,0.07916193701901138,0.14360432526980824,0.0010529977493022537,480.9338684492989,Laminar,False,True,False
3.9317942583098,18,1.5374804402462956,3.4817886165547023,36.174647924433316,65.25342366827965,0.2216606214981932,0.07684684570107549,0.014525399314999628,1625.0311839841518,Laminar,True,True,True
4.441886321808246,8,1.7093098620964695,3.442170519299693,17.174478896771756,44.304921907662106,1.0637114382861146,0.03537014509877949,0.07874808813456781,4024.660945923233,Turbulent,True,True,True
0.6086334311181043,10,0.92500133561303,3.3649287809410557,13.7500133561303,111.0735220870196,0.2192107466673029,0.1485032995487011,0.0022236498147013687,529.7725882750874,Laminar,False,True,False
0.7644559962547406,7,2.5956590985971886,1.275213909044922,21.16961369018032,204.91718036330457,0.2667436808564477,0.34101002880129,0.003398563438229538,1053.4875920987997,Laminar,False,True,False
3.7653253965484423,30,0.5017254376619456,2.4523317025925317,29.551763129858365,42.99994497596284,3.610683672804836,0.03217807592517756,0.2265899822019143,1586.5226043022633,Laminar,True,True,True
2.54600898735268,14,1.1203625886944388,2.1325398140430325,22.185076241722143,60.392737059194765,1.0004595887576881,0.06513334426052805,0.04245298507433735,2087.587849082183,Transitional,True,True,True
4.083253507434488,19,1.4443981176669125,1.5203996396556285,36.44356423567134,43.11263794925216,1.7229087085214632,0.0327010339209737,0.11725121711766148,2706.7089957497633,Transitional,True,True,True
1.62445630793776,9,1.4484886650999802,2.452203774628259,17.03639798589982,106.51399285846989,0.38641361968716803,0.15416940740647214,0.010461867366231378,1727.8566698659429,Laminar,False,True,False
3.7900879277922455,4,1.47759698872549,2.9167340501967387,7.41038795490196,46.818053208466914,5.69877779814568,0.03983926220382813,0.35998114893204025,8051.567171949185,Turbulent,True,True,True
3.5891698427241145,22,1.2619215913494772,3.4585007012573588,38.262275009688494,62.75132145522632,0.26070204991503143,0.07149325521179814,0.015595065591523126,1290.5486280291968,Laminar,True,True,True
4.242523794169472,12,1.4918580915114903,0.6978777489021593,23.402297098137883,38.10421990394843,30.144646922014385,0.02281650281143816,2.131489697224726,6028.860165953917,Turbulent,True,True,True
2.829122798042933,13,0.807430967945212,0.8704867123618691,16.496602583287753,39.85400311207537,30.01606059029079,0.024621491978196332,1.4153186887238283,4843.080555748358,Turbulent,True,True,True
1.1886659764524312,14,1.0145591834615992,3.1382524327791517,20.70382856846239,89.39094949509646,0.2675705697313977,0.11667557669202486,0.005300867208995087,763.4374540767197,Laminar,False,True,False
3.9041107200515235,15,2.114281534703003,3.103412467627363,38.71422302054504,70.06774964057169,0.16383205429536601,0.086449545052978,0.010660307991043363,1862.6710202101992,Laminar,True,True,True
3.736816345033644,5,1.7410177987496418,2.4839647804899254,10.705088993748209,48.00610402867031,3.5448861993427463,0.04216123651175608,0.22077647818313612,6605.27226947167,Turbulent,True,True,True
0.9857702942476662,15,1.3499341386431511,1.8166771401057051,27.24901207964727,111.78162947888401,0.26352597634183256,0.15896515887322205,0.004329601320673197,774.9498710587497,Laminar,False,True,False
3.6811668430089157,14,0.5198895389615947,0.7951781816551458,13.778453545462327,35.22206378635346,151.6357075954023,0.016534939527310596,9.303272316939834,7466.090416820592,Turbulent,True,False,False
2.7364928808660345,12,0.9712387606809265,2.2311784394773144,17.154865128171117,47.36829797926701,2.1682543480506697,0.03947790388722648,0.09889020978912469,2659.004448125157,Transitional,True,True,True
3.083924174387551,14,2.1389498108720497,0.6086425292170146,36.4452973522087,43.040556343612465,8.275956746743898,0.03141485871920782,0.42537371795782103,2993.6929572990593,Transitional,True,True,True
4.662378821751084,17,0.7311192295555144,1.3458468906309813,20.429026902443745,35.21164373280057,21.41457994560976,0.017336800080949902,1.6640480669184408,4930.7515580920635,Turbulent,True,True,True
1.9430450809336455,11,1.0555691089906392,1.8458280060684469,16.61126019889703,62.96319282367789,1.5546642854807216,0.06852029221339125,0.050346379873442274,2273.353192389143,Transitional,True,True,True
2.7312638946500147,16,1.5080568568734127,0.7205651269347553,31.628909709974604,44.852305176047714,6.856656675748175,0.03443585055045651,0.3121223136080331,2860.1655262429617,Transitional,True,True,True
4.3636365303207745,9,0.5583364730355009,2.8923360460767307,9.025028257319509,35.048061383700166,24.77792284839945,0.016798328985583692,1.8020308214457603,5246.699742198331,Turbulent,True,True,True
1.9949040579904154,5,2.7543053680206104,1.5158113278261989,15.771526840103052,67.05259077283665,1.2952472775327863,0.07689161487906579,0.04306490083418655,3488.961383139019,Turbulent,True,True,True
3.064372256037186,9,1.7026646713776092,2.5903953155740727,19.323982042398484,52.084112483729356,0.7926469108530211,0.04947219843626657,0.04048275337419298,2961.528744820137,Transitional,True,True,True
4.885133301402225,23,1.1278013903888624,3.273914928892254,36.93943197894384,49.447811275743845,0.5248637231381242,0.04594987419050249,0.0427338208766668,1801.815962192282,Laminar,True,True,True
2.7780491738966147,4,2.10883845176111,3.273494172872768,9.93535380704444,59.25757047030872,1.0362426077668399,0.0633351126131796,0.04797888200771905,4818.294056549403,Turbulent,True,True,True
3.0594011869551623,8,2.593582002479148,1.7805401493044557,24.248656019833184,54.59150510490238,0.9000778469973024,0.05447935333827114,0.0458949872242599,3264.671093182472,Turbulent,True,True,True
0.8641219211417726,18,1.7182398955805178,3.4328283053175146,39.42831812044932,92.25240319342839,0.03666178187135121,0.11785163157006052,0.000528004156385877,348.0079092071742,Laminar,False,True,False
1.97094943621986,12,1.59283672657395,3.082922607740567,24.614040718887402,103.56806025616233,0.18101368728510028,0.14983488124593358,0.005946147081710775,1311.6742238994345,Laminar,False,True,False
4.260860564565924,12,2.4800895511589864,3.0218494533773215,35.26107461390784,57.395740702921145,0.2117971663287534,0.06141414173519625,0.015040636561616584,2409.8177656269672,Transitional,True,True,True
4.525935371653174,5,2.7511074770638553,3.2213394553115697,15.755537385319276,51.367278705636366,0.887720038776478,0.04955502163930182,0.0669627253937298,5659.394145355758,Turbulent,True,True,True
1.3559120791865915,10,2.840799247121245,2.593606549488502,32.90799247121245,155.54788626191424,0.05908923337045227,0.25048271461491706,0.001335330087947861,931.6726825836241,Laminar,False,True,False
2.924423304751795,12,2.789273600109996,3.559695009348826,38.97128320131995,108.721864159704,0.06047392418588178,0.16252297235620072,0.0029475225536497647,1433.3086016774841,Laminar,False,True,False
3.7737326899237136,9,0.7845874429887099,3.1514038830996784,11.061286986898388,38.443169559220806,6.258034080648169,0.02307303950285843,0.3936024630799782,3977.941469716341,Turbulent,True,True,True
4.845380909885906,27,0.622441980703511,1.2806597812672196,29.805933478994795,33.979118756578785,16.772704233051304,0.014988321693652145,1.3545023482998217,3521.1623162761,Turbulent,True,True,True
4.072857749894385,20,0.7165458863531533,1.437853102046074,23.830917727063067,36.12702949065621,11.322636464443883,0.01872082155946214,0.768591461224117,3529.612321411532,Turbulent,True,True,True
1.9582681996519145,18,1.3026568046148719,3.5718546231409114,31.947822483067693,77.42551383101758,0.15137614993431345,0.0975025074652829,0.004940585010035105,833.3980317032986,Laminar,True,True,True
3.4791640581111865,27,0.5339252222213791,1.9962920103615112,27.415980999977236,42.783583912939164,4.50413292679787,0.03143100949145008,0.2611769565311715,1901.6790920357807,Laminar,True,True,True
2.4050338231415234,20,0.5358980101094203,1.6400179147301204,20.217960202188408,47.24205367265537,5.887053694756239,0.038500668244648685,0.2359760542423171,2063.6354467265646,Transitional,True,True,True
1.4830920162415873,14,1.0042556310063109,1.1898672118549318,20.559578834088352,82.05127517532716,1.919588856136135,0.1043995964825137,0.0474487817833637,1802.8642187738672,Laminar,True,True,True
3.357648026931111,29,0.6415380115794129,0.7342690898135822,32.60460233580298,36.34746927855253,24.361008655577024,0.01840908926606053,1.3632615441074984,3142.4148652524104,Turbulent,True,True,True
4.188389785975545,4,1.092130304395839,1.650933646235598,5.868521217583356,41.472504359460636,51.43435320579755,0.029509231689766862,3.5904519935903494,14253.944542562871,Turbulent,True,False,False
0.5110766754105169,4,1.6445460345162808,1.9483767908353415,8.078184138065122,298.1462959095473,0.2995895843507262,0.5181356163432703,0.002551887479293129,1327.8899310778,Laminar,False,True,False
4.2454793029247515,10,2.0775881849323414,2.3842648403260087,25.275881849323415,46.00638010196246,0.9166955965199073,0.03862318451905794,0.06486353636845875,3553.001284926261,Turbulent,True,True,True
4.981284042232968,9,2.292336655726877,2.908237353310524,24.631029901541893,45.199308250243945,0.7351197835371548,0.0375097281548739,0.06103067411438971,3974.032486981107,Turbulent,True,True,True
1.2836422099975997,14,2.091371499232608,1.9983124655761633,35.77920098925651,121.52519765307653,0.12393209635228651,0.18183981551708034,0.0026514078341880755,837.1631475069158,Laminar,False,True,False
2.5278601555117,9,2.361848365339922,2.9427934638738953,25.2566352880593,92.8154444096896,0.1597357545587466,0.1299381793613725,0.006729827489327532,1977.1442975344203,Laminar,False,True,False
2.895305625509736,8,0.8917979780645536,2.4490267487499437,10.63438382451643,42.80198672147754,5.725197485406147,0.030633730132884406,0.2762699414441769,4045.1500206621486,Turbulent,True,True,True
0.9506003996615917,16,1.4308946069817823,3.591988873892256,30.394313711708516,91.43776611035912,0.0651758382197693,0.11773733806371739,0.001032602964333199,441.68108722773417,Laminar,False,True,False
2.3700293394997334,13,1.9961746715644924,3.561726457663944,31.9502707303384,102.59686015745879,0.09311186673263663,0.14912190796392058,0.003677964266865633,1224.8515334278209,Laminar,False,True,False
2.415917474400333,5,0.8411532813165994,1.7769510500598595,6.205766406582997,45.742121131428505,22.004824046195488,0.035527758414263755,0.8860306489051388,6891.425070924619,Turbulent,True,True,True
3.4562832589456933,13,1.1953965806078457,3.7588736551809263,21.540155547901996,56.93172110443548,0.4930396366284808,0.059699902262151036,0.028401410701261433,2003.8729391398176,Transitional,True,True,True
2.6219065314906254,20,1.1675051326145478,3.9569499315155263,32.85010265229096,66.0461014634653,0.20612330315188573,0.0766036878929418,0.009007267247105856,955.2640137639988,Laminar,True,True,True
2.4040577020763254,29,0.587403168247086,1.124032406006389,31.034691879165496,50.55540529063862,5.425951153598016,0.04512494202106292,0.21740499436495384,1808.715379216919,Laminar,True,True,True
4.1413610978252615,14,1.7067377615053756,3.8420615442381774,30.394328661075257,60.456038768239836,0.22030016129671268,0.06743728432818963,0.015205708630647269,1990.6730811653076,Laminar,True,True,True
0.8774861145061159,11,2.2999603688582884,2.6741409426261122,30.299564057441174,146.62334932851365,0.05005059433877145,0.22684715320792442,0.0007319783592508394,598.8483233831688,Laminar,False,True,False
4.384685946368881,14,1.6491352011041691,2.7256835531600982,29.587892815458368,46.10390187017078,0.627090514257464,0.03892584156749382,0.04582658274943228,2673.2174566034814,Transitional,True,True,True
1.9139717854690137,13,0.9469571648667383,3.8815906487234657,18.310443143267598,77.5507186847934,0.4094525490904737,0.09758284512854526,0.013061343774125546,1138.5694843371498,Laminar,True,True,True
0.6532144421684296,10,0.6600340095133714,0.9314227602501891,11.100340095133713,123.96669997227481,4.338923019340996,0.17590330923187483,0.04723745299484312,1532.6564920341098,Laminar,False,True,False
2.4313858796038423,18,1.3549297327388183,1.996359951265969,32.88873518929873,78.17423096738729,0.4654858178841389,0.10042987306062004,0.018862927412655682,1505.058262708182,Laminar,True,True,True
2.2384025908896237,15,1.4709829237050938,0.5389119864422216,29.064743855576406,46.35873668907078,12.06284548049968,0.03628861492597165,0.4500250762841945,2772.4101957934013,Transitional,True,True,True
0.5258402332440875,6,1.9327504314667838,0.8296121885271261,14.096502588800703,224.12987156626212,0.9624256041583403,0.37089330651161245,0.008434701736178392,1184.692856989584,Laminar,False,True,False
4.8381864336207325,7,1.6366996962732088,1.0564150643071053,14.456897873912462,39.98322517867538,27.553321448906413,0.026992118215910226,2.221801767254836,9583.267173250246,Turbulent,True,True,True
1.17585857776057,7,2.919514345936525,2.5024297348731905,23.436600421555674,200.25854590489735,0.07505719718965029,0.33827890799418114,0.0014709441523019472,1156.873610314193,Laminar,False,True,False
2.041099924131757,26,0.806241320000965,1.0907993526778614,33.46227432002509,63.906854941253954,2.535256153444865,0.07076340663881878,0.08624518570751474,1545.2479398353366,Laminar,True,True,True
4.573858653340804,6,1.8846764835463308,1.9809680514338237,13.808058901277985,44.41448405843753,5.103954496996011,0.03568274640202411,0.3890794407057153,7363.655628996262,Turbulent,True,True,True
3.6840612198917237,17,0.7517219496155345,0.6700646007429654,20.77927314346409,36.18907004351837,65.87769862585007,0.018472023289058368,4.044957912720142,5691.50880969528,Turbulent,True,False,False
3.457249234348022,28,0.8306382962591442,1.179223537482501,36.757872295256035,42.65025349944354,4.147135322472178,0.03113813036927347,0.23896134030590957,2293.983825743964,Transitional,True,True,True
3.7136715832959557,11,1.200484878427445,3.6432109379423876,18.205333662701893,46.3107382950473,0.8681689455305573,0.03874650458650454,0.05373490570861409,2602.662439658876,Transitional,True,True,True
3.822419652266956,7,2.8236487941025494,3.586416696864212,22.765541558717846,56.41453181459154,0.2544699227353157,0.059064334812119444,0.01621151389290541,3180.9859838194975,Turbulent,True,True,True
2.0680565974291083,21,0.503293429700148,0.8287837531012492,20.569162023703107,41.48628357089629,23.86811387868378,0.02601416308569031,0.8226768395833542,2760.562810570597,Transitional,True,True,True
3.834955565789507,6,1.5335969870488517,1.2301147535260355,11.70158192229311,43.33510623462947,19.107520518129327,0.03291779000466196,1.2212748693239546,8635.753541918104,Turbulent,True,True,True
1.4675798474235988,19,1.6057046811340538,0.8802599820722723,39.508388941547025,93.21607150529358,1.0020692133493965,0.12662662991290957,0.024510276387253217,1160.2112823264251,Laminar,False,True,False
3.4024582350544788,7,0.9243638691420173,2.650616738075959,9.47054708399412,41.388238713715175,7.446517133091132,0.02854707256140138,0.4222743923660031,5076.97435433257,Turbulent,True,True,True
2.0154717124266233,7,2.2594451827845212,2.898058023909406,18.81611627949165,101.02049128242254,0.1931839837792441,0.14490102950716918,0.006489280910015835,2084.601554949338,Transitional,False,True,False
3.2973529561478525,4,2.4848381016591596,3.689981488651384,11.439352406636639,58.498891636808246,0.7089955914473192,0.06263356336535063,0.03896347848924355,4984.998934050125,Turbulent,True,True,True
1.4762365550144478,20,1.167410860838552,2.503165400160814,32.84821721677104,80.34797037143719,0.23505627861406828,0.10094792754883793,0.00578331118292914,750.88876268056,Laminar,True,True,True
2.147767558095469,11,2.1652368503039976,2.635838886887777,28.817605353343975,112.81802578882811,0.14726179391917663,0.16893589756817837,0.0052714017254424685,1518.587892029949,Laminar,False,True,False
1.0879232568415291,10,1.0004321310226658,1.5533780120726277,14.504321310226658,112.97881449120018,1.1616349767287228,0.16273024982187204,0.02106282845239577,1590.7192998063651,Laminar,False,True,False
4.71218678527429,10,0.5496977066632981,0.9956900818059746,9.996977066632981,34.40672280390568,221.91418695559372,0.015759582492543927,17.428351653950617,11385.940705352128,Turbulent,True,False,False
0.6447732064286578,12,1.5070981103580414,3.290036903393964,23.585177324296495,119.66235206989326,0.05988814815204453,0.16700620009476458,0.0006435712218511374,418.2420467777318,Laminar,False,True,False
2.5269610126505153,16,0.6188233034018435,2.144030024506674,17.401172854429497,48.11172372832695,3.73621679172975,0.04052871241968323,0.15735456945852117,2134.5416122749853,Transitional,True,True,True
1.7322562575930878,10,2.1921964458555703,1.0897148465557565,26.421964458555703,91.01179410480061,0.9266505790719196,0.12371628762822263,0.026753271069993187,1970.9209123155188,Laminar,False,True,False
4.171130216046667,17,1.278675126977432,0.8265755637049317,29.737477158616343,37.74994792720864,14.42314206871832,0.022049902046878293,1.002680061552747,4351.960101274191,Turbulent,True,True,True
3.9456558080688224,5,2.709199383211098,3.622261609029934,15.54599691605549,54.534805802433674,0.552267123804431,0.055422467982666035,0.0363175997440736,4654.029746246754,Turbulent,True,True,True
4.677124539002877,16,1.7203889864044406,3.625642760002006,35.02622378247105,55.54763365574786,0.2395090306086502,0.05801851079244274,0.018670226072875152,2041.7911403893831,Transitional,True,True,True
4.857446498015087,7,2.0832171203121623,2.433627733720528,17.582519842185135,44.684513589969825,2.1004274640225393,0.03640648844241982,0.17004523382418324,5736.654693638231,Turbulent,True,True,True
0.8999207867003939,12,1.2855410750962133,1.5549891975346526,20.92649290115456,131.38773070926982,0.44733789315717004,0.19678475020431951,0.00670947781218162,985.8424442476133,Laminar,False,True,False
3.122956251441314,9,2.7822917368785745,2.646927206295325,29.04062563190717,70.4066435491709,0.20983914947868748,0.08620535401917737,0.010921974727693257,2386.5466729757673,Transitional,True,True,True
2.118247500959291,11,2.961601579910954,3.836180735621546,37.577617379020495,131.84219001402968,0.03587494699915046,0.20689085216633274,0.0012665336137999582,1057.7929334068635,Laminar,False,True,False
4.460089321993346,25,0.6620693057499767,2.439218818090128,28.551732643749418,39.791992489671294,2.9669478823386934,0.02635750847250701,0.22054754281549294,2148.054661325415,Transitional,True,True,True
2.761323527607461,17,0.7173799633103326,0.5764362340590561,20.195459376275654,38.08876466363322,63.79547143097489,0.02096612498730912,2.935998936952676,4687.914530234549,Turbulent,True,False,False
1.8230675201890085,5,0.6337780737906911,1.9810588966628055,5.1688903689534555,46.82036011414695,22.63598517867533,0.03574722574362017,0.6877821561120464,5206.813589228402,Turbulent,True,True,True
4.277868621151402,20,0.8654759484574768,1.5592780661137045,26.809518969149536,37.039008931786036,6.2573802661561935,0.02071410590408638,0.4461375115200264,3293.924624713143,Turbulent,True,True,True
1.1499087894275917,6,2.9616071587427113,3.928652581009384,20.269642952456266,218.58399042253313,0.03414024199770128,0.3746536200991474,0.000654302739105695,1038.629004551853,Laminar,False,True,False
1.9533757759826587,11,1.1026214314288982,1.3033132618609646,17.12883574571788,53.72531292000816,3.4262338133034365,0.05008370054446708,0.11154536889599373,2756.0886004751965,Transitional,True,True,True
2.6818897257688983,7,2.1212415813767356,0.7618693397387732,17.848691069637148,47.004677457058136,13.073460204356705,0.03864359610698485,0.5843596433718801,4962.098971612709,Turbulent,True,True,True
0.9665475008865203,10,1.1923356873395015,3.2210513168244987,16.423356873395015,119.21554174143057,0.19603213916692264,0.17354265492389134,0.0031579062367537935,817.7773681580818,Laminar,False,True,False
1.9548029256890538,12,2.1415551150229537,3.2598897269054086,31.198661380275446,117.28479132898876,0.08271603057811742,0.1772080357589584,0.0026948923095914865,1126.1485596356615,Laminar,False,True,False
3.4000979376497256,7,2.8165695483765063,3.9373268517739453,22.715986838635544,65.43134180343775,0.15529840342159681,0.07663034275090976,0.008800496353234441,2685.485978304265,Transitional,True,True,True
3.4450878089656154,20,1.1924212624311208,2.329881344254699,33.34842524862242,57.922335898409216,0.6441021544646566,0.0616676016570241,0.03698314133457793,1826.1125150310183,Laminar,True,True,True
3.838942710697996,9,2.3037351854886947,3.5431076968496513,24.733616669398252,55.471571653568944,0.2612133760977137,0.05719461812709337,0.016713053101785533,2724.153623036646,Transitional,True,True,True
3.016736834569642,9,2.719721489217483,3.4717012131817166,28.477493402957347,88.68920024861139,0.10534585041703133,0.12260822192185072,0.005296678455368701,2021.5680182474537,Transitional,False,True,False
1.7984055640183554,4,2.543560749407363,0.6577500282519142,11.674242997629452,56.36176419257713,17.77898510397961,0.054721788564217576,0.5328970955599399,5244.253858559049,Turbulent,True,True,True
2.1174563750380853,20,1.5168492977674588,1.0042225429228728,39.83698595534918,77.31793551196543,1.1658623299332442,0.09783980495832374,0.041144377048898395,1568.1339279661331,Laminar,True,True,True
1.2314288020385136,5,2.1129522488596013,3.0820679518625647,12.564761244298007,169.23092927381612,0.15327313698330938,0.27677594264898026,0.0031457492576673607,1770.2555274823433,Laminar,False,True,False
3.0093124792153576,7,2.702364755464485,2.748542231395007,21.916553288251393,62.11026635747277,0.3355197362490165,0.06943858550434816,0.016828062155286844,2944.993710695661,Transitional,True,True,True
3.740978804062327,12,2.13028632375583,3.024510350547808,31.06343588506996,61.43461717668285,0.2377136363885494,0.06902254765196733,0.01482136125276904,2258.2725667028612,Transitional,True,True,True
1.1528021522049983,9,1.214526994896254,3.4279292806048525,14.930742954066286,121.56562900649642,0.2260609156469225,0.18064830646031324,0.004343391834786747,1030.2635712940255,Laminar,False,True,False
4.056939308180769,10,1.781237079639467,0.553955930993005,22.31237079639467,38.228376419828045,48.82523247467662,0.02290965185473829,3.301350080959663,6487.2349255136605,Turbulent,True,True,True
2.67209325647058,11,2.566965951203568,0.8978032974464523,33.23662546323925,54.10952731411926,2.201688192170611,0.052833623793834474,0.09805193618583319,2617.9931544377,Transitional,True,True,True
1.476293067346171,5,1.6499131069870723,1.1831441939014509,10.24956553493536,64.91453711913587,4.5545435241971575,0.07008143419707832,0.11206401716164435,3891.626162215005,Turbulent,True,True,True
4.624439589922596,19,0.7124391237059078,3.041207093089683,22.536343350412245,38.307041735908776,2.8132920911813883,0.023502274324789504,0.21683165540792237,2421.2301251698605,Transitional,True,True,True
4.8713168909456,7,1.9714078625619433,0.5586697032731869,16.799855037933604,37.50521383973977,99.7872951702227,0.022056324356300665,8.101592274408002,10270.661206108036,Turbulent,True,False,False
1.396466757922728,21,0.5664135526248444,1.6665934900065231,21.894684605121732,68.4635077280543,2.3333599135989966,0.07662217050784377,0.05430765922684079,1112.0008301441799,Laminar,True,True,True
0.6531880153556435,5,1.3341634778563358,3.5728494488719624,8.67081738928168,202.9982734837299,0.17152666813589326,0.3339655649569209,0.00186731939900417,994.1110433143033,Laminar,False,True,False
1.5146590811001739,10,2.0305956848187368,1.0729068308582321,24.805956848187368,103.4472683207563,0.9108315653644585,0.14739380238694533,0.022993321697199396,1822.4125109060244,Laminar,False,True,False
4.772171314693715,5,2.362702087007508,1.2619509293400744,13.81351043503754,43.88910013354853,13.70179471323966,0.03476272314633838,1.0897885281724051,9832.489245903158,Turbulent,True,True,True
1.7334845946675161,6,1.7624806525462564,1.720090398265922,13.074883915277539,66.44516305669319,1.437647318432214,0.07458891203675315,0.04153565798445513,3097.7948073333005,Turbulent,True,True,True
3.978981935379334,12,2.8463360823339716,3.3631949247561708,39.65603298800766,75.80997213275575,0.09952330316246182,0.09800334744514218,0.0066000237572119425,1993.9571370112249,Laminar,True,True,True
2.111844077330886,18,1.6622981263656462,3.8506657404338593,38.42136627458163,81.92264518418669,0.08019643108439439,0.10703116352526504,0.0028227059668108814,794.6723380773459,Laminar,True,True,True
4.528419776572625,20,1.185759582058372,1.7754718177669022,33.215191641167436,39.771890154575125,2.2030714176330566,0.026365988910427223,0.16627386961352372,2855.1454261462327,Transitional,True,True,True
4.459320662647567,9,2.8185432797381607,3.3081908428090974,29.366889517643447,52.363432257052466,0.2545586818558865,0.05149983185499673,0.01891931316427138,3019.8199954356255,Turbulent,True,True,True
1.7406880072711797,29,0.5822028148517462,1.9798121831168134,30.88388163070064,56.57390369460022,1.5178581426007092,0.05488074668924245,0.044035291092732715,874.8330233040086,Laminar,True,True,True
2.7197871973792047,9,0.9791160164941974,1.618485287923422,12.812044148447777,43.86688507671305,8.01251066381503,0.03244277774428969,0.36320539870514124,4344.1400598049,Turbulent,True,True,True
4.241083990910923,23,0.714487853227005,3.1822622591577407,27.433220624221114,45.19184417421109,1.5158604227278176,0.036990599825148456,0.10714818952144017,1766.9748891008408,Laminar,True,True,True
1.6174074105513403,11,0.5138977134238721,2.4483216807576875,10.652874847662593,61.05271967253016,4.219480551221687,0.06320825405833383,0.11374365187038685,1853.5035381014775,Laminar,True,True,True
1.0047380363771505,6,2.659341932549934,3.610573509851468,18.456051595299606,220.00215199569757,0.04392307843960052,0.37568179116239137,0.0007355197930507298,997.2953781439099,Laminar,False,True,False
2.7425498145744447,15,1.8949172346751995,3.173679541714652,35.42375852012799,90.58360072860009,0.12921212101901436,0.12592012323119076,0.005906177975691142,1346.9746410830085,Laminar,False,True,False
4.1975641400227826,30,0.6450130095147815,2.869038976531404,33.850390285443446,44.968248486393726,1.652026643032981,0.03650822930712132,0.11557479658595766,1486.7974281345034,Laminar,True,True,True
1.773954661536958,20,0.6731630217917018,2.623061201392756,22.963260435834037,63.83794985638524,1.0340088363114215,0.06956386972248203,0.030571413254084186,1004.8001025137186,Laminar,True,True,True
3.7949389435815957,26,0.5141206839252311,2.519089579299112,25.86713778205601,42.15150605307239,3.9636640184481013,0.030511021344307013,0.25069771571469696,1796.854142234575,Laminar,True,True,True
4.4195297157366085,19,0.7430412762304257,2.0799290661092993,23.117784248378086,36.41659676995498,5.6957421722266215,0.019577106503192002,0.4195416963888289,3076.8054684610497,Turbulent,True,True,True
3.9137332057370107,4,2.856404251251592,2.323831853089504,12.925617005006368,54.055311071646955,2.0266765046141533,0.054433730372872406,0.13219785222325717,7052.864954294623,Turbulent,True,True,True
4.591100681037684,5,1.7001480571000016,3.1790644409542157,10.500740285500008,44.97681822090453,3.116927329505489,0.036819230464777156,0.2385021197539603,7027.178358299175,Turbulent,True,True,True
4.316947376967031,6,1.602115769390612,3.6280110085430923,12.112694616343672,44.72228921050888,1.782789083728913,0.036111117954814434,0.1282701109781498,5136.853558099484,Turbulent,True,True,True
2.410048842438612,6,1.9128856924184636,3.5558638155459668,13.977314154510783,66.31299867822283,0.3751866752135004,0.07665500906674823,0.015070303538278136,2742.6504436291707,Transitional,True,True,True
1.5466711401040671,15,1.4925710529740384,2.5756166503067277,29.388565794610574,100.80738405564964,0.17730647974066358,0.14231067427863647,0.004570580252805514,946.432482053991,Laminar,False,True,False
0.7936698885744351,15,1.3373798085839463,2.655271335962879,27.060697128759195,104.1826236940442,0.11117462135994209,0.1402338131193053,0.0014705991557841707,494.8472669186162,Laminar,False,True,False
0.670595751697128,15,0.9191716743422282,1.2335716294402725,20.78757511513342,115.2719539968987,0.8382848721353275,0.15908481974371386,0.009369171232765348,775.4631923270355,Laminar,False,True,False
2.482212958384102,29,0.8441567145193267,2.5915078582385327,38.480544721060475,56.75936191760813,0.5695570109212105,0.05772132705377017,0.023562696550785734,930.2810640069287,Laminar,True,True,True
3.8474239001144985,10,2.2131701669930544,1.4666303332963242,26.631701669930543,45.49643688433255,2.183862622510527,0.037252611767544956,0.1400374208068955,3904.1784624191614,Turbulent,True,True,True
3.5963498141841943,8,0.8797903849033729,1.0306484882071536,10.538323079226984,39.202749999987674,58.585632876386185,0.024404116886729974,3.511573831814248,8786.637146330177,Turbulent,True,False,False
1.072525004200223,12,1.599375197415936,0.5106401272166787,24.69250236899123,100.19861262558027,4.482165830109212,0.13697994047043824,0.08012058209606632,1581.7012842579447,Laminar,False,True,False
2.9406752973613886,10,1.8811970774005367,3.773988947045541,23.311970774005367,79.06781453801409,0.17609910943122506,0.1032420682572897,0.00863083834986239,1941.7086928199626,Laminar,True,True,True
4.410714245825677,12,1.941074599846139,1.9632460942355379,28.792895198153666,43.65510727671628,1.321279935054209,0.03404761974139754,0.09712980387112043,3515.329919943381,Turbulent,True,True,True
3.642632019871279,11,1.7238676698488744,0.8475770342986152,23.962544368337618,41.298124931712366,11.876066757331726,0.028645707141212496,0.7210023506730903,4808.718150548892,Turbulent,True,True,True
3.9473969019079553,28,0.5261978847359603,3.176234678742358,28.233540772606887,43.33338924501473,2.4916689205153806,0.033021243527775156,0.16392676962371255,1421.8359949540409,Laminar,True,True,True
0.8821247174895648,7,2.454267175028815,2.9133259671339187,20.179870225201707,204.29490629224014,0.05860062855276768,0.3422765032184835,0.0008615510484470186,876.6702298401325,Laminar,False,True,False
3.0285640820148707,6,2.551462981775484,3.4797897876031714,17.808777890652905,61.615744385386954,0.3029250893557669,0.06847993885269325,0.015290467419400346,3125.085356579683,Turbulent,True,True,True
0.7752485502068182,5,0.6006816530599062,2.6070383610584353,5.003408265299531,109.28796062932416,2.6693208147271483,0.15001365060111435,0.03448978486090174,1804.9218459770198,Laminar,False,True,False
4.2433888150242485,6,1.5066519590216794,0.817434073848583,11.539911754130076,40.22420720252985,66.01523128994715,0.027057168859789635,4.668804901283342,11363.006972577334,Turbulent,True,False,False
0.9636067276310888,13,1.5504419438138184,2.748800843865679,26.15574526957964,116.33436389317481,0.10440731351596706,0.16773486213020508,0.0016767931619645696,643.7961818967269,Laminar,False,True,False
0.6388743720450555,14,1.0565399885737645,3.216283200629333,21.291559840032704,96.43964183565896,0.125376141176089,0.12035470912979145,0.0013349933910551013,398.80115406373255,Laminar,False,True,False
1.618268354375138,15,1.6672695642545596,2.155223980190473,32.009043463818394,106.05052598293956,0.200851635400976,0.15320860011950022,0.00541719742489821,1053.892754461623,Laminar,False,True,False
0.9726456952284492,4,1.6748563494822084,3.3329240824504436,8.199425397928835,178.02884612799275,0.2257612149770132,0.2912626096412212,0.0036597612316156066,1813.148169353917,Laminar,False,True,False
1.39742542823161,21,0.7380284273669159,3.6574470317307606,25.498596974705233,59.991996001261896,0.3857149680600284,0.05968621644679324,0.008983465073610449,565.3109323377109,Laminar,True,True,True
4.008232045893348,5,1.9148064405913388,3.7075613590683054,11.574032202956694,48.89735041692487,1.2944039924701383,0.04420449616230548,0.08647119271585169,5324.115838377814,Turbulent,True,True,True
3.421665210255918,9,0.9457999124347887,3.2883721906421526,12.512199211913098,41.609840864406564,2.8219357449862503,0.029014017956487656,0.16092865606995116,3352.8212098605877,Turbulent,True,True,True
2.486658230637572,10,1.7169124252695875,3.343696370421691,21.669124252695877,86.75200709499714,0.2180641361738235,0.11771698111946649,0.009037516317058509,1834.8359063624982,Laminar,False,True,False
2.4348093387512586,4,2.396070126199981,2.969340595870418,11.084280504799924,65.38554103323328,0.7458110527921458,0.07486081501320309,0.03026512860470374,4236.292039346,Turbulent,True,True,True
2.5561054280222812,5,2.3163500039053906,1.791214462084279,13.581750019526954,58.08833080865089,1.9902084973369232,0.06054685728370903,0.08478637904898294,4647.3808811490135,Turbulent,True,True,True
1.2653919802789326,12,1.3021576538199484,3.568937175248169,21.12589184583938,102.88676180847474,0.1470379097642892,0.144401258231936,0.0031010098635451486,808.3531671142505,Laminar,False,True,False
1.7752510046182353,4,0.8335501768264054,0.693122455987034,4.834200707305621,48.984724451560204,167.32083638065143,0.03986334256752964,4.9506080479719135,10855.198069529797,Turbulent,True,False,False
4.895115593898342,10,1.8419420681515262,3.0537556121724414,22.919420681515263,43.159300108641176,0.9092839920753274,0.033378858930327444,0.07418417081483451,3733.6384237812563,Turbulent,True,True,True
3.978380510909173,8,2.4972647754030524,3.8651948554701705,23.47811820322442,54.8511898924058,0.238271861964244,0.05608523623196648,0.015798935532276487,2918.6041044337912,Transitional,True,True,True
3.837928326082404,13,2.2793328166569475,2.01281825303707,35.63132661654032,52.91098742075279,0.5074495434248228,0.05207245890656658,0.03245924961279518,2568.3984862823304,Transitional,True,True,True
3.046882621090061,6,2.732409424742568,2.617568459840663,18.89445654845541,59.04610346579751,0.5225040925204895,0.06336922439324852,0.026533477315818548,3544.348221804327,Turbulent,True,True,True
1.160786746668859,16,0.9538309489787098,1.7139036001922703,22.761295183659357,96.04939618295565,0.6981951980390764,0.12970170611635148,0.01350759554119332,1015.4855359293538,Laminar,False,True,False
3.966340226807111,5,1.9506003535083634,0.8964386138763084,11.753001767541816,43.166054073087736,36.34153802588041,0.03270398433608469,2.4023817362681625,10404.242015031872,Turbulent,True,True,True
0.9626325939022806,6,2.516765880749521,2.227178365566998,17.600595284497125,220.83002016088864,0.12204533260334328,0.37671106237634466,0.0019580802516270487,1262.8554205232574,Laminar,False,True,False
1.272077489974736,12,1.2815809314498452,3.837534478857622,20.878971177398142,99.5647250683922,0.13773589205572578,0.1378169526441312,0.0029201787974279803,773.2524375492429,Laminar,False,True,False
2.443808696443819,12,0.8826740051105332,1.5659400661499967,16.0920880613264,44.91611867220842,5.301141014286733,0.033943734927373986,0.21591624186314873,3105.6285887530134,Turbulent,True,True,True
3.903908185491721,11,2.538762273655748,2.976453658777453,32.926385010213224,60.66169648614208,0.20676808734872293,0.06763724751699926,0.013453393811652444,2402.8589951792724,Transitional,True,True,True
3.1451124070323693,13,1.6846116009695709,1.122955823081222,27.89995081260442,45.25279008043423,3.359795175809843,0.0359301082687913,0.176115558208784,3217.7071962704786,Turbulent,True,True,True
2.3342691957007955,5,2.555870467635131,0.851045920840241,14.779352338175656,53.03091809043002,9.33863834899708,0.04989700590237132,0.36331493046423363,5116.857897082168,Turbulent,True,True,True
2.801940018958339,6,2.7271714930931026,0.8276749221871768,18.863028958558615,48.749018106615345,8.81392314233469,0.042362175588651865,0.4116013996088434,4905.357212845886,Turbulent,True,True,True
4.317234457810356,9,1.7929563235619703,2.475046927302744,20.136606912057733,44.248344718122866,1.5212340121855628,0.0351634506333899,0.10945873159667685,4196.838725822199,Turbulent,True,True,True
4.183570738330591,30,0.7844548277298244,1.5242378191673982,38.03364483189473,40.4778765509693,3.3327822039484007,0.027516018407374297,0.2323821684277911,2255.50419507121,Transitional,True,True,True
2.7637503493978723,9,2.5705549598441433,3.3426185410821376,27.13499463859729,94.7013836702601,0.11331789755150692,0.13419593908306382,0.00521970631585016,1939.1864862380655,Laminar,False,True,False
3.3148824558928958,8,1.90854155707852,3.0045603707831265,18.76833245662816,52.034844852788716,0.6178419469793675,0.049728548320543436,0.03413455717594356,3149.2436978794685,Turbulent,True,True,True
1.9633884165417972,6,2.4008272120172096,1.6126420026924715,16.90496327210326,67.83005683058464,1.017512565517023,0.07833075728188178,0.03329620641369749,3044.5207261170394,Turbulent,True,True,True
2.876068761854731,7,1.3013109324098067,2.7306705259196384,12.109176526868646,47.97712398504564,2.087557591717626,0.04095076070766586,0.10006598630186261,3805.104564665105,Turbulent,True,True,True
1.488571554927995,9,1.476009623987129,3.103268427012534,17.28408661588416,123.46665252851439,0.21595976075973133,0.1872660684581836,0.005357859281266517,1348.6960603426473,Laminar,False,True,False
1.4307755778415947,10,1.417930409074108,3.9661743252504467,18.67930409074108,112.67847012223305,0.13772357538033153,0.16529919699062298,0.003284192135786738,992.2975430290184,Laminar,False,True,False
4.657572156459699,4,1.6038622817125772,1.9645295137480057,7.915449126850309,43.898964643979355,16.12431380371035,0.03470825661464513,1.2516692502363351,12184.591266250049,Turbulent,True,True,True
1.728257143276898,7,0.862496807483482,3.296342501874415,9.037477652384375,66.26222915754187,1.3975792472228796,0.07419793498967475,0.040256271955141525,2216.777359588625,Transitional,True,True,True
0.7634549908406576,8,2.487925509746864,2.252648077571334,23.403404077974912,194.4977347642764,0.07185885106692103,0.32014645604584024,0.000914349974718606,751.7032985810825,Laminar,False,True,False
3.0279355247670106,10,0.6404184723943005,1.374197792013507,10.904184723943004,38.73913935765112,34.286661004838194,0.022725742441628758,1.7302966480365556,5612.265195137961,Turbulent,True,True,True
3.89883853181614,19,1.530670298723209,2.46180943788149,38.08273567574097,58.44131808754784,0.40649656267754747,0.06319169763061165,0.026414407693633943,1919.2114452652565,Laminar,True,True,True
0.9790224178763354,5,2.8769858718994947,3.865108564119902,16.384929359497473,253.13871628901342,0.03829181148560092,0.4415787156201303,0.0006248090310916307,1084.4554052323429,Laminar,False,True,False
1.901696693852331,17,0.587934016810714,3.933135966176707,17.994878285782136,57.06164208341953,1.0913168686057946,0.05655616083832933,0.0345892280162153,923.9213382042035,Laminar,True,True,True
4.092347130661863,5,1.384379480232074,2.701404714575243,8.921897401160368,44.09477948347868,6.16320431643064,0.03467314822360178,0.42036619166712896,7480.160798729556,Turbulent,True,True,True
1.1619232292004704,12,0.7955265243060214,1.3743184734179852,15.046318291672257,92.58529221591209,2.171715705198125,0.12278562383016557,0.04205611541815303,1666.2930153145312,Laminar,False,True,False
3.835668854061641,8,1.7683955541294858,1.1840769488263643,17.647164433035886,43.31185987915633,9.175649748918893,0.03287199510133096,0.5865792326284452,6063.859838807987,Turbulent,True,True,True
1.3734755030730736,13,2.126128148087025,0.8793133815395882,33.639665925131325,111.790375524761,0.8718379836066004,0.16310340843685645,0.019957468552204826,1312.662804394667,Laminar,False,True,False
3.505283272473828,11,2.178177284044064,1.8360531695542104,28.959950124484706,50.26688790719949,0.8709951529120847,0.04642843758715669,0.05088474566514191,2964.2309042918855,Transitional,True,True,True
4.307234826422743,14,0.6388904230391355,3.626540591342619,15.444465922547897,37.02297209776582,4.318669543381796,0.020704966980283953,0.31002539768442133,2693.3419072803244,Transitional,True,True,True
2.5664140543285385,5,2.505785515155259,3.270413662618531,14.528927575776294,65.78485349823171,0.3834567787246584,0.07596251614137564,0.016401814435775198,3318.1686603074113,Turbulent,True,True,True
3.201735273275366,13,1.659377738114992,0.6378593662418467,27.571910595494895,40.79647048271862,16.04630528575474,0.027098386548051415,0.8562670273190987,4003.318495117181,Turbulent,True,True,True
0.8150446488492121,11,1.3153974176354697,1.5597003618825833,19.469371593990168,141.99383774664886,0.4187300737469066,0.21633174285682438,0.005688061765327536,962.321065998701,Laminar,False,True,False
3.1693682289590486,12,2.378855423320265,3.7821835152656873,34.04626507984318,94.33377415752611,0.08471175446909548,0.1341270934432224,0.004474712387228848,1600.7422113040498,Laminar,False,True,False
0.9232253540606641,16,1.9746062763114183,0.8434745785704112,39.09370042098269,110.33378034380979,0.5849990235765161,0.15508049589081135,0.009001432177776198,764.571644806931,Laminar,False,True,False
2.168439280786683,8,2.0613805763650923,3.2319076121360157,19.99104461092074,101.38680405163564,0.17038629750767684,0.146137326634242,0.006157872340390876,1912.1221674995054,Laminar,False,True,False
0.5031106516118464,21,0.9608520339095288,2.7639468881940186,30.177892712100103,81.67649866907308,0.10486652374569415,0.08475019719925735,0.0008793244182327557,240.1736074780195,Laminar,True,True,True
3.5616598833692734,17,1.7528162717339582,2.397103396245436,37.79787661947729,65.33668977527877,0.3199097438763483,0.07663302368081439,0.018990161684388815,1885.1578908753975,Laminar,True,True,True
3.9717649161198185,12,2.1375329540048136,3.5956613962942434,31.150395448057765,63.35017266056118,0.17511523659507094,0.0730771768507542,0.01159194254977207,2155.705957294479,Transitional,True,True,True
1.6706511148990888,16,0.5974737788230797,3.6937730126917483,17.059580461169276,61.06420294917782,1.05558727955591,0.06351477419065527,0.029391967757722955,908.5863070166733,Laminar,True,True,True
3.8937502924972525,11,0.8840991649820344,3.533883772234812,14.725090814802378,39.91739052141088,2.4857784101177085,0.02613901928749602,0.16131667352465306,2991.8187125337454,Transitional,True,True,True
1.582506286307651,22,0.6772609092274313,2.9897779481778404,25.399740003003487,60.08828170135671,0.6872093685535772,0.06108315660849727,0.018125219095759117,732.4722030042932,Laminar,True,True,True
1.337916996072605,8,0.9941695301542998,1.093938113519724,11.453356241234399,59.88273101071633,6.217056435503545,0.05900965769422697,0.13863175784337933,2990.681729712325,Transitional,True,True,True
1.8760780511082242,9,1.7165541948108052,1.4130727875701836,19.448987753297246,68.43947060911626,1.2356581240832845,0.079208485606165,0.03863651808777021,2487.13702427624,Transitional,True,True,True
1.2667584186700647,29,0.547253549263595,1.777474264739216,29.870352928644255,59.40393720312079,1.512859238334725,0.05744787615897686,0.03194045294038825,701.6290894906921,Laminar,True,True,True
0.9952766340173697,30,0.7574492648395823,1.6148253073734222,37.22347794518747,67.28741137697844,0.6021285573426453,0.07011615576233471,0.009988074729962047,522.2055663040261,Laminar,True,True,True
3.8788866564722984,4,0.6674656279213158,2.8753587331480377,4.169862511685263,38.335970591826076,51.3392825546808,0.022962017514759157,3.3189876342368736,10220.717221453015,Turbulent,True,False,False
3.292441379605609,27,0.9599675211801477,3.279936969876409,38.91912307186399,55.297299335869695,0.4153293623374182,0.05622386833620839,0.02279079297874878,1073.945173082441,Laminar,True,True,True
3.7627622948231116,14,1.779778443297701,3.651324348685967,31.416898206167815,68.08330545213057,0.1878553263489073,0.08234219355119095,0.011780915647789316,1847.883647122662,Laminar,True,True,True
1.347792877597804,18,0.9905507462121644,0.7750137853728298,26.32991343181896,83.69924476005158,3.1664496723910096,0.10672149778421568,0.07112863859534171,1583.6199096069581,Laminar,True,True,True
4.910677433877847,6,0.8071415647781978,1.2029783095814284,7.342849388669187,36.705749628724156,145.0877900327702,0.020481073952678088,11.874655607418864,15203.798205524485,Turbulent,True,False,False
4.143585862743752,22,1.0557333504763444,2.853084231426895,33.72613371047957,51.63448508177311,0.6756129232525593,0.049796042633508036,0.046657669291271395,1799.2526693980808,Laminar,True,True,True
2.29444353697923,10,2.588697884500781,2.7339427098190865,30.38697884500781,117.08045743796946,0.11301186076229747,0.17788907894540845,0.004321655558800835,1609.6599179543027,Laminar,False,True,False
1.796966226880146,12,2.6661540538697315,1.7756903619336166,37.493848646436774,125.58004942712148,0.1657168976216358,0.19315194978580777,0.004963127804157239,1258.8651859593597,Laminar,False,True,False
3.801650125092066,11,1.637373805854228,0.8332473059741683,23.011111864396508,40.50055782475788,14.964238437686378,0.027215819017187892,0.9481466488089654,5223.447196301392,Turbulent,True,True,True
3.7625249501244196,5,2.0195156629628475,1.6442538113624745,12.097578314814237,47.863038213384726,6.632023175317479,0.04190141782475171,0.4158858777822565,7669.466260365194,Turbulent,True,True,True
4.292838869953,16,0.5097872645235166,2.4798611408310998,15.656596232376266,34.44054771777495,14.77559423425863,0.01552891431444545,1.0571540875913146,3351.1076981399206,Turbulent,True,True,True
1.5432560456887812,22,0.5384178000694999,2.6677850704560604,22.345191601529,57.68673030502252,1.435272474193381,0.05604877760880197,0.036916548716827174,816.9739418169914,Laminar,True,True,True
1.4221146209244204,5,1.9334518523833417,1.2321478840201268,11.667259261916708,70.74101414765245,2.627432548463342,0.08136303141272905,0.06227517071104048,3354.9997565698022,Turbulent,True,True,True
2.827589765760833,17,1.5605255771055468,1.988709291631583,34.5289348107943,72.50106097861898,0.4442500651220073,0.0899128499595627,0.02093594895962619,1749.9137238709445,Laminar,True,True,True
2.303820392249426,28,0.5132396997637552,1.5777913506047674,27.870711593385145,52.54749938522578,4.097336426510985,0.04884869004594672,0.15732545355503996,1469.3119199737637,Laminar,True,True,True
3.511256732779741,11,2.7096630582037085,2.8898360802729797,34.806293640240796,73.58299564181036,0.1504829733717073,0.09306763718679355,0.00880640589033536,2128.6517423641926,Transitional,True,True,True
4.789856251549223,12,0.5911850753918144,1.7366160682411076,12.594220904701773,34.5385687124058,41.96429308346498,0.01607279394140426,3.350048859461309,6402.937367885388,Turbulent,True,True,True
4.237620139276635,11,0.764427988240973,2.5306296845427134,13.408707870650703,36.91617052157248,9.070073886212702,0.02043647899255158,0.6405921294157008,4365.663073341195,Turbulent,True,True,True
1.505278347529665,13,2.038509967258906,0.9335315745775441,32.50062957436578,106.72693793631106,0.896180267433693,0.15389393405892635,0.022483345867521373,1454.797291299545,Laminar,False,True,False
2.614005504513392,9,1.1395543356572,3.488728654020751,14.2559890209148,57.03439781775065,0.7934003101139712,0.05856369115467558,0.03456587963200922,2343.300471337078,Transitional,True,True,True
1.6938150366466114,9,2.9026272695102797,1.4370862099971613,30.123645425592517,127.77604168042194,0.3014604974154029,0.19705624815779266,0.008510305391286272,1619.3708389041792,Laminar,False,True,False
1.8168940492113939,9,0.9120130511364186,2.9045564854946875,12.208117460227768,72.109950689782,1.0727202429551868,0.08629958625604549,0.032483650431564655,1975.139664404186,Laminar,True,True,True
1.2660389896963973,7,0.8652717087702217,3.8115285985831355,9.056901961391553,103.73974124565575,0.6652112903783992,0.1461130289042457,0.014036390500088421,1444.0562517291578,Laminar,False,True,False
3.728510135912338,13,2.490479136622908,3.1181526818023086,38.376228776097804,76.19097790785644,0.12769327538881922,0.09852240524692288,0.007935094526250965,1909.496827841814,Laminar,True,True,True
1.592686286477091,11,1.5735839575236223,3.401566926210685,22.309423532759844,113.82587319258676,0.1382474958540457,0.16861646207464537,0.003669748179775618,1086.7138350109942,Laminar,False,True,False
1.9873189787034582,7,0.5239073555707858,2.8102124574251466,6.667351488995501,43.336179419504106,11.641982601601999,0.029431259865964555,0.3856055495649852,3179.598142763948,Turbulent,True,True,True
1.4002838188392386,19,0.5372001250640472,2.2809744946755206,19.2068023762169,64.85399959047044,1.878594016439898,0.06943124441009117,0.04384274672315006,976.5139840430661,Laminar,True,True,True
0.6621266970630301,4,2.4780686359391515,2.821933419165902,11.412274543756606,316.16518873123647,0.08061743415653763,0.5605968127540409,0.0008896492567294095,1166.242776126756,Laminar,False,True,False
2.216956482609451,16,1.762269541098509,3.837997670691724,35.696312657576144,88.87072796595479,0.08288999531090888,0.12125040681629423,0.0030627252074664404,923.8731233224688,Laminar,False,True,False
3.2701926580151532,13,1.282347648550322,3.7953120843490353,22.670519431154187,63.75180695795526,0.36607665756030516,0.0731031473621956,0.019952353297073955,1849.908677111808,Laminar,True,True,True
2.822950740130179,11,1.698057114224376,3.7327080565471547,23.678628256468137,82.21140495183042,0.18903563813176538,0.10932517457788957,0.008893971576250796,1764.5480441455916,Laminar,True,True,True
1.6954851173044299,12,2.1504004583432748,3.603154960197905,31.304805500119297,119.09949082520839,0.05933810775118951,0.179711514984429,0.0016767813096858074,916.9809897757613,Laminar,False,True,False
1.016978408009841,12,1.0247087972636364,3.8181206886948034,17.796505567163635,92.94949810544063,0.1957737671244305,0.1217488694211092,0.003318294900338212,653.454277520518,Laminar,False,True,False
3.9978369698199376,17,1.3940870201990705,2.143368547332174,31.699479343384198,46.41740267609711,0.9503615441802096,0.0392352655199214,0.0633231752669801,2482.384562461375,Transitional,True,True,True
3.532097748887123,13,1.9026027616284151,3.2164198337445904,30.733835901169396,68.29645966980684,0.21119335908786277,0.08251874743416915,0.0124325931369025,1981.9204189092657,Laminar,True,True,True
0.7437505630106367,9,0.6451283793811642,3.5834087375761934,9.806155414430478,95.1868858316798,0.7054374533831484,0.12102538507854978,0.008744491718708438,729.7574678072106,Laminar,False,True,False
0.6946449590637448,26,0.8195810784470066,1.1306453013596678,33.809108039622174,82.74215803905895,0.7536998099235874,0.09476815996407169,0.008725896226845376,511.55037902366024,Laminar,True,True,True
2.8602626456141382,14,1.8312243521180203,1.6175678428238947,32.13714092965228,62.168242563925304,0.7016206434638129,0.06930534806151664,0.03344698863152166,2212.049028861951,Transitional,True,True,True
4.10306190937632,15,1.2527579516454677,0.839434948087001,25.791369274682015,38.04869412777762,17.620415403255667,0.02259016030393334,1.2049609211414354,4882.013588574246,Turbulent,True,True,True
1.4638136847179624,6,1.9664947788894598,0.9408613579331928,14.29896867333676,66.20086166223821,3.7709364002488237,0.07257098218164279,0.09199913844808867,3133.4315757248633,Turbulent,True,True,True
0.9527800786858475,18,0.7957478202353434,2.628186724692536,22.82346076423618,77.32665588640569,0.4002722484906101,0.08954974932674496,0.00635619040687741,577.2694920537855,Laminar,True,True,True
0.7674360418087717,10,1.5347472363400896,1.5437960714443442,19.847472363400897,157.90300257147544,0.32274232979173123,0.24705477034052611,0.004128068268325124,930.8523960985722,Laminar,False,True,False
2.37481008054527,8,2.9905154539860863,1.1174511157354372,27.42412363188869,61.94502106094739,1.2913488273462546,0.06783045296413963,0.05111180354470333,2698.335163969056,Transitional,True,True,True
1.9694360922730483,29,0.714164532943229,2.6061184232053023,34.71077145535364,55.31087835508363,0.6849119202974824,0.05331490706307313,0.022481504264365057,763.7525892767414,Laminar,True,True,True
4.99166964121519,27,0.9073626063156532,1.440240681334588,37.49879037052264,36.22746414198464,4.905033671759382,0.01957205051958732,0.4080717944743263,2940.635926984078,Transitional,True,True,True
3.06860886144585,14,1.922404467085674,1.3043729152770713,33.413662539199436,52.62675790849625,1.2827942216387165,0.050563972748600465,0.06560656193220162,2536.4621848069078,Transitional,True,True,True
1.0722875892946104,6,2.085961880239135,2.8556729636822533,15.01577128143481,196.4937009265213,0.12356275860024347,0.3295671463549199,0.0022082468757674495,1350.4337256039344,Laminar,False,True,False
2.480091330340361,5,1.7732914610262138,1.500140582344898,10.86645730513107,53.911948845835994,5.402121323977806,0.052021541447869926,0.22329590435073582,5658.1992580779715,Turbulent,True,True,True
4.757365771467725,28,0.7666104063930865,2.317638451482751,34.965091379006424,41.12093668620324,2.0173356886691094,0.02921701169325917,0.15995339591391153,2057.041230405164,Transitional,True,True,True
2.156943818684561,16,1.06890081475669,2.393311839751124,24.60241303610704,77.36104018871748,0.5827955394912429,0.09805043075395245,0.02095095394104284,1453.948447929219,Laminar,True,True,True
4.111586009345138,17,1.0381456848430746,2.43720366687581,25.648476642332266,41.892918135869905,1.650354270521036,0.03028587947086244,0.11309289215228821,2598.638614505139,Transitional,True,True,True
4.563300451063796,5,2.7968509632864986,2.477338756969236,15.984254816432493,50.103416395561055,1.613448380289867,0.04705333159826398,0.12271082869241501,6461.557429803774,Turbulent,True,True,True
2.1349561547912863,13,1.1272631864234424,3.831183829658802,20.65442142350475,81.4788990022959,0.2980178674979471,0.10621743784145461,0.010604251340875271,1236.7554366742097,Laminar,True,True,True
1.7395783153924609,4,2.3796311066555007,2.279741650859676,11.018524426622003,76.34314065005039,0.7654319547608972,0.09441394697144873,0.022192147173508665,3485.3021553380518,Turbulent,True,True,True
1.8883147309465969,19,0.6174359438119854,2.537269872659083,20.731282932427725,62.46655986272425,1.52577208649574,0.0673123702921239,0.048018965116617185,1176.3750655017052,Laminar,True,True,True
2.576831972043701,30,0.6913160242551539,1.2493367203537427,35.239480727654616,53.61057580444129,3.11787858716866,0.0516366301608711,0.1339041538061108,1652.7261997412788,Laminar,True,True,True
3.624088881550511,8,2.502562776374281,2.6877134788323973,23.52050221099425,53.25887803021136,0.4849632525570236,0.05254699985489527,0.029292498859208024,3259.134444963152,Turbulent,True,True,True
0.953859176976231,6,1.2170365719081184,0.9801225182140256,9.80221943144871,80.96049289525163,4.357310376010904,0.0968345099635182,0.06927100815152921,2701.813733000569,Transitional,True,True,True
4.089205830009952,4,0.5070748417914662,2.400162765298534,3.528299367165865,36.09152175663296,172.45221316265682,0.0186639314866246,11.75320992438092,13130.532803998427,Turbulent,True,False,False
1.7521861064461461,13,1.0401688614072397,2.8909395908337197,19.522195198294117,87.79328342265644,0.4564178669684265,0.11737375579581376,0.013328817420597706,1280.282330199985,Laminar,False,True,False
0.6220073126021117,19,1.5602466051103177,1.3368038627732355,38.644685497096035,107.10134754879762,0.17878937796001862,0.14106731851239251,0.001853471675111907,421.95848620657205,Laminar,False,True,False
2.8413414019960914,19,1.0429191415570076,2.475125619422348,28.815463689583144,64.34407045029035,0.6608237885396429,0.07362350016233986,0.03129376649669329,1587.2756533088964,Laminar,True,True,True
3.2482275821132642,14,2.3757882337437586,3.8462574698386374,39.76103527241262,93.68717175357759,0.07067732149587937,0.13294412023861266,0.0038262670852133676,1392.4163500539148,Laminar,False,True,False
1.4140685860898436,8,1.2620770605720932,3.617674131099169,13.596616484576746,119.10249136155014,0.2646839986419263,0.1780284088586092,0.006238022128669914,1352.591660945328,Laminar,False,True,False
2.330857236617925,9,1.2544845326898872,3.0941327365778157,15.290360794208985,65.48778290411983,0.6320329725541548,0.07480171131825802,0.02455297713098317,2223.8519710860382,Transitional,True,True,True
3.789948530706856,18,1.3124709638631786,2.7274601510813485,32.124477349537216,56.02378870749172,0.5027509013953024,0.0582505935511641,0.031756667334244565,1946.1250550248833,Laminar,True,True,True
4.647443604030629,7,2.3010114786599987,1.3568229616487675,19.10708035061999,43.51793949959187,6.395818279380538,0.033939472750527104,0.4954034125841543,6777.600101946631,Turbulent,True,True,True
2.437368013111952,7,0.5895548315803905,1.9369185354261034,7.126883821062734,41.14963114600278,26.58796316693581,0.02639519965625012,1.080077515948135,5146.266113545968,Turbulent,True,True,True
2.055062542990024,14,0.5098094655021996,3.464931406819522,13.637332517030796,57.31519060018876,2.5233061267998167,0.05762797951441111,0.08642586509472566,1379.0248243346318,Laminar,True,True,True
4.346440322648808,26,0.5848035013400483,2.627818722550175,27.704891034841257,40.63953362074012,3.1870381242709316,0.027968226105387056,0.2308711835525034,1943.0528381910249,Laminar,True,True,True
1.51595829564758,12,2.452237684861479,2.8795859827814354,34.92685221833774,130.68843722196945,0.06017867535842502,0.2018842825585846,0.0015204727021781168,884.7368710388334,Laminar,False,True,False
3.9793408460416746,10,1.961368487871353,3.6650974264353846,24.11368487871353,52.55880809890151,0.3170581934862627,0.05150134557094427,0.021028043665201158,2640.9449254991314,Transitional,True,True,True
3.6216438089617182,19,1.1085799723518601,1.6659393069937638,30.06301947468534,43.704787104908824,2.0955325030012917,0.0334361372362006,0.12648787193287803,2565.359794404133,Transitional,True,True,True
4.196709619710674,30,0.657223995083951,2.716199176152293,34.21671985251853,45.05365866562819,1.7088458670464077,0.03667835161292014,0.11952549814727477,1548.4626664408938,Laminar,True,True,True
2.909642237297938,10,0.9128042731506079,3.335691674388928,13.628042731506078,47.16328769979387,1.6667285008442811,0.03938082185252503,0.0808263940694132,2557.3388780481396,Transitional,True,True,True
0.5695031994695365,8,2.367103600774855,3.064335294515704,22.43682880619884,189.31831823990046,0.032479628990320336,0.3033683439939928,0.00030828754379284905,489.4126384309499,Laminar,False,True,False
3.423559893658945,5,0.5708017088105175,3.30621833902556,4.854008544052587,37.77808305559367,32.869824466580525,0.02135282985805113,1.87553021258991,6594.680747722762,Turbulent,True,True,True
1.0656824171289858,15,1.2019687103992642,3.813740243769211,25.029530655988964,86.44957297106339,0.10950406344743922,0.10939571078686887,0.0019449425836685474,528.9177117943386,Laminar,False,True,False
1.2231067456280635,10,1.595793787204463,3.2568559474454277,20.45793787204463,129.16469764813442,0.12109870325471028,0.19656396806169799,0.0024686106806274546,941.1726826057028,Laminar,False,True,False
3.2877794974614782,24,0.7908655047123345,3.6862695921170454,30.48077211309603,52.464332717784295,0.6565571076288128,0.05055173765591953,0.035976916622910325,1142.549800372987,Laminar,True,True,True
0.9521995301827617,12,2.0069203983211104,3.91619963775184,29.583044779853324,120.27507128252995,0.03384370357177901,0.17543737159673384,0.0005370993106782105,500.24191676521343,Laminar,False,True,False
1.886423220525754,10,2.9419791930079477,1.948941961076761,33.91979193007948,133.5367379558063,0.14434763912475687,0.2094450851776451,0.004538345637883553,1440.2317107854838,Laminar,False,True,False
2.439197455295223,4,2.281530292734346,2.615348855005485,10.626121170937385,63.34853999688495,1.1348064588290359,0.07079744551171521,0.04613361711047279,4649.984207205788,Turbulent,True,True,True
1.8589397554039504,8,2.5684062998679895,2.191820117212409,24.047250398943916,121.44416215009915,0.19056488030025384,0.18514715174526916,0.005904143866232282,1822.7689214628117,Laminar,False,True,False
3.5261343214102454,6,2.6512617502978637,0.5620283274982782,18.407570501787184,41.6236048901308,40.41593392833841,0.02916614760165336,2.3752001959427145,6829.3845146609265,Turbulent,True,True,True
4.967012126522258,11,1.8480741893018597,1.0969285266480604,25.328816082320458,39.45258747679969,9.074633405185015,0.026007985848914145,0.7512302361216323,5725.332749702787,Turbulent,True,True,True
2.0562937014024647,28,0.8008664675950784,2.228895052836559,35.92426109266219,60.09817654329977,0.6993794737762125,0.06319814392708842,0.023968826780269927,905.1125054016409,Laminar,True,True,True
3.243232546147633,19,0.9496291335918656,2.3628365722928626,27.042953538245445,53.29768299255809,1.104313265878436,0.05215831954732901,0.05969241208399214,1924.2300600624026,Laminar,True,True,True
3.6254642047853847,6,1.7854363305264456,1.7442772420416266,13.212617983158673,46.90439396625524,5.226347476876139,0.03983953803706114,0.31579892831974754,6392.294912760095,Turbulent,True,True,True
0.7301055278563903,9,1.7429855997452215,2.3857619569148243,19.686870397706993,165.65409714924766,0.11343233018601132,0.2615982032537072,0.0013802928551073024,733.6834024012779,Laminar,False,True,False
0.7857535426249579,11,1.1796821828338049,1.544964718609972,17.976504011171855,139.18381260113287,0.5172260021747291,0.21005351952515228,0.00677353605910896,978.9653745740042,Laminar,False,True,False
2.2391289534253174,30,0.5146268456169135,3.492102217213392,29.938805368507406,45.51871216119214,1.217693179031342,0.03461065136061001,0.04544286755929328,695.5875044618667,Laminar,True,True,True
2.629191539480277,11,2.2997257592735423,3.8552984207034964,30.296983352008965,107.71348135043625,0.078417872312731,0.1599536553363416,0.003436260107144616,1450.0523266330877,Laminar,False,True,False
0.5127410297918178,28,0.7966017600848467,2.1028777018888256,35.80484928237571,72.93586394536355,0.1935390240693092,0.06780614979247637,0.0016539233084366836,235.83263314738005,Laminar,True,True,True
4.310519364011521,22,0.6787396224611706,3.96364719707522,25.432271694145754,45.54102176726448,1.329557512429805,0.037743612083334294,0.09551805671492772,1575.9756099603055,Laminar,True,True,True
3.1137612265326338,8,0.5487756633385108,2.553880773564848,7.890205306708086,37.741871209645815,22.568221774820955,0.020862201983506728,1.1712008985704498,4684.308922418429,Turbulent,True,True,True
2.727007088033774,14,1.038292505431222,2.2165663675562524,21.036095076037107,53.95786348756066,1.284340808368576,0.05263874273883335,0.058373441464535554,2234.652333039779,Transitional,True,True,True
0.5575516881034388,13,1.3302861029140711,2.180777518214164,23.293719337882926,125.22885705863817,0.12783540020156373,0.17464777806497975,0.0011879140530293422,456.12826035840476,Laminar,False,True,False
4.73596581589948,7,1.4759996155644366,2.9038594718683695,13.331997308951056,41.99990992773936,3.199812176645462,0.030961290023297776,0.2525700180981969,5768.1198781368785,Turbulent,True,True,True
0.7026092394368659,9,2.2923622654482445,0.517092040004367,24.6312603890342,137.82310839774212,2.1865064618657177,0.2051648843448414,0.02560432736992108,1037.6079036105914,Laminar,False,True,False
4.214232456056589,5,0.6367109626556495,1.194277450020408,5.183554813278247,36.89501724135865,282.9875522837733,0.020375326450862468,19.87625545823814,17188.84851711715,Turbulent,True,False,False
3.448479182391793,4,2.0598729904985342,1.638072441812519,9.739491961994137,50.47793909439228,8.112719225117823,0.04678291594813132,0.46627572267347495,8705.445798963266,Turbulent,True,True,True
2.384753899876377,6,0.5639124829872462,3.047298745670773,5.883474897923477,41.153324656033014,15.279515491003098,0.026272327105256447,0.6072980692565192,4109.824928935544,Turbulent,True,True,True
2.1544035928862897,12,2.038955015398404,2.019444707958617,29.967460184780847,100.95827416387064,0.2629873015413066,0.14523703225966753,0.009443013122067684,1651.8663103298052,Laminar,False,True,False
4.451314349729308,14,0.7762499578589204,3.298611142805611,17.367499410024884,37.423635024009755,3.3402272526180536,0.02161443311825407,0.24780669168226072,2913.6093136916506,Transitional,True,True,True
0.6241008228835839,25,0.826835922427616,3.5704361903504753,32.670898060690405,64.6688078682998,0.11088195064152839,0.05627984544027029,0.00115335861063858,211.9899644066216,Laminar,True,True,True
3.20928353524841,4,0.7089569550364754,3.7509522459201077,4.3358278201459015,40.584155957172065,18.4701577052418,0.026684328726898552,0.9879328836145677,6717.473728722275,Turbulent,True,True,True
1.9813394063949903,15,1.2821194342510074,1.1696367154148826,26.23179151376511,69.28865819130613,1.6186955234455918,0.08131436417495248,0.053453087125965276,2011.7510737266434,Transitional,True,True,True
4.96583711975508,17,1.3735809246343949,1.4100188333071826,31.350875718784714,38.03208425302225,4.479990312615242,0.023166293874081225,0.3707817031754656,3918.5072626493607,Turbulent,True,True,True
4.555475283242008,28,0.7248107252859172,2.957447077944251,33.79470030800568,44.77118143617821,1.3900060670330399,0.03638344475271765,0.10553563803209078,1649.8534492127533,Laminar,True,True,True
2.6557058245758043,30,0.6243218834942944,1.8827650329013783,33.22965650482883,52.879413441083784,2.0458901780841114,0.05034016443746765,0.09055470770634007,1318.4790026380522,Laminar,True,True,True
3.491651961833771,10,2.914213890376253,2.789537508066378,33.64213890376253,70.45041770401309,0.164545419364854,0.08677947005629677,0.009575588938934218,2285.8843621247315,Transitional,True,True,True
1.3193451328498096,6,1.7271295972670657,0.981367665960944,12.862777583602394,69.47482441363026,3.692681176571808,0.07804243959330041,0.08119868229126873,3031.5355449633757,Turbulent,True,True,True
1.9336864612420008,5,2.601085798208243,3.8203062995118926,15.005428991041214,108.24378362473965,0.12416841798637022,0.15904562994256094,0.004001713146234698,2248.903186837576,Transitional,False,True,False
4.199341763061552,16,1.92006060334693,1.0833104534842826,38.22096965355088,41.36285831107328,3.1854194542873895,0.029298900176202326,0.22294441578762952,3263.1432854393843,Turbulent,True,True,True
2.1908611004304097,4,1.5697973603629385,3.800292652342132,7.779189441451754,60.097028734673685,1.044061356877495,0.06362569336220582,0.03812322355409159,3808.5282788754002,Turbulent,True,True,True
0.76621605841439,11,2.5399691696065605,1.259141444999487,32.93966086567217,150.37529615017397,0.18128421182292526,0.23196950143469933,0.0023150479039286856,684.6372471366751,Laminar,False,True,False
1.1889857842878064,8,0.5046236424947432,3.0938000913051233,7.536989139957946,78.36507144264094,3.085767551835652,0.09462707688906435,0.06114889587915295,1542.2623959256728,Laminar,True,True,True
4.382492222711577,6,2.212910857715095,1.831916566473262,15.77746514629057,46.153024291419825,3.9151817357002314,0.03902244357352008,0.2859708917868113,6743.010000860077,Turbulent,True,True,True
3.65674525332871,14,1.0840373066846893,1.2319473949895547,21.67652229358565,39.60540540420038,8.973643506597805,0.02527551523299794,0.5469054716302587,4211.287403370005,Turbulent,True,True,True
0.5523109261717227,25,1.116841980074546,3.1752479483812186,39.92104950186365,74.25376077278398,0.05394020842920217,0.07245268045172083,0.0004965294412571403,192.2023574965196,Laminar,True,True,True
3.0636945777556432,11,0.9445612093301412,2.4884461483209304,15.390173302631553,43.34731253836457,2.815259606188629,0.03199755980126632,0.14375159317424316,3029.4371406131936,Turbulent,True,True,True
1.514496157586469,9,2.7205201542988657,3.017396768307728,28.484681388689793,159.23690841334115,0.059262452185947743,0.258972060520656,0.0014958792687461617,1095.1038540160675,Laminar,False,True,False
3.4299500751555034,15,1.2037086233053471,0.9360358271380245,25.055629349580208,40.064070030900965,10.68679917435271,0.025932634850214464,0.6109197938540476,3990.4192595167087,Turbulent,True,True,True
3.8882704293497046,13,2.056900424560593,3.912896617827028,32.73970551928771,71.37903717294417,0.13387178456218238,0.08905710403601035,0.008675495020623467,1870.843419341903,Laminar,True,True,True
1.5586697566712409,10,2.0400272299724014,1.5416564773215067,24.900272299724016,120.68284417673492,0.3971733633487967,0.18213321729652673,0.010317701826786123,1624.990305334796,Laminar,False,True,False
3.6296525591639357,5,2.251817904346005,2.0941116373676465,13.259089521730026,50.98903865408853,2.69182703724177,0.048013407637668856,0.1628399482425211,6237.294736752392,Turbulent,True,True,True
2.9137870257781904,6,1.6715123595001864,3.570797120821752,12.52907415700112,53.045570503502404,0.8065041650075635,0.05115242266949814,0.03916635620391853,3459.137263330762,Turbulent,True,True,True
1.436433601533729,10,0.7124006483540273,1.4176046360259593,11.624006483540272,57.82522927546188,5.554231882386545,0.055632332129740995,0.1329714217761661,2518.1916051035064,Transitional,True,True,True
0.7901537530642821,26,1.0212573200401138,3.886945092938406,39.05269032104296,63.51177910481834,0.06916969848815561,0.058811440175655705,0.0009109116143123495,231.20631484160845,Laminar,True,True,True
0.9856307628907336,16,1.995137938410088,2.186465325463863,39.42220701456141,112.241465396353,0.07656986100241485,0.1598827641201535,0.0012578268419041264,550.0920115754258,Laminar,False,True,False
3.1013802364927137,21,1.3532046945412153,3.120682306238775,38.41729858536552,69.14776370258924,0.23332752192103087,0.08365553736252783,0.012060622751928426,1232.6353162019984,Laminar,True,True,True
1.5220499236354204,29,0.7543781283021945,3.8580061156723082,35.87696572076364,51.64095016523373,0.26741781775818013,0.04382730019394347,0.006783721151626482,424.90252976651306,Laminar,True,True,True
4.048054788536577,6,1.112398124927518,2.3520153289311203,9.174388749565109,41.42521127824379,10.443457858284813,0.029295536526646557,0.7045948265351629,7271.9236744800755,Turbulent,True,True,True
1.5235444163891017,13,1.815860896166645,1.235308600901813,29.606191650166384,111.1795742062703,0.5825383365132808,0.16291382259138348,0.014792050498790076,1434.2647685541006,Laminar,False,True,False
4.6293631446659855,14,0.775280183359339,1.5595292637956772,17.353922567030747,35.86913870779601,18.544811200689583,0.018629777830205096,1.4308444249543555,5288.416714538312,Turbulent,True,True,True
1.8682014761334276,23,0.6902987167844011,3.864303749232712,26.876870486041227,53.9481363425508,0.5236426253185681,0.05019347745683575,0.016304498759775538,665.9310958469167,Laminar,True,True,True
2.7097824944115763,18,0.9760843100731033,1.4478725823830954,26.069517581315857,49.69571788283757,2.4800863483449183,0.04408090864939283,0.1120082428562365,2319.107778686156,Transitional,True,True,True
3.179283104902318,15,1.42479137089768,1.716034139496236,28.3718705634652,49.93900123047379,1.256866390862797,0.045351707399771554,0.06659890135982739,2519.869386316897,Transitional,True,True,True
0.6289503305901147,8,0.6011576995720687,2.0021212240505504,8.30926159657655,125.78827288202004,1.8096499506925243,0.17869656189902175,0.018969665579007467,1127.689553708138,Laminar,False,True,False
2.5450740776681315,8,2.1719490139109148,2.1986997247246243,20.875592111287318,63.3732724015509,0.5419932934523091,0.07109233868703282,0.022990218023924144,2717.99362085604,Transitional,True,True,True
0.833508798490206,12,1.370177987283189,0.8568695684746639,21.94213584739827,133.5282597177446,1.26201737687567,0.19979170658424383,0.017531709791223354,1164.6175988111795,Laminar,False,True,False
4.376251071966026,9,2.3910482312260157,2.3742349054140113,25.51943408103414,47.02025020156809,0.8473489930774334,0.04075221251033598,0.06180353232140751,3810.2625977014177,Turbulent,True,True,True
1.6254504577756308,4,2.937063851935516,1.1098406734218789,13.248255407742064,70.36361685380481,2.660127165924756,0.08187407343627631,0.07206508199322977,3749.5114497701425,Turbulent,True,True,True
0.6459563293222862,17,1.265016805141086,1.8769701771722764,29.505285687398462,105.89723295264024,0.16542925836536002,0.13951684006190865,0.0017810012749366012,451.5790152449723,Laminar,False,True,False
3.6230887302713435,19,1.2686791150308825,1.7811538574836467,33.104903185586764,48.00224175689702,1.2262958503726273,0.04203263118360779,0.07404964459105966,2334.7114368165653,Transitional,True,True,True
3.250526674820893,16,1.1361251565132742,1.0318163392332003,25.678002504212387,40.80149380447393,7.701245230594292,0.027175897830768236,0.4172183841897321,3499.210674404206,Turbulent,True,True,True
0.605131653232104,25,1.0103136989254873,3.9886907489858308,37.25784247313718,66.70386694070963,0.05463591632292065,0.05962716755516859,0.0005510320395056645,180.80491647875084,Laminar,True,True,True
4.784460190453087,16,0.970099266293939,2.6590581398082422,23.021588260703027,37.797341792523646,2.602446077650973,0.022586951710819494,0.20752166093869773,3076.7418193091326,Turbulent,True,True,True
4.068530204262387,4,2.709077132788926,1.5517801374544058,12.336308531155703,49.61308514944455,6.688372039824597,0.045689174702611184,0.45353072768950675,8913.832389735639,Turbulent,True,True,True
2.2586207048130618,23,0.5674345463347872,3.5238923856823576,24.050994565700105,50.96106981834979,1.2131693129226047,0.0455508293121576,0.04566815547684718,896.2624080998178,Laminar,True,True,True
2.020767869237817,16,0.9981961343884131,1.9321897208498353,23.47113815021461,75.305501608606,0.9316076292522745,0.09348976300211125,0.031376046065496876,1609.3686338829882,Laminar,True,True,True
3.697535187045611,5,1.0384411655390564,1.1041453846238851,7.1922058276952825,41.14751194076086,79.90808292702792,0.028403141130488887,4.924382472534073,12888.068445308749,Turbulent,True,False,False
0.9998854216772131,22,0.7919492623323272,1.822060953102969,27.9228837713112,77.14348882719396,0.609736212069462,0.08989495522479667,0.010161105825282344,649.2383600803608,Laminar,True,True,True
2.6878786662642886,10,1.638212431452295,3.402235239221726,20.88212431452295,75.70522756276984,0.2690495372804357,0.09605665192139427,0.012052875190406022,1991.2438475206397,Laminar,True,True,True
1.6429792385062014,6,2.7703070463220056,3.8592989920127545,19.121842277932032,173.91610245513968,0.06008729133218366,0.2890734981180478,0.001645369535947523,1542.328915090313,Laminar,False,True,False
1.1340123494229002,21,0.6842430300786193,2.621523721331871,24.369103631651008,66.61249293619112,0.603226969142498,0.07053520041887897,0.01140111387520899,609.9723921708221,Laminar,True,True,True
4.121051639044939,6,1.1472141566479717,3.7673686049402595,9.38328493988783,41.61395738855253,3.699182275667844,0.02973599701527503,0.2540753530044493,5218.6004824846805,Turbulent,True,True,True
4.618373710070727,6,2.3570053611816135,2.90290795624151,16.64203216708968,47.88777934640498,1.2391319263099678,0.04265966242299957,0.09537957186298754,5464.408166967234,Turbulent,True,True,True
3.5721583097638927,4,2.8338478880017717,3.729718303771382,12.835391552007087,59.00924455335179,0.5747887279448036,0.06399000767673278,0.034220605514777465,5080.5968409821635,Turbulent,True,True,True
3.8276996421840384,11,1.6723255176794825,0.6649050577675031,23.395580694474308,39.380149017548575,26.10638197507332,0.025000762344990386,1.6654564824117997,5559.394643093971,Turbulent,True,True,True
0.6274010756166606,13,1.989411734232644,3.2933478272164285,31.862352545024372,123.7564946433356,0.028286238719252246,0.17457650738527225,0.0002957802766268082,341.1339624344658,Laminar,False,True,False
4.768095921231286,7,0.9384051981903669,1.4643475827865542,9.568836387332569,37.74819609444036,46.393586184497785,0.022478337675396087,3.6868178176266007,10585.75289598582,Turbulent,True,True,True
1.3342581243203882,20,1.1178838744903747,2.4513483145252635,31.857677489807493,80.57433267593406,0.24360765580607996,0.10036336590081207,0.005417258231765116,697.9413934482715,Laminar,True,True,True
1.886912626279356,12,2.3223619790391905,2.4877890649996246,33.36834374847029,123.10806042795927,0.11208041103946438,0.1885897086864399,0.0035247657124824246,1220.6628506336558,Laminar,False,True,False
2.8951869443632128,18,1.3060238384508032,2.7234445213397476,32.008429092114454,71.7305359005979,0.3518158877366386,0.08849062474809027,0.016976212749911162,1490.5283939442124,Laminar,True,True,True
3.4943320241580516,4,1.593637057801153,2.7375406401948204,7.874548231204612,49.09714108648306,4.680392959689137,0.04407607780191267,0.2725807834114273,7531.510255705038,Turbulent,True,True,True
4.206302997050182,10,1.58372255667684,2.0262990251819692,20.3372255667684,42.649959788815664,2.5969351159934266,0.03187877435202787,0.18205826602580025,4350.855423324581,Turbulent,True,True,True
4.929820120736673,14,1.1057149751093545,3.686025831340335,21.980009651530963,40.01745215450692,1.1745650046643148,0.02711585796181175,0.09650656988512174,2744.060081233947,Transitional,True,True,True
2.4152150700426382,7,0.7426223413805759,3.4392573698880184,8.198356389664031,44.795376111358436,4.113993409149914,0.0336325360811019,0.16560298133058268,3080.8469945508045,Turbulent,True,True,True
2.726302772874468,30,0.777478414437776,3.83371982686751,37.82435243313328,49.05757890358479,0.43040125459046163,0.04283681031070743,0.01955673556397709,735.9070000433946,Laminar,True,True,True
3.6557441355937224,14,1.6508235234681843,0.7474679161376967,29.61152932855458,40.00099212520639,11.85311492312237,0.026065611002709363,0.722199256145384,4065.6472589602863,Turbulent,True,True,True
4.203710513498718,7,2.5166478273422426,0.7802169899227385,20.616534791395697,41.572433917599085,18.94252087763046,0.029721612744346832,1.3271479027577358,6801.700706836593,Turbulent,True,True,True
4.496887389785826,27,0.6086702454531128,3.826153488478911,29.434096627234045,43.34810824790212,1.558349156895246,0.03349614227369098,0.11679534454209341,1402.3479432689207,Laminar,True,True,True
4.178551323220715,5,2.945853512991238,3.9738671175979143,16.72926756495619,55.03831240021827,0.4016385832266016,0.056632758181919554,0.027971123889966826,4509.735515055531,Turbulent,True,True,True
1.0651000353401534,8,2.8410930973210133,2.8927723342087077,26.228744778568107,186.87873829966034,0.046517831241886534,0.3102466579547565,0.000825769061661344,867.0353665656825,Laminar,False,True,False
0.727074279360685,8,2.9605751953652315,3.327342827262502,27.184601562921852,191.67604829729157,0.02218319926559427,0.3135599325416157,0.00026881389366577383,539.7166554384269,Laminar,False,True,False
2.583864044664061,16,1.7809747517476673,0.6512268814575138,35.99559602796268,49.27681972625246,5.267138163749233,0.042984316466832616,0.22682614865982548,2479.3280688853333,Transitional,True,True,True
2.7528496001912686,18,1.212628001187391,1.443678486688651,30.327304021373035,55.63809585411208,1.4659514022236306,0.05604874542318196,0.06725906219185251,2149.8872966383697,Transitional,True,True,True
3.4202610381040177,13,1.5731440518032964,1.9903084294977358,26.450872673442852,48.30478416686124,1.0770868547352532,0.04240217794583065,0.0613986367317498,2756.9495945423528,Transitional,True,True,True
3.167351843862324,5,1.3409747342150937,3.3147357298339206,8.704873671075468,47.7775840024691,2.7581153122635103,0.041011822609419435,0.1455986936647123,5080.70802796346,Turbulent,True,True,True
3.444957754459756,15,1.001762922053735,2.6346886299690206,22.026443830806024,46.815749290538825,1.3338955269557493,0.039454270747972774,0.07658689565375652,2358.298270593731,Transitional,True,True,True
1.135247457746594,5,1.958644094586621,2.724894247604113,11.793220472933106,166.03779975716878,0.21080542625196685,0.2693996200901124,0.0039886054038622085,1810.2157977560016,Laminar,False,True,False
1.1536798537554582,17,0.7389963216269259,1.4054785809137524,20.56293746765774,88.202357279891,1.652294286760325,0.11393125984099133,0.031770310518510515,1181.678452622121,Laminar,False,True,False
3.2316342446957607,10,2.447808827250884,3.109986838103496,28.978088272508842,73.85418278700999,0.16654583239881274,0.093255394623047,0.0089702535881894,2171.2184602064704,Transitional,True,True,True
1.9860455505097214,29,0.7792684494378963,3.621787921420882,36.59878503369899,51.820664153909874,0.3481354004204124,0.04639558643039581,0.01152354604966467,581.05624437639,Laminar,True,True,True
2.7538407725748293,13,1.837421825292948,2.863935849328397,29.886483728808322,85.81277886328765,0.2006679695067601,0.1163999929230065,0.009210127269625308,1682.5038907267242,Laminar,False,True,False
1.939550133210523,6,0.5231223292090896,2.6756243675171674,5.638733975254538,43.24453219080067,16.793013997892064,0.02906962563165807,0.5428482089436287,3773.5821230337524,Turbulent,True,True,True
0.6804298329326826,9,2.561938070317118,3.9959667131986807,27.057442632854062,163.1040184673995,0.017891742785105396,0.25505909148986367,0.00020290125923572988,430.4865900897586,Laminar,False,True,False
2.166363112928754,15,0.5503173162504927,2.225160856785702,15.254759743757392,52.399910242023225,4.061781062584557,0.048157179031226884,0.14665487777959568,1943.0593844078012,Laminar,True,True,True
1.7432392884439651,5,2.2787578758192346,1.9151314408208338,13.393789379096173,74.03041531364528,0.8454261502016825,0.08980586901003332,0.024563001341825028,3104.2302975982902,Turbulent,True,True,True
4.652533759096267,18,1.2826450047667652,3.599576943844358,31.587610085801774,50.87221149677838,0.42476939880785936,0.048651404401770106,0.03293756612974319,1976.8941038834018,Laminar,True,True,True
2.5784526213968526,9,1.294722071683947,0.6305453456437917,15.652498645155521,43.135929431188835,36.83797927300171,0.030690847485095145,1.5830830703905694,5556.604447898798,Turbulent,True,True,True
1.854939332561623,21,0.6264774574371774,1.723732289056342,23.156026606180724,64.06020876058517,2.328279214664976,0.07036255010028436,0.07198027820779584,1403.420090799995,Laminar,True,True,True
4.994707020199276,11,2.6494324900647674,0.8002219987565136,34.14375739071244,39.02347580161978,9.75362838649912,0.025165826973185555,0.811941936241035,4915.0238676089775,Turbulent,True,True,True
2.5687056350119972,12,1.3786571634540916,1.2055400213099547,22.0438859614491,47.91178670458352,3.5532039836776668,0.04022138481283433,0.15211891825366497,3093.081335322075,Turbulent,True,True,True
2.176278156755888,7,1.7257701872227322,3.455169109229616,15.080391310559126,79.74391220569738,0.29952259672355264,0.10287544659051406,0.010864074745071171,2240.7414924853156,Transitional,True,True,True
0.8240934359146277,10,1.5417781760214397,2.5394552862541455,19.917781760214396,144.20418392335304,0.13489290831585754,0.22094630251690708,0.001852739338242198,753.9957762718537,Laminar,False,True,False
2.956683835909448,11,1.9199419094551844,3.636877529130209,26.11936100400703,83.46990769015908,0.15670282987751025,0.11207275004143202,0.007722012069001711,1806.216534671884,Laminar,True,True,True
3.9357971964486116,7,0.884584213140625,3.1595211206997993,9.192089491984374,39.38217542675122,7.552919356497053,0.025108071655787503,0.49544598047172594,5191.538871741735,Turbulent,True,True,True
1.9675102916376237,16,0.8117483769072147,0.9410878363437144,20.487974030515435,48.53619782620899,7.83858022551958,0.03975839405508849,0.2570414544256157,2619.6277960783477,Transitional,True,True,True
0.5960639519474036,11,1.068271561562948,3.4120270167439046,16.750987177192428,110.74230443720245,0.13259951528672462,0.1473422775544435,0.0013172965184685872,451.62410324253204,Laminar,False,True,False
4.569955313736795,24,0.9214151491297315,2.9810241481757935,33.61396357911356,47.012725570950934,0.903309087225873,0.04087654214216966,0.06880136938524353,1822.0003344981235,Laminar,True,True,True
2.571375778205274,13,1.7110429845041313,1.8260586025497194,28.243558798553707,69.42226083542761,0.5754196223492749,0.08324815044508141,0.024660334653549203,2088.1349391615354,Transitional,True,True,True
0.9707390375750571,9,0.8148325107926309,1.4852820247048437,11.333492597133677,105.53387865572773,2.0406047986740097,0.14624361523126525,0.03301491230559752,1751.0333586300653,Laminar,False,True,False
3.949932582293316,16,1.0128006285184183,2.1667076809841497,23.704810056294694,40.48585129016733,2.493067684561497,0.027328507888782543,0.16412415461853355,2899.303188014107,Transitional,True,True,True
4.520804000166621,9,1.3447307678650149,1.3908684170400798,16.10257691078513,39.9069386300162,12.698255153444267,0.0266307325328402,0.9567720448804543,6856.533471096834,Turbulent,True,True,True
4.5346521863586595,27,0.8650174370487747,0.7077042509241933,36.355470800316915,34.81825507565318,26.422154626496457,0.01646308629774389,1.9969213540891455,3987.6059810496845,Turbulent,True,True,True
4.024152480985114,9,2.5681545612097914,2.175852910682125,27.113391050888122,49.13434343348067,0.7534912871230782,0.04469268583722974,0.05053606387461671,3519.4147636985704,Turbulent,True,True,True
3.836171211811641,13,2.527320035683011,3.3836605301610065,38.85516046387914,77.72083460549663,0.10773142853038917,0.1016904358532402,0.006887936745593703,1864.142015584125,Laminar,True,True,True
3.0479261874728847,13,1.0453695396825933,3.8957811131312763,19.58980401587371,61.87516585649236,0.5399317898371085,0.06902896625638513,0.02742787069489382,1771.8089638661404,Laminar,True,True,True
2.9710483168611286,24,0.7737999343266226,1.394591500936594,30.071198423838943,46.87374764184441,3.3484301966765195,0.038903961324940214,0.16580579833271253,2131.7913054929377,Transitional,True,True,True
1.6395065865083798,13,0.9302574127854164,0.9580743838952486,18.09334636621041,56.63386611686338,5.50581628162961,0.054490473554671,0.15044703429728037,2493.8791498458163,Transitional,True,True,True
1.7543714629617335,9,0.9155925286457216,1.620165528203545,12.240332757811494,53.80432924168146,4.002785671479508,0.049406077832908256,0.11703954923992947,2870.483982735778,Transitional,True,True,True
2.9215878312527876,7,1.710619008683904,2.8235121146589317,14.974333060787327,52.292846927684984,0.9724304050821394,0.0496601621763757,0.04735068063713663,3437.2468963605584,Turbulent,True,True,True
2.6695600242921764,8,1.7786638022271488,1.191550410649569,17.72931041781719,49.10696884045728,4.7033529922634685,0.04282339643634549,0.20926471880469244,4195.133911233853,Turbulent,True,True,True
0.9035289741044188,23,0.59308496260822,2.507575584416439,24.64095413998906,63.58720552771332,0.6777622722544988,0.061247557763241346,0.010206297508946452,473.09016708148147,Laminar,True,True,True
1.1996357474957264,6,2.521761873574853,3.6463345236168725,17.63057124144912,203.7649637716792,0.05810388613254606,0.34553430850162836,0.0011617249812170577,1210.4055122473208,Laminar,False,True,False
1.8158367209005233,5,1.5240296890502072,3.5854957044959574,9.620148445251036,72.7120988295137,0.5468749613872987,0.08749927068174768,0.016550593943801883,2654.056262803613,Transitional,True,True,True
2.299186325035545,8,0.7708407400340573,3.9463383246687704,9.666725920272459,53.520684462671895,1.7583295401353367,0.05078247061027257,0.06737878722642007,2275.022599838442,Transitional,True,True,True
2.735620099288952,13,1.2667909844835197,2.1892183684675484,22.468282798285756,57.102421353417384,0.9113975100305559,0.05894447288445332,0.04155395578135822,2273.638535622675,Transitional,True,True,True
1.486768780265842,13,1.0735777641902615,2.677709663774788,19.9565109344734,95.5351578551742,0.4012974877058107,0.1313913571481255,0.009943942938668581,1138.4229337493662,Laminar,False,True,False
0.5646434318748526,9,2.386977374777551,1.7522020265564977,25.48279637299796,184.39539016125465,0.08668831416431984,0.29330500894283046,0.0008157997868864491,565.9804342614196,Laminar,False,True,False
1.214447509592054,17,1.7857389648242432,3.6560285921271993,38.357562402012135,92.22330537689172,0.04487054435248245,0.1225972938404212,0.0009082153473818686,490.20048554107206,Laminar,False,True,False
4.007986329957186,6,2.664558764925795,0.546806112574567,18.48735258955477,39.9914202229514,54.05490197427692,0.02639241567118719,3.6108551363346266,7767.284717982599,Turbulent,True,False,False
4.145060764972596,14,0.5759204027643736,3.0373853561686577,14.56288563870123,35.725231175004375,8.137793937491072,0.017978770562664136,0.5621941727287684,3059.7225662261167,Turbulent,True,True,True
4.4817033743290615,23,1.231129126150991,1.285119237270444,39.31596990147279,39.0890114207712,3.2776165184426116,0.024967106764805368,0.24482175017434873,2891.6495929884345,Transitional,True,True,True
1.3006616752709819,14,2.262536251612192,1.659625143805602,38.17550752257068,122.752497115049,0.15926959500561413,0.184441107525816,0.0034525976376622142,884.4937006564215,Laminar,False,True,False
1.5695018671333405,26,0.8203447825215897,0.8937953413532351,33.82896434556133,72.44694560084955,2.686467927988844,0.08572513918098093,0.07027360714953877,1315.0009447659306,Laminar,True,True,True
3.3146518334769044,5,2.900531559942418,1.4769728556422337,16.50265779971209,52.76414816928833,3.0901297362572087,0.051186852911408336,0.170711736599441,5654.903748134414,Turbulent,True,True,True
0.6161218726182423,6,2.6383243096079623,1.7865558854760506,18.329945857647772,249.29124513662535,0.11326775699727455,0.42522611541408994,0.0011631123758071467,866.5582409473128,Laminar,False,True,False
2.0433464733873183,14,2.1510551455472706,1.7557768005630172,36.61477203766179,105.8030059659347,0.2483291285247911,0.15456346011639369,0.0084570408168413,1394.99658226951,Laminar,False,True,False
4.203475383050252,7,2.076545759075323,3.579693234078882,17.53582031352726,48.09045926279529,0.6791989083998735,0.04275747194759317,0.047583264860891185,3964.300925828143,Turbulent,True,True,True
3.3015252109463433,7,2.241348212261813,2.119073486242332,18.68943748583269,51.62792304908311,1.234300756675598,0.04889714140977315,0.06791791776757725,4038.982604984557,Turbulent,True,True,True
0.6036012570755305,11,0.5377992719389255,1.0536807933052756,10.915791991328181,118.93185051599326,4.5526997279168,0.16402284045207052,0.04580025464763344,1287.478971234597,Laminar,False,True,False
4.913366551657941,7,2.5217359005430056,1.0137151407102065,20.652151303801038,41.52056320866406,12.30817495353606,0.030112304953571464,1.007909585477635,7413.447125170959,Turbulent,True,True,True
3.5144354545045933,15,2.102224289149132,1.7498470744674368,38.533364337236975,57.667631154734536,0.5395262109979032,0.06124061507463223,0.03160216740942596,2271.1921850708013,Transitional,True,True,True
1.8263149450200284,11,2.461721381926078,3.346990313502045,32.07893520118686,130.68893436064724,0.059223593885610985,0.203498409893539,0.0018026822435181355,1067.3013609340164,Laminar,False,True,False
1.4363207397578843,6,2.0666255814019485,2.0292833698826747,14.89975348841169,109.3806801275569,0.40287521828866885,0.1587424466396037,0.009644300526041667,2182.3971408915145,Transitional,False,True,False
0.8940760190608195,24,1.1116546756103634,2.2883776941787595,38.17971221464872,77.16395878823666,0.1544661810471791,0.08823267163651834,0.0023017418038364947,409.1325661610852,Laminar,True,True,True
3.5027971777896068,30,0.7877234109967288,3.087935328512656,38.13170232990186,50.245771127640936,0.7215876578770951,0.04638329028253116,0.04212625352566168,1124.9471088635562,Laminar,True,True,True
3.4172997342760647,10,1.8208249791717024,3.841782596041146,22.708249791717023,62.467002867419694,0.24512389539343385,0.07072296938018136,0.013961030376544925,2253.4633759370454,Transitional,True,True,True
4.599040267710338,17,0.7799583096782182,1.7906321857341518,21.259291264529708,35.82684419150156,9.45932615146395,0.018524693510565494,0.725063697933136,3929.789521219044,Turbulent,True,True,True
2.8254714429632837,10,2.541408323635115,1.8526894604804494,29.914083236351146,66.76918808751083,0.4315280866807051,0.07844528862970657,0.020321171429215277,2401.071550238512,Transitional,True,True,True
2.7950453790992666,25,0.8962977380178743,3.285671518270789,34.407443450446856,56.99841427018957,0.45217437222486395,0.058848299102035206,0.02106413149390363,998.2789551335541,Laminar,True,True,True
3.1233738274044227,23,0.8743513097802037,3.538803553814306,31.110080124944684,56.0401985436573,0.5290572780712217,0.05747308006059852,0.027540727592091297,1149.0286564345292,Laminar,True,True,True
2.4201556678661422,19,0.988490910846626,3.2492723991821375,27.781327306085895,67.31942154503443,0.40877680344988215,0.07869279027748767,0.016488391629357273,1122.3721989581024,Laminar,True,True,True
4.710722722632402,8,1.4456248056353733,0.7758982635753148,15.064998445082987,38.22626962848247,59.94063091692244,0.023397727020476888,4.706061534487814,9897.61654939569,Turbulent,True,False,False
2.9351262375715366,14,1.72822162985951,2.1121457068721954,30.69510281803314,67.36398536061687,0.4417062313495004,0.07982515828625442,0.02160772581554603,2038.4960707629818,Transitional,True,True,True
2.9558176162413843,8,0.7766750776009597,1.0373449306495732,9.713400620807677,40.458127639041194,55.53744561890051,0.026047763617186703,2.735976002023234,7605.5297621861855,Turbulent,True,False,False
1.4933063644944609,11,2.1409869708183207,1.8786768437488006,28.550856679001527,133.79410922519216,0.20064346382566645,0.20795163364906563,0.004993702692084698,1261.1025259432097,Laminar,False,True,False
0.8387978041633624,28,0.7570878789669367,3.8225537454284932,34.698460611074225,56.47056841828149,0.15317927086414856,0.045785186565385196,0.0021414406007365457,244.25960838188698,Laminar,True,True,True
2.8209517244365117,12,2.1884654200216023,2.61543429110775,31.761585040259227,86.39938696760566,0.18703143217746057,0.11769752626367443,0.008793444018747298,1827.2769365223646,Laminar,False,True,False
2.746881905031764,13,1.131852503610877,2.3401009564039255,20.714082546941402,55.046049239447996,1.0596316067257467,0.05485329538749284,0.048511381441911465,2272.514369870591,Transitional,True,True,True
1.938379804755399,26,0.5952237760453842,3.738675857353575,27.97581817717999,49.49177211061559,0.749579198329152,0.04155962586400518,0.024216153001766168,642.3482952738545,Laminar,True,True,True
4.964055132464011,6,2.2140400594580063,1.9880128742140213,15.784240356748038,44.68868441910666,3.9898297578311266,0.03647845393259727,0.3300955814503208,7352.037674789525,Turbulent,True,True,True
1.1683418217758577,7,2.9952532774139176,3.7663009906162097,23.966772941897425,198.54782193094618,0.031368259499077907,0.3347787232932811,0.0006108141574848422,921.7417131873899,Laminar,False,True,False
4.921739943272211,18,1.7298113133074864,3.6352095716247743,39.636603639534755,56.826920402694746,0.2093631504419926,0.060730002166683936,0.017173849669661068,1903.0869775588974,Laminar,True,True,True
3.5382130060056833,7,1.5865045082289593,2.308429843078522,14.105531557602715,46.43847709286503,2.6564894596912363,0.0388098238599487,0.15665375927660907,4845.8469059361805,Turbulent,True,True,True
2.045085553248917,4,2.3590002388745974,1.3502379138580003,10.93600095549839,62.694240349884225,3.8778367146996917,0.06835191766066305,0.13217513071817638,5146.958519721644,Turbulent,True,True,True
3.400597858553606,4,1.8978668526941183,2.0079332886097387,9.091467410776474,50.913690593155934,5.884400513597091,0.047595662525546575,0.3335079964235001,8127.728086129552,Turbulent,True,True,True
2.534350604702179,23,1.025925178026034,3.036932723694492,34.59627909459878,63.78728371979846,0.3552744991264582,0.07189643695950462,0.015006502361606715,1012.7240489943794,Laminar,True,True,True
0.7200530560547365,18,1.403785653764543,3.754176955332259,33.768141767761776,86.02384475902764,0.04295829805014882,0.10206253245942616,0.0005155375632319981,289.59942835447504,Laminar,False,True,False
3.9315165130528236,22,1.186899133981741,2.91130731221712,36.611780947598305,57.395020572768615,0.44976675797479604,0.061129780946190995,0.02947109060000239,1628.2739998190436,Laminar,True,True,True
4.4280422548405145,17,1.262182939468849,1.9099750414903711,29.457109970970436,40.173649588933884,2.1133284482379073,0.027097471694837567,0.15596512778589977,3066.1395985352424,Turbulent,True,True,True
1.646341321528543,21,0.7602692713218604,1.0606438495941224,25.96565469775907,70.18097032097732,3.054433373650379,0.08162112048053208,0.08381066461494084,1607.663884351231,Laminar,True,True,True
2.330967310050718,5,1.854044837422287,0.6864669726050718,11.270224187111435,48.944342580607895,32.24127738541363,0.041715122214300564,1.2525560603279444,6852.181490435838,Turbulent,True,True,True
1.6025567061747492,25,0.5597655974023137,3.3545685854550675,25.99413993505784,51.769073738014086,0.8751626762959048,0.04455851302044057,0.023374963598197393,611.504128894706,Laminar,True,True,True
0.984913168570812,10,1.6881569179054972,1.8731847759380273,21.38156917905497,151.00578384630194,0.23345177555872973,0.23740076353747075,0.0038321621329005097,1032.6857801078613,Laminar,False,True,False
3.079821043086646,27,0.6464576753911001,2.753006594636283,30.4543572355597,50.523260474366246,1.3914025072235305,0.04637405030369219,0.07142117868584248,1252.9540200951335,Laminar,True,True,True
3.5983238625653606,22,0.6424010892751661,2.8451628613459605,24.632823964053657,46.57872953184997,2.0655328274225435,0.0391582711180267,0.12387426769711063,1751.2142604361736,Laminar,True,True,True
0.6718513306743459,12,2.044884221949717,1.5005004900905385,30.038610663396604,146.13820415612264,0.14373554303832853,0.22085742354763085,0.0016094819309250123,589.6746594605132,Laminar,False,True,False
0.8895416125803888,11,2.4657967136368963,1.0463326929212218,32.12376385000586,143.3172511641928,0.3426434540644241,0.22045721144925962,0.005079926844476369,859.779273595611,Laminar,False,True,False
1.9823440423069,11,1.0157749725456524,0.7633201930206313,16.173524698002176,46.24050861135454,17.07124338455298,0.03522174582042851,0.564017960302328,3782.431417156179,Turbulent,True,True,True
3.958189161182658,13,2.484068848183189,3.988916516323083,38.29289502638146,80.45287984690233,0.08323313189005203,0.10727016451888884,0.005490874674974843,1756.4365457692961,Laminar,True,True,True
4.705719120478972,28,0.8334700363544332,0.5374500280683382,36.83716101792413,33.92273248868,57.24198433973033,0.01478740455187183,4.489411670027115,4577.619957842747,Turbulent,True,False,False
1.3952361559463111,10,2.733832002380586,2.080858411196556,31.83832002380586,152.94279580469322,0.1039226928960996,0.245571657760647,0.0024166116425323836,1082.0896718282465,Laminar,False,True,False
3.752208076989715,15,1.6563155254367332,1.8053560850503048,31.844732881551,47.00021978833135,1.0785027464987142,0.0401652648953735,0.06744611194113445,2698.321448273038,Transitional,True,True,True
2.484104245232641,5,2.386015139695024,2.0111536251539013,13.93007569847512,60.39257129095648,1.328213554973816,0.06499215968136965,0.054990348841433244,4219.0101997434585,Turbulent,True,True,True
1.7042784144289949,24,0.8478175977093632,0.504793930313311,31.847622345024718,57.257973170883425,11.178979192125366,0.056072271121822725,0.31753488220816906,1960.3793276526535,Laminar,True,True,True
1.0096591238298036,7,2.224844477452722,3.362705569250646,18.573911342169055,189.028035232828,0.06348867139848828,0.313803365690192,0.0010683652722885998,963.9160352043912,Laminar,False,True,False
3.8162554980404404,8,2.3080819180058882,3.9801221515344163,21.964655344047106,55.3120846652674,0.24939195166822806,0.0568533595870077,0.015862390112015182,2832.727023509139,Transitional,True,True,True
4.831689826944458,22,0.8627518738708918,1.0365438327749086,29.48054122515962,35.15830868135771,17.239262136537203,0.01733828598565759,1.3882461248189264,4317.851245271675,Turbulent,True,True,True
4.530230018200772,11,0.7558671198894604,1.6905045910849714,13.314538318784065,36.265040167534664,24.463550423849153,0.019353558754932203,1.8470918413648276,6286.211940079967,Turbulent,True,True,True
2.8865593778948258,4,1.9893315945371868,3.2524270274897367,9.457326378148746,57.117275585903315,1.3029199611688234,0.059249248071513334,0.06268259720930382,5140.760638809794,Turbulent,True,True,True
4.365344541020647,5,1.0573314146258763,3.922101160442533,7.286657073129382,40.56337060668467,6.48045426483145,0.02783023774598549,0.4714902608052656,6547.154103098846,Turbulent,True,True,True
2.2196377447038795,5,0.9572596541480798,3.5581598897882105,6.786298270740399,49.458732740664914,3.1119157476821253,0.04243425737670302,0.11512209419822732,3671.114123317349,Turbulent,True,True,True
4.2198410700548905,10,2.9523459583373435,3.4688823550893395,34.02345958337344,61.83715087879608,0.13749305370472314,0.07026413223298193,0.009669980581174225,2453.9283589865977,Transitional,True,True,True
3.345646612669206,25,0.912118845885576,2.1579483437873153,34.8029711471394,54.8261390798216,1.0225478700293047,0.05535105478437498,0.05701806362759424,1627.7064117667578,Laminar,True,True,True
3.955079890149645,7,0.9331884754443804,3.704311277750984,9.532319328110663,39.75957700497251,4.768967131839981,0.02588070072569157,0.3143607666654157,4549.4324166425895,Turbulent,True,True,True
3.7992131691130693,12,1.4636055156388943,1.8774268875966462,23.06326618766673,43.04302585622486,2.236891057969169,0.032298327050724766,0.1416404327551289,3538.4708739308862,Turbulent,True,True,True
0.5567790671666167,8,2.4019920145846667,3.8908857975531133,22.715936116677334,179.1979181331597,0.019935189280239164,0.28255008475660354,0.00018499160152069165,412.978563980083,Laminar,False,True,False
4.515020765187069,18,0.7174777283818874,3.9318204212488297,21.414599110873972,42.25804607429875,1.662312602627473,0.03132887017018351,0.1250895986515867,2014.5764202580078,Transitional,True,True,True
4.774023077113354,5,2.56244026941553,1.2171717549898315,14.81220134707765,44.10121430662559,12.622219686008329,0.03518812114482123,1.0043128010899707,9433.029326835867,Turbulent,True,True,True
0.9917762379636719,5,1.6620677966789072,2.485632566870705,10.310338983394537,167.27619808927113,0.3094138569752645,0.27004269846149853,0.005114488517412625,1785.7481820491912,Laminar,False,True,False
3.753295895797243,14,1.2958811176960991,2.8298771935394544,24.642335647745387,48.361136542608094,0.7742046051570977,0.042888209953686,0.04843031611739099,2426.4138818304264,Transitional,True,True,True
3.5790063937049537,15,1.1760713916745467,0.5693807878299435,24.6410708751182,37.69890953954462,42.85810239792473,0.021377045760239993,2.5564903750705703,5104.428881113381,Turbulent,True,True,True
3.1772638880423125,24,0.8149715799891981,1.1707998056884539,31.059317919740757,42.046401805359366,5.196523645652953,0.02956363199549401,0.27517878204485197,2489.411512100663,Transitional,True,True,True
4.805179324087046,25,0.9786055484836902,3.2915116393290296,36.465138712092255,48.457315330561556,0.6547028058151275,0.043919867626231825,0.05243273976541045,1680.7909234650954,Laminar,True,True,True
4.239883393584825,8,0.553798894809548,3.1791187540402848,7.930391158476384,35.288371620224034,24.65345066119242,0.017182693904663694,1.7421292675492093,5301.507907029402,Turbulent,True,True,True
0.6602889550449109,21,0.6139717813417771,3.2959274346680174,22.893407408177318,64.38064168032892,0.34268176677264084,0.05696722894576765,0.0037711497615875154,300.2846082230336,Laminar,True,True,True
3.1207197348339726,4,2.597292426346262,3.1106747779890003,11.889169705385047,59.95823186651508,0.8531959887781511,0.06530522830064828,0.044376425997686014,5103.841792825622,Turbulent,True,True,True
1.1348492434118178,23,0.5996438603555252,2.9427692619807435,24.79180878817708,59.03204894277813,0.6650247916600132,0.05538367050778717,0.01257838136109113,520.1097862232203,Laminar,True,True,True
0.5755529538189823,6,1.7750544824280268,1.4759897249368696,13.15032689456816,238.43129186763352,0.3336285330998121,0.4018598914194429,0.0032003481283981827,1101.780441563089,Laminar,False,True,False
3.620314136840811,7,1.7042503085826153,1.2019783797046624,14.929752160078307,44.30932400219883,10.970934846999597,0.034643751663397476,0.6619705086825354,6645.112343156386,Turbulent,True,True,True
4.226457911196022,11,2.81357865467027,1.9116751397576235,35.94936520137297,49.22518415585783,0.6156977923360375,0.045045537666725866,0.04337034675540952,3036.2856058238012,Turbulent,True,True,True
2.5199601465559214,24,0.8552886918116585,3.3301683010651355,32.0269286034798,57.62804433727896,0.46984789894707835,0.05954553272173169,0.019733299671494522,936.7494438102206,Laminar,True,True,True
1.8327108479915448,11,0.5415777058073885,1.094625146773204,10.957354763881273,43.02510337060675,30.003496785131752,0.02819824611601718,0.91646223392984,3802.314334341295,Turbulent,True,True,True
4.975639885039213,12,1.1223714344598315,0.5697098421622369,18.96845721351798,35.376911808383454,124.6140948545279,0.01786165823738146,10.333914343270813,9150.195465021805,Turbulent,True,False,False
1.7534314131732305,17,1.8694681982059589,0.7399810695289926,39.7809593695013,85.72745364664269,1.6055905847095338,0.11324792907464086,0.04692154946541451,1475.961062706374,Laminar,False,True,False
4.092881847057404,13,1.557775444706586,3.777358890099058,26.251080781185617,54.19676667151809,0.32872516198460255,0.0548775820027487,0.022423887469296407,2203.5575285558657,Transitional,True,True,True
4.513569759320077,13,1.4377767829762227,2.208386070029109,24.691098178690893,40.899735163364355,1.9022547741249414,0.02861122373187215,0.14309932705020967,3555.6961503397115,Turbulent,True,True,True
4.410450463904791,6,1.2828170420818719,2.325015809042573,10.196902252491231,41.710669706104184,8.617061597101253,0.030158549469645614,0.6334187219738565,7607.976921192008,Turbulent,True,True,True
3.4275118204729607,4,2.9704171221073628,0.7475147102620925,13.381668488429451,46.05689414132854,28.35740917710347,0.03791529848319256,1.6199225858751758,8606.002027068991,Turbulent,True,True,True
2.467558488224494,16,1.8162257713915357,3.064704402169869,36.55961234226457,91.35250940373342,0.1263739813576976,0.12687319213163625,0.005197253173165178,1179.855374233559,Laminar,False,True,False
4.2090322393578,19,0.607296479507491,3.8737016798498347,20.53863311064233,42.72782778003483,2.220651481744259,0.03203672869102876,0.15577989465065423,1846.0258693862743,Laminar,True,True,True
4.012471807236711,15,1.3695400807058733,1.445095788764271,27.543101210588098,40.666734989428676,3.5997989860354833,0.027747058881875702,0.24073486571977792,3548.807267609822,Turbulent,True,True,True
3.1503367780252436,21,1.2254170604493693,3.818948908611535,35.733758269436755,64.37177207186352,0.22046054278427446,0.07417565999998153,0.011575415933945126,1110.4908855702045,Laminar,True,True,True
0.8827350080389194,8,0.9098199867914898,3.806420137991595,10.778559894331918,114.63893363513594,0.34862035377484746,0.16297583632695475,0.005128989846532849,873.6316343966614,Laminar,False,True,False
3.463433883084079,5,1.9802332786382038,1.131369228124439,11.90116639319102,46.75962249083457,15.230025551588279,0.03936430110181497,0.8791364422601189,8312.596141636364,Turbulent,True,True,True
4.434989304516538,9,0.6245715183463064,2.3542219422212445,9.621143665116758,35.629049286289714,28.110820553644945,0.01801336167972046,2.0778531416099835,6177.227164144725,Turbulent,True,True,True
2.172775213186858,22,1.092262263699398,0.9235962233540906,34.529769801386756,63.25129307877596,2.528772793018924,0.0698795478752378,0.09157424740754698,1829.430742718199,Laminar,True,True,True
4.981002432669339,6,1.7720582837958625,2.420768323961939,13.132349702775175,43.25480908941014,4.3238616023876615,0.033620566504920985,0.3589527526669748,7393.370965563595,Turbulent,True,True,True
4.63049953256683,16,1.959091152736349,3.286637261598225,38.84545844378158,57.74379727361804,0.20911137174270597,0.06237985783015176,0.016138168485150144,2060.088874721749,Transitional,True,True,True
3.729847430938025,28,0.7917557667218131,1.30524106234728,35.66916146821077,40.752466679674214,4.316454579449002,0.027646766589191643,0.2683286170653089,2372.024438934365,Transitional,True,True,True
3.7945768409361746,22,0.8742799439863496,2.9182726205145784,29.73415876769969,51.2648627246393,0.9358742479784048,0.048737372831575525,0.059187445790123555,1698.216120438138,Laminar,True,True,True
3.7308973604219484,17,1.1454546244485675,1.805637938862646,27.47272861562565,42.502237968133954,2.1580407954662295,0.031147394911081983,0.13419047845813062,2776.9332802324816,Transitional,True,True,True
2.116384796268023,13,2.017549514261456,3.103469049016022,32.228143685398926,108.41969147006702,0.1031912681151131,0.16003987585561172,0.0036398738491073765,1187.0768278706496,Laminar,False,True,False
4.273889048197123,4,0.6892923993525281,2.429110785605733,4.257169597410112,37.782148910827594,78.10732386718847,0.022197253601854924,5.563700600999376,12794.25150875221,Turbulent,True,False,False
1.1137875509071502,12,2.110648995470688,2.300047286252786,30.827787945648254,135.43793683668196,0.09308973484477169,0.2079556597563748,0.001728036463122571,785.774365731055,Laminar,False,True,False
1.6901020784842107,27,0.8925582717720483,3.537174486191556,37.099073337845304,56.74022402955945,0.2303505002305991,0.05496594849190581,0.006488597653660219,527.6616634500876,Laminar,True,True,True
3.062834929128607,12,1.1120864403845792,1.8769726519827,18.84503728461495,44.04561411154917,2.9610356629037784,0.03339284461811121,0.1511527242456195,3188.539057600662,Turbulent,True,True,True
4.580082744371974,5,0.6727667277830194,2.7893504839789602,5.3638336389150965,36.630492978990844,48.294581978369315,0.020119039792602322,3.68655302609645,9879.73849901867,Turbulent,True,True,True
3.9906966347001456,6,2.4795383191145266,2.2753164510829844,17.37722991468716,49.99968615287182,1.5085243132472177,0.04639339201381372,0.10033438167065033,5223.289590538117,Turbulent,True,True,True
4.200940592611284,9,0.7067517803219434,2.017874704234938,10.36076602289749,36.782162746257875,25.06481630642465,0.02013881325339723,1.754930071133409,6397.067800603898,Turbulent,True,True,True
3.980649453103983,13,1.1011907106761218,1.4189220417821367,20.315479238789585,39.225001881301296,8.24707950212214,0.02483492195614545,0.5471455418304594,4537.05983438147,Turbulent,True,True,True
3.7111554833294536,12,1.2169566895970771,1.9093924091204297,20.103480275164927,41.62580884386972,3.2914184894085676,0.029374018519382986,0.2035827629150092,3693.808103657069,Turbulent,True,True,True
1.8939871661808019,5,0.5248450000456846,1.3086714327172209,4.624225000228423,44.07371428332005,94.89121013321675,0.030549503051221873,2.99537890292797,7714.470414349724,Turbulent,True,False,False
3.225605799107265,15,2.1385467665292808,3.3688523108770414,39.07820149793921,87.5694039379434,0.10536393417903438,0.12067751461439077,0.00566437528507749,1457.9995220771266,Laminar,False,True,False
1.9318025333131317,7,0.7049638486374106,0.9889457664917647,7.934746940461874,45.44175898734093,47.21470519618061,0.03343432315914365,1.5201581184602397,6083.567834269527,Turbulent,True,True,True
2.110590196407072,5,2.0856967992818882,3.5376067683366474,12.42848399640944,73.65585758927799,0.3360176315950697,0.09049354012955926,0.01181992531774129,2803.0205394121995,Transitional,True,True,True
4.97492200684006,25,1.0064155072478984,2.931875026828777,37.16038768119746,46.00775637663311,0.7905499789583375,0.03912293003618758,0.06554874146377966,1886.7849927748719,Laminar,True,True,True
2.599325150283215,5,1.3139535089020111,1.698792752497937,8.569767544510055,49.81110900397966,8.950222378631846,0.04408602204023599,0.387742302156757,6443.353303342239,Turbulent,True,True,True
1.0336141346858863,9,2.3484908624122136,2.455176265750784,25.13641776170992,168.91560756231505,0.081569990203587,0.2739088306168244,0.0014051982473436131,892.7439629048573,Laminar,False,True,False
0.5164280305548857,19,1.2057887811845067,3.225027688722541,31.909986842505628,87.4445055559937,0.053626243272286496,0.09702380518902896,0.0004615682533194018,229.06373687575112,Laminar,False,True,False
3.841466923745322,9,1.675740581900446,2.0306136042761898,19.081665237104012,44.69976154787567,2.3084364288274597,0.035653461057094084,0.1477963697818243,4300.228831678912,Turbulent,True,True,True
3.4352661933092388,4,0.8124501001624944,2.674953315087945,4.749800400649978,41.351773796548514,28.029018663297098,0.0285145349792194,1.6047856707609705,9195.643215065867,Turbulent,True,True,True
4.761131090724728,16,1.3433910441493953,0.5989573003015729,28.994256706390324,35.87462573599959,41.57495694427794,0.018726781991199957,3.2990636683823946,5720.670498707513,Turbulent,True,True,True
0.5253876519646403,4,0.9349000767020522,2.4647555152975036,5.239600306808208,213.35680043514517,0.7483097731904071,0.34932359015727066,0.00655254524464501,1442.6761253559876,Laminar,False,True,False
0.5465230910897841,9,2.86071148026187,2.001946953024501,29.74640332235683,185.52834320827344,0.04512472624420513,0.29472591713998275,0.000411028414526055,466.31151388869046,Laminar,False,True,False
2.2937887351691533,10,0.564579816977919,1.425988676830529,10.14579816977919,40.78290930792903,27.031364259408875,0.025292192280894576,1.033403980574769,4302.889433386586,Turbulent,True,True,True
2.2698515415469185,11,1.8008231221668056,2.1017547704269384,24.809054343834863,82.780505927051,0.3929417479985565,0.10922122568201047,0.01486532387387774,1974.408832122676,Laminar,True,True,True
4.50710288219182,9,2.3013696979732923,1.2437930651727367,24.71232728175963,42.718149319754914,4.870335142132603,0.03224347748766568,0.36585169260576605,5274.759708835932,Turbulent,True,True,True
2.231419190283292,24,0.5489569036087609,3.0010435208246036,24.674965686610264,51.852468366878696,1.547415333391665,0.04725595866703529,0.05754887117114632,977.9697326964824,Laminar,True,True,True
4.904508636838427,30,0.7603673648090699,1.4519749923140752,37.311020944272094,35.83217480571408,5.890930239702789,0.018730238473828827,0.48153530399391664,2759.3437799542476,Transitional,True,True,True
2.9615590430653596,8,1.7662796745943206,0.7085861644810008,17.630237396754566,43.719952078007026,21.91536666787293,0.03258085079710988,1.0817275389555374,5585.507563578404,Turbulent,True,True,True
1.488553840306451,13,0.5672042093718392,3.402704867219772,13.37365472183391,67.88312354685146,1.4846087830993058,0.07609889544934642,0.036832001757252646,1077.021894309755,Laminar,True,True,True
1.1705797084346683,13,1.437935984845156,1.3016741653206851,24.693167802987027,120.43962041762664,0.612500525783703,0.17858586746468377,0.011949678114799469,1227.3057518199391,Laminar,False,True,False
3.124983001349891,19,0.5029761676558657,1.4674447703975546,18.556547185461447,36.76555683972116,18.282958230931097,0.018926169137477255,0.9522322281008292,3116.871813348705,Turbulent,True,True,True
3.4521891092979695,16,0.8641013512611222,0.5046133911248523,21.325621620177955,36.58534454923738,96.10163258791654,0.01900221137022939,5.529350156762672,5886.342760547627,Turbulent,True,False,False
1.716976913314846,16,1.872648264887819,2.370909477897689,37.462372238205106,103.307191201724,0.13033074775333417,0.14823315531518313,0.0037295814164589255,944.2744827395611,Laminar,False,True,False
4.756997051130359,9,1.0124845072878845,0.905174224020875,13.112360565590961,36.956969038993904,75.68394837977522,0.020888841938317027,6.000471987674882,10292.075123352648,Turbulent,True,False,False
3.9755920356618795,5,0.6139071473798647,3.659222314468957,5.069535736899324,36.969564855401224,28.589336613828205,0.020319449098024488,1.8943256491132,6948.157489995802,Turbulent,True,True,True
3.0423463287016066,30,0.5710293812636407,2.5274248209960497,31.63088143790922,48.20020055005689,1.924275686183169,0.04167037635571158,0.09757188448781882,1222.1547832150804,Laminar,True,True,True
0.9774640840823837,4,2.6170762328042936,3.1724084300669335,11.968304931217174,250.70307490870997,0.08774546440790776,0.4366839992544056,0.0014294673333309828,1576.103765108377,Laminar,False,True,False
1.6083679971897349,10,1.3133891891849208,3.7579345090260756,17.63389189184921,106.76807022346615,0.20410295650368132,0.15458895084794516,0.005471211056205493,1184.2625286035297,Laminar,False,True,False
1.0076222665956682,9,0.6176813351998168,2.4034788926632085,9.559132016798351,96.75176904965497,1.8737673260501404,0.1292220222050465,0.03146749466912578,1383.7746960858005,Laminar,False,True,False
1.3211850957516358,23,0.9481386008329189,1.6579435020275912,32.807187819157136,78.31412297521788,0.5924362908286508,0.09573622676094216,0.013045299960419915,823.0602598261493,Laminar,True,True,True
1.7627909706170333,8,2.591062081132974,2.233601475865085,24.228496649063793,133.38439335164927,0.16603201743197463,0.20860538352296418,0.004877995686040246,1705.405634821569,Laminar,False,True,False
1.5778911149351613,7,2.053680689338294,2.9580934980362903,17.37576482536806,138.84917178289857,0.15762228215864582,0.21857833947958927,0.004145179975565504,1679.4666822524716,Laminar,False,True,False
4.1052045866861615,21,1.3668502166035443,1.5099306628702458,38.70385454867443,43.66551510868183,1.6317621487009382,0.03382563283413212,0.11164529095379931,2537.4215511609973,Transitional,True,True,True
3.0564260198497686,15,1.3715890378634055,1.6483298423657657,27.573835567951082,50.04895204694282,1.4125904382739063,0.04538966861809059,0.0719579695155226,2519.4819355763957,Transitional,True,True,True
0.5760088404592845,24,0.6514856108013501,1.448050314088288,27.135654659232404,80.03805673307855,0.7439771128929916,0.08509320972404526,0.007142289902095638,426.85315323325807,Laminar,True,True,True
4.802962900454918,6,1.078436509485047,2.6887754568113893,8.970619056910282,39.37840522465065,11.490716417291413,0.025760665420898776,0.9198247441983152,7934.541238323441,Turbulent,True,True,True
2.9539602140547627,18,1.4073179195420302,3.2345246415862645,33.83172255175654,74.09074250459322,0.22389787717153845,0.09330993211983768,0.011023090352934079,1320.157134860563,Laminar,True,True,True
1.4566463329959862,7,2.9071432871048826,1.534192735266624,23.350003009734177,142.4755063740523,0.2931731471870817,0.22507189996016924,0.007117493163049253,1749.549943434756,Laminar,False,True,False
3.2298233363274362,19,0.6771829178288753,1.058944327139737,21.86647543874863,37.460818503801875,18.80766632409474,0.020466169349684496,1.0124239932570138,3656.1795196945673,Turbulent,True,True,True
2.948158386779881,13,1.904349763711283,3.123800752067956,30.756546928246678,84.48805780336441,0.17014930786509586,0.11409497574656086,0.008360451816454572,1684.1589858945215,Laminar,True,True,True
3.809539094763168,10,2.3122144945453345,3.2262321307880293,27.622144945453343,57.15052737311315,0.25363626542065726,0.06052359688115761,0.016103954482828687,2568.4336848866,Transitional,True,True,True
0.8267480906943092,15,1.1544462134303706,3.7244469635084454,24.316693201455557,88.07776018104303,0.09745156829923081,0.10874952501988377,0.0013427983004425858,421.83686343863985,Laminar,False,True,False
4.022956499087621,17,0.7688621183959744,1.3513614516056298,21.070656012731565,36.56291942350767,14.34862514222618,0.019548774710462187,0.9620649128148473,4167.721150259066,Turbulent,True,True,True
